Placemark_Name,Longitude,Latitude
0,-38.00002600000005,83.49997399999998
1,-37.50002600000005,83.49997399999998
2,-37.00002600000005,83.49997399999998
3,-36.50002600000005,83.49997399999998
4,-36.00002600000005,83.49997399999998
5,-35.50002600000005,83.49997399999998
6,-35.00002600000005,83.49997399999998
7,-34.50002600000005,83.49997399999998
8,-34.00002600000005,83.49997399999998
9,-33.50002600000005,83.49997399999998
10,-33.00002600000005,83.49997399999998
11,-32.50002600000005,83.49997399999998
12,-32.00002600000005,83.49997399999998
13,-31.50002600000005,83.49997399999998
14,-31.00002600000005,83.49997399999998
15,-30.50002600000005,83.49997399999998
16,-30.00002600000005,83.49997399999998
17,-29.50002600000005,83.49997399999998
18,-29.00002600000005,83.49997399999998
19,-28.50002600000005,83.49997399999998
20,-28.00002600000005,83.49997399999998
21,-73.00002600000005,82.99997399999998
22,-72.50002600000005,82.99997399999998
23,-72.00002600000005,82.99997399999998
24,-71.50002600000005,82.99997399999998
25,-71.00002600000005,83.49997399999998
26,-70.50002600000005,82.99997399999998
27,-70.00002600000005,82.99997399999998
28,-69.50002600000005,82.99997399999998
29,-69.00002600000005,82.99997399999998
30,-68.50002600000005,82.99997399999998
31,-68.00002600000005,82.99997399999998
32,-45.50002600000005,82.99997399999998
33,-45.00002600000005,82.99997399999998
34,-44.50002600000005,82.99997399999998
35,-44.00002600000005,82.99997399999998
36,-43.50002600000005,82.99997399999998
37,-43.00002600000005,82.99997399999998
38,-42.50002600000005,82.99997399999998
39,-42.00002600000005,82.99997399999998
40,-41.50002600000005,82.99997399999998
41,-41.00002600000005,82.99997399999998
42,-40.50002600000005,82.99997399999998
43,-40.00002600000005,82.99997399999998
44,-39.50002600000005,82.99997399999998
45,-39.00002600000005,82.99997399999998
46,-38.50002600000005,82.99997399999998
47,-38.00002600000005,82.99997399999998
48,-37.50002600000005,82.99997399999998
49,-37.00002600000005,82.99997399999998
50,-36.50002600000005,82.99997399999998
51,-36.00002600000005,82.99997399999998
52,-35.50002600000005,82.99997399999998
53,-35.00002600000005,82.99997399999998
54,-28.00002600000005,82.99997399999998
55,-85.50002600000005,82.49997399999998
56,-85.00002600000005,82.49997399999998
57,-84.50002600000005,82.49997399999998
58,-81.50002600000005,82.49997399999998
59,-81.00002600000005,82.49997399999998
60,-80.50002600000005,82.49997399999998
61,-80.00002600000005,82.49997399999998
62,-79.50002600000005,82.49997399999998
63,-79.00002600000005,82.49997399999998
64,-78.50002600000005,82.49997399999998
65,-78.00002600000005,82.49997399999998
66,-77.50002600000005,82.49997399999998
67,-77.00002600000005,82.49997399999998
68,-76.50002600000005,82.49997399999998
69,-76.00002600000005,82.99997399999998
70,-75.50002600000005,82.49997399999998
71,-75.00002600000005,82.49997399999998
72,-74.50002600000005,82.49997399999998
73,-74.00002600000005,82.49997399999998
74,-73.50002600000005,82.49997399999998
75,-73.00002600000005,82.49997399999998
76,-73.50002600000005,81.99997399999998
77,-68.00002600000005,82.99997399999998
78,-67.50002600000005,82.49997399999998
79,-67.00002600000005,82.49997399999998
80,-66.50002600000005,82.49997399999998
81,-66.00002600000005,82.49997399999998
82,-65.50002600000005,82.49997399999998
83,-65.00002600000005,82.49997399999998
84,-64.50002600000005,82.49997399999998
85,-64.00002600000005,82.49997399999998
86,-63.50002600000005,82.49997399999998
87,-63.00002600000005,82.49997399999998
88,-62.50002600000005,82.49997399999998
89,-62.00002600000005,82.49997399999998
90,-47.50002600000005,82.49997399999998
91,-47.00002600000005,82.49997399999998
92,-46.50002600000005,82.49997399999998
93,-46.00002600000005,82.49997399999998
94,-45.50002600000005,82.49997399999998
95,-45.00002600000005,82.49997399999998
96,-44.50002600000005,82.49997399999998
97,-44.00002600000005,82.49997399999998
98,-43.50002600000005,82.49997399999998
99,-43.00002600000005,82.49997399999998
100,-42.50002600000005,82.49997399999998
101,-42.00002600000005,73.49997399999998
102,-41.50002600000005,73.49997399999998
103,-41.00002600000005,72.99997399999998
104,-40.50002600000005,72.99997399999998
105,-40.00002600000005,82.99997399999998
106,-39.50002600000005,82.49997399999998
107,-39.00002600000005,82.49997399999998
108,-38.50002600000005,82.49997399999998
109,-27.50002600000005,82.49997399999998
110,-27.00002600000005,82.49997399999998
111,-26.50002600000005,82.49997399999998
112,-26.00002600000005,82.49997399999998
113,-25.50002600000005,82.49997399999998
114,-25.00002600000005,82.49997399999998
115,-24.50002600000005,82.49997399999998
116,-24.00002600000005,82.49997399999998
117,-23.50002600000005,82.49997399999998
118,-23.00002600000005,82.49997399999998
119,-88.50002600000005,81.99997399999998
120,-88.00002600000005,81.99997399999998
121,-87.50002600000005,81.99997399999998
122,-87.00002600000005,81.99997399999998
123,-86.50002600000005,81.99997399999998
124,-86.00002600000005,81.99997399999998
125,-85.00002600000005,82.49997399999998
126,-84.50002600000005,81.99997399999998
127,-83.50002600000005,81.99997399999998
128,-83.00002600000005,81.99997399999998
129,-83.50002600000005,81.49997399999998
130,-82.00002600000005,81.49997399999998
131,-81.50002600000005,82.49997399999998
132,-81.00002600000005,81.99997399999998
133,-80.50002600000005,81.99997399999998
134,-80.00002600000005,81.99997399999998
135,-64.50002600000005,81.99997399999998
136,-62.00002600000005,81.99997399999998
137,-61.50002600000005,81.99997399999998
138,-61.00002600000005,81.99997399999998
139,-60.50002600000005,81.99997399999998
140,-60.00002600000005,81.99997399999998
141,-59.50002600000005,81.99997399999998
142,-59.00002600000005,81.99997399999998
143,-58.50002600000005,81.99997399999998
144,-58.00002600000005,81.99997399999998
145,-57.50002600000005,81.99997399999998
146,-57.00002600000005,81.99997399999998
147,-56.50002600000005,81.99997399999998
148,-56.00002600000005,81.99997399999998
149,-55.50002600000005,81.99997399999998
150,-55.00002600000005,82.49997399999998
151,-54.50002600000005,81.99997399999998
152,-54.00002600000005,81.99997399999998
153,-53.50002600000005,81.99997399999998
154,-53.00002600000005,81.99997399999998
155,-52.50002600000005,81.99997399999998
156,-52.00002600000005,81.99997399999998
157,-51.50002600000005,81.99997399999998
158,-50.50002600000005,81.99997399999998
159,-50.00002600000005,81.99997399999998
160,-49.50002600000005,81.99997399999998
161,-49.00002600000005,81.99997399999998
162,-48.50002600000005,81.99997399999998
163,-48.00002600000005,81.99997399999998
164,-47.50002600000005,81.99997399999998
165,-47.00002600000005,81.99997399999998
166,-46.50002600000005,81.99997399999998
167,-46.00002600000005,81.99997399999998
168,-45.50002600000005,81.99997399999998
169,-45.00002600000005,81.99997399999998
170,-44.50002600000005,81.99997399999998
171,-44.00002600000005,81.99997399999998
172,-42.50002600000005,74.49997399999998
173,-29.50002600000005,82.49997399999998
174,-29.00002600000005,81.49997399999998
175,-28.50002600000005,81.49997399999998
176,-28.00002600000005,81.49997399999998
177,-27.50002600000005,81.49997399999998
178,-27.00002600000005,81.99997399999998
179,-26.50002600000005,81.99997399999998
180,-26.00002600000005,81.99997399999998
181,-25.50002600000005,81.99997399999998
182,-25.00002600000005,81.99997399999998
183,-24.50002600000005,81.99997399999998
184,-24.00002600000005,81.99997399999998
185,-23.50002600000005,81.49997399999998
186,-23.00002600000005,81.49997399999998
187,-91.50002600000005,81.49997399999998
188,-91.00002600000005,81.49997399999998
189,-90.50002600000005,81.49997399999998
190,-90.00002600000005,81.49997399999998
191,-89.50002600000005,81.49997399999998
192,-89.00002600000005,81.49997399999998
193,-88.50002600000005,81.49997399999998
194,-80.00002600000005,81.49997399999998
195,-79.50002600000005,81.49997399999998
196,-70.00002600000005,82.49997399999998
197,-67.50002600000005,81.49997399999998
198,-67.00002600000005,81.49997399999998
199,-66.50002600000005,81.99997399999998
200,-66.00002600000005,81.49997399999998
201,-65.50002600000005,81.49997399999998
202,-65.00002600000005,81.49997399999998
203,-65.00002600000005,81.99997399999998
204,-64.00002600000005,81.49997399999998
205,-63.50002600000005,81.49997399999998
206,-63.00002600000005,81.49997399999998
207,-62.50002600000005,81.49997399999998
208,-61.50002600000005,81.49997399999998
209,-61.00002600000005,81.49997399999998
210,-60.50002600000005,81.49997399999998
211,-60.00002600000005,80.99997399999998
212,-59.50002600000005,81.99997399999998
213,-59.00002600000005,81.49997399999998
214,-58.50002600000005,81.49997399999998
215,-58.00002600000005,81.49997399999998
216,-57.50002600000005,81.49997399999998
217,-57.00002600000005,81.49997399999998
218,-53.50002600000005,81.99997399999998
219,-53.00002600000005,81.49997399999998
220,-52.00002600000005,77.49997399999998
221,-51.50002600000005,77.49997399999998
222,-51.00002600000005,77.49997399999998
223,-50.50002600000005,77.49997399999998
224,-50.00002600000005,77.49997399999998
225,-47.50002600000005,76.99997399999998
226,-45.50002600000005,76.49997399999998
227,-45.00002600000005,76.49997399999998
228,-44.50002600000005,75.99997399999998
229,-44.00002600000005,75.49997399999998
230,-43.50002600000005,74.49997399999998
231,-43.00002600000005,74.49997399999998
232,-35.00002600000005,76.49997399999998
233,-32.00002600000005,81.49997399999998
234,-31.50002600000005,80.99997399999998
235,-31.00002600000005,81.49997399999998
236,-30.50002600000005,81.99997399999998
237,-30.00002600000005,81.49997399999998
238,-29.50002600000005,81.49997399999998
239,-27.00002600000005,81.49997399999998
240,-26.00002600000005,81.49997399999998
241,-30.00002600000005,79.99997399999998
242,-25.00002600000005,81.49997399999998
243,-24.50002600000005,81.49997399999998
244,-24.00002600000005,81.49997399999998
245,-22.50002600000005,81.49997399999998
246,-22.00002600000005,81.49997399999998
247,-20.50002600000005,81.49997399999998
248,-20.00002600000005,81.49997399999998
249,-19.50002600000005,81.49997399999998
250,-19.00002600000005,81.49997399999998
251,-18.50002600000005,81.49997399999998
252,-20.00002600000005,80.99997399999998
253,-17.50002600000005,81.99997399999998
254,-17.00002600000005,81.49997399999998
255,-16.50002600000005,81.49997399999998
256,-16.00002600000005,81.49997399999998
257,-15.50002600000005,81.49997399999998
258,-15.00002600000005,81.49997399999998
259,-14.50002600000005,81.49997399999998
260,-14.00002600000005,81.49997399999998
261,-13.50002600000005,81.49997399999998
262,-13.00002600000005,81.49997399999998
263,-95.50002600000005,80.99997399999998
264,-95.00002600000005,80.99997399999998
265,-94.50002600000005,80.99997399999998
266,-94.00002600000005,80.99997399999998
267,-93.50002600000005,80.99997399999998
268,-93.00002600000005,80.99997399999998
269,-92.50002600000005,80.99997399999998
270,-92.00002600000005,80.99997399999998
271,-91.50002600000005,80.99997399999998
272,-90.00002600000005,80.99997399999998
273,-89.50002600000005,80.99997399999998
274,-89.00002600000005,80.99997399999998
275,-87.00002600000005,80.99997399999998
276,-86.50002600000005,80.99997399999998
277,-86.00002600000005,80.99997399999998
278,-85.50002600000005,80.99997399999998
279,-85.00002600000005,80.99997399999998
280,-81.00002600000005,80.99997399999998
281,-80.50002600000005,80.99997399999998
282,-78.50002600000005,80.99997399999998
283,-78.00002600000005,80.99997399999998
284,-77.50002600000005,80.99997399999998
285,-75.50002600000005,81.49997399999998
286,-70.00002600000005,80.99997399999998
287,-69.00002600000005,80.99997399999998
288,-68.50002600000005,80.99997399999998
289,-68.00002600000005,80.99997399999998
290,-67.50002600000005,80.99997399999998
291,-67.00002600000005,80.99997399999998
292,-66.50002600000005,80.99997399999998
293,-66.00002600000005,80.99997399999998
294,-65.50002600000005,80.99997399999998
295,-65.00002600000005,80.99997399999998
296,-64.50002600000005,80.99997399999998
297,-64.00002600000005,80.99997399999998
298,-63.50002600000005,80.99997399999998
299,-63.00002600000005,81.49997399999998
300,-62.50002600000005,80.99997399999998
301,-62.00002600000005,80.99997399999998
302,-61.50002600000005,80.99997399999998
303,-61.00002600000005,81.49997399999998
304,-60.50002600000005,80.99997399999998
305,-57.00002600000005,80.99997399999998
306,-54.50002600000005,81.49997399999998
307,-24.50002600000005,80.99997399999998
308,-22.50002600000005,80.99997399999998
309,-22.00002600000005,80.99997399999998
310,-20.50002600000005,80.99997399999998
311,-16.50002600000005,80.99997399999998
312,-16.00002600000005,80.99997399999998
313,-15.50002600000005,80.99997399999998
314,-15.00002600000005,80.99997399999998
315,-14.50002600000005,80.99997399999998
316,-14.00002600000005,80.99997399999998
317,-13.50002600000005,80.99997399999998
318,-13.00002600000005,80.99997399999998
319,-96.00002600000005,80.49997399999998
320,-95.50002600000005,80.49997399999998
321,-95.00002600000005,80.49997399999998
322,-94.50002600000005,80.49997399999998
323,-92.50002600000005,80.49997399999998
324,-92.00002600000005,80.49997399999998
325,-90.50002600000005,80.49997399999998
326,-90.50002600000005,80.49997399999998
327,-89.50002600000005,80.49997399999998
328,-89.00002600000005,80.49997399999998
329,-88.50002600000005,80.49997399999998
330,-88.00002600000005,80.49997399999998
331,-87.50002600000005,80.49997399999998
332,-87.00002600000005,80.49997399999998
333,-86.50002600000005,80.49997399999998
334,-86.00002600000005,80.49997399999998
335,-85.50002600000005,80.49997399999998
336,-84.00002600000005,80.49997399999998
337,-83.00002600000005,80.49997399999998
338,-82.50002600000005,80.49997399999998
339,-82.00002600000005,80.49997399999998
340,-81.50002600000005,80.49997399999998
341,-80.50002600000005,80.49997399999998
342,-80.00002600000005,80.49997399999998
343,-79.50002600000005,80.49997399999998
344,-79.00002600000005,80.49997399999998
345,-78.50002600000005,80.49997399999998
346,-78.00002600000005,80.49997399999998
347,-77.50002600000005,80.99997399999998
348,-77.00002600000005,80.49997399999998
349,-75.50002600000005,80.49997399999998
350,-69.50002600000005,80.49997399999998
351,-68.00002600000005,80.49997399999998
352,-67.50002600000005,80.49997399999998
353,-67.00002600000005,80.49997399999998
354,-66.50002600000005,80.49997399999998
355,-66.00002600000005,80.49997399999998
356,-65.50002600000005,80.49997399999998
357,-65.00002600000005,80.49997399999998
358,-64.50002600000005,80.49997399999998
359,-25.00002600000005,81.49997399999998
360,-23.50002600000005,80.49997399999998
361,-23.00002600000005,80.49997399999998
362,-22.50002600000005,80.49997399999998
363,-22.00002600000005,80.49997399999998
364,-21.50002600000005,80.49997399999998
365,-21.00002600000005,80.49997399999998
366,-20.50002600000005,80.49997399999998
367,-19.50002600000005,80.49997399999998
368,-19.00002600000005,80.49997399999998
369,-18.50002600000005,80.49997399999998
370,-18.00002600000005,80.49997399999998
371,-17.50002600000005,80.49997399999998
372,-17.00002600000005,80.49997399999998
373,-99.00002600000003,79.99997399999998
374,-98.50002600000005,79.99997399999998
375,-98.00002600000005,79.99997399999998
376,-95.00002600000005,79.99997399999998
377,-94.50002600000005,79.99997399999998
378,-94.00002600000005,79.99997399999998
379,-90.00002600000005,79.49997399999998
380,-88.50002600000005,79.99997399999998
381,-88.00002600000005,79.99997399999998
382,-88.00002600000005,79.99997399999998
383,-87.00002600000005,79.99997399999998
384,-86.50002600000005,79.99997399999998
385,-86.00002600000005,79.99997399999998
386,-85.50002600000005,79.99997399999998
387,-85.00002600000005,79.99997399999998
388,-84.50002600000005,79.99997399999998
389,-84.00002600000005,79.99997399999998
390,-83.50002600000005,79.99997399999998
391,-83.00002600000005,79.99997399999998
392,-82.50002600000005,79.99997399999998
393,-82.00002600000005,79.99997399999998
394,-81.50002600000005,79.99997399999998
395,-81.00002600000005,79.99997399999998
396,-73.00002600000005,80.99997399999998
397,-71.00002600000005,79.99997399999998
398,-70.50002600000005,79.99997399999998
399,-70.50002600000005,80.49997399999998
400,-69.50002600000005,79.99997399999998
401,-69.00002600000005,79.99997399999998
402,-67.50002600000005,79.99997399999998
403,-67.00002600000005,79.99997399999998
404,-66.50002600000005,79.99997399999998
405,-66.00002600000005,79.99997399999998
406,-65.50002600000005,79.99997399999998
407,-24.00002600000005,79.99997399999998
408,-19.50002600000005,79.99997399999998
409,-19.00002600000005,79.99997399999998
410,-18.50002600000005,79.99997399999998
411,-18.00002600000005,79.99997399999998
412,-17.50002600000005,79.99997399999998
413,-17.00002600000005,79.99997399999998
414,-99.00002600000003,79.49997399999998
415,-98.50002600000005,79.49997399999998
416,-98.00002600000005,79.49997399999998
417,-97.50002600000005,79.49997399999998
418,-94.50002600000005,79.49997399999998
419,-88.00002600000005,79.49997399999998
420,-86.50002600000005,79.49997399999998
421,-86.00002600000005,79.49997399999998
422,-85.50002600000005,79.49997399999998
423,-85.00002600000005,79.49997399999998
424,-83.00002600000005,79.49997399999998
425,-82.00002600000005,78.99997399999998
426,-81.00002600000005,79.49997399999998
427,-80.50002600000005,79.49997399999998
428,-76.00002600000005,79.49997399999998
429,-74.00002600000005,79.49997399999998
430,-73.50002600000005,79.49997399999998
431,-73.00002600000005,79.49997399999998
432,-72.50002600000005,79.49997399999998
433,-72.00002600000005,79.49997399999998
434,-71.50002600000005,79.49997399999998
435,-71.00002600000005,79.49997399999998
436,-65.00002600000005,79.49997399999998
437,-63.00002600000005,79.49997399999998
438,-30.50002600000005,80.49997399999998
439,-19.50002600000005,79.49997399999998
440,-19.00002600000005,79.49997399999998
441,11.49997399999995,79.49997399999998
442,11.99997399999995,79.49997399999998
443,12.49997399999995,79.49997399999998
444,12.99997399999995,79.49997399999998
445,13.49997399999995,79.49997399999998
446,13.99997399999995,79.99997399999998
447,14.49997399999995,79.49997399999998
448,14.99997399999995,79.49997399999998
449,15.49997399999995,79.49997399999998
450,15.99997399999995,79.49997399999998
451,16.49997399999995,79.49997399999998
452,16.99997399999995,79.49997399999998
453,17.49997399999995,79.49997399999998
454,17.99997399999995,79.49997399999998
455,17.99997399999995,79.49997399999998
456,18.99997399999995,79.49997399999998
457,21.49997399999995,79.49997399999998
458,21.99997399999995,79.49997399999998
459,22.49997399999995,79.49997399999998
460,22.99997399999995,79.49997399999998
461,23.49997399999995,79.49997399999998
462,23.99997399999995,79.49997399999998
463,24.49997399999995,79.49997399999998
464,24.99997399999995,79.49997399999998
465,25.49997399999995,79.49997399999998
466,25.99997399999995,79.49997399999998
467,-106.000026,78.99997399999998
468,-105.500026,78.99997399999998
469,-105.000026,78.99997399999998
470,-104.500026,78.99997399999998
471,-104.000026,78.99997399999998
472,-103.500026,78.99997399999998
473,-103.000026,78.99997399999998
474,-102.500026,78.99997399999998
475,-102.000026,78.99997399999998
476,-101.500026,78.99997399999998
477,-94.00002600000005,78.99997399999998
478,-93.50002600000005,78.99997399999998
479,-93.00002600000005,78.99997399999998
480,-92.50002600000005,78.99997399999998
481,-92.00002600000005,78.99997399999998
482,-90.50002600000005,79.99997399999998
483,-86.50002600000005,78.99997399999998
484,-86.00002600000005,78.99997399999998
485,-85.50002600000005,78.99997399999998
486,-85.00002600000005,78.99997399999998
487,-84.50002600000005,78.99997399999998
488,-84.00002600000005,78.99997399999998
489,-83.50002600000005,78.99997399999998
490,-79.50002600000005,78.99997399999998
491,-77.50002600000005,78.99997399999998
492,-77.00002600000005,79.49997399999998
493,-76.50002600000005,78.99997399999998
494,-76.00002600000005,78.99997399999998
495,-75.50002600000005,78.99997399999998
496,-75.00002600000005,78.99997399999998
497,-74.50002600000005,78.99997399999998
498,-74.00002600000005,78.99997399999998
499,-68.50002600000005,78.99997399999998
500,-68.00002600000005,78.99997399999998
501,-67.50002600000005,78.99997399999998
502,-67.00002600000005,78.99997399999998
503,-66.50002600000005,78.99997399999998
504,-66.00002600000005,79.49997399999998
505,-65.50002600000005,78.99997399999998
506,-64.50002600000005,79.49997399999998
507,-23.00002600000005,78.49997399999998
508,-20.00002600000005,78.99997399999998
509,-19.50002600000005,78.99997399999998
510,-19.00002600000005,78.99997399999998
511,11.49997399999995,78.99997399999998
512,11.99997399999995,78.99997399999998
513,12.49997399999995,78.99997399999998
514,12.99997399999995,78.99997399999998
515,13.49997399999995,78.99997399999998
516,15.49997399999995,78.99997399999998
517,18.49997399999995,78.99997399999998
518,21.49997399999995,78.99997399999998
519,21.99997399999995,78.99997399999998
520,22.49997399999995,78.99997399999998
521,22.99997399999995,78.99997399999998
522,23.49997399999995,78.99997399999998
523,23.99997399999995,78.99997399999998
524,24.49997399999995,78.99997399999998
525,24.99997399999995,78.99997399999998
526,25.49997399999995,78.99997399999998
527,25.99997399999995,78.99997399999998
528,94.99997399999995,78.99997399999998
529,95.49997399999995,78.99997399999998
530,95.99997399999995,78.99997399999998
531,96.49997399999995,78.99997399999998
532,96.99997399999995,78.99997399999998
533,97.49997399999995,78.99997399999998
534,97.99997399999995,78.99997399999998
535,98.49997399999995,78.99997399999998
536,98.99997399999995,78.99997399999998
537,99.49997399999995,78.99997399999998
538,99.99997399999995,78.99997399999998
539,101.499974,78.99997399999998
540,101.999974,78.99997399999998
541,102.499974,78.99997399999998
542,102.499974,78.49997399999998
543,103.499974,78.49997399999998
544,103.999974,78.99997399999998
545,103.999974,78.99997399999998
546,-111.000026,78.49997399999998
547,-110.500026,78.49997399999998
548,-110.000026,78.49997399999998
549,-109.500026,78.49997399999998
550,-109.000026,78.49997399999998
551,-105.000026,78.49997399999998
552,-104.500026,78.49997399999998
553,-104.000026,78.49997399999998
554,-103.500026,78.49997399999998
555,-102.000026,78.49997399999998
556,-100.500026,78.49997399999998
557,-100.000026,78.49997399999998
558,-99.50002600000003,78.49997399999998
559,-98.00002600000005,78.49997399999998
560,-97.50002600000005,78.49997399999998
561,-97.00002600000005,78.49997399999998
562,-96.50002600000005,78.49997399999998
563,-96.00002600000005,78.49997399999998
564,-93.50002600000005,78.49997399999998
565,-93.00002600000005,78.49997399999998
566,-88.00002600000005,78.99997399999998
567,-87.50002600000005,78.49997399999998
568,-87.00002600000005,78.49997399999998
569,-86.50002600000005,78.49997399999998
570,-86.00002600000005,78.49997399999998
571,-85.50002600000005,78.49997399999998
572,-85.00002600000005,78.49997399999998
573,-84.50002600000005,78.49997399999998
574,-84.00002600000005,78.49997399999998
575,-83.50002600000005,78.49997399999998
576,-83.00002600000005,78.49997399999998
577,-82.50002600000005,77.99997399999998
578,-82.00002600000005,78.49997399999998
579,-81.50002600000005,78.49997399999998
580,-80.00002600000005,78.49997399999998
581,-77.50002600000005,78.49997399999998
582,-76.50002600000005,78.49997399999998
583,-75.00002600000005,78.49997399999998
584,-74.50002600000005,78.49997399999998
585,-74.00002600000005,78.49997399999998
586,-72.00002600000005,78.49997399999998
587,-71.50002600000005,78.49997399999998
588,-71.00002600000005,78.49997399999998
589,-70.50002600000005,78.99997399999998
590,-70.00002600000005,78.49997399999998
591,-69.50002600000005,78.49997399999998
592,-69.00002600000005,78.49997399999998
593,-68.50002600000005,77.99997399999998
594,-22.50002600000005,78.49997399999998
595,13.49997399999995,78.49997399999998
596,13.99997399999995,78.49997399999998
597,15.49997399999995,78.49997399999998
598,16.49997399999995,78.49997399999998
599,18.99997399999995,78.49997399999998
600,21.49997399999995,78.49997399999998
601,21.99997399999995,78.49997399999998
602,96.99997399999995,78.49997399999998
603,97.49997399999995,78.49997399999998
604,97.99997399999995,78.49997399999998
605,98.49997399999995,78.49997399999998
606,98.99997399999995,78.49997399999998
607,99.49997399999995,78.49997399999998
608,99.99997399999995,78.49997399999998
609,100.499974,78.49997399999998
610,100.999974,78.49997399999998
611,104.499974,78.49997399999998
612,105.499974,78.49997399999998
613,-115.000026,77.99997399999998
614,-114.500026,77.99997399999998
615,-113.500026,77.99997399999998
616,-113.000026,77.99997399999998
617,-112.500026,77.99997399999998
618,-112.000026,77.99997399999998
619,-111.500026,77.99997399999998
620,-111.000026,77.99997399999998
621,-110.500026,77.99997399999998
622,-110.000026,77.99997399999998
623,-109.500026,77.99997399999998
624,-109.000026,77.99997399999998
625,-105.000026,77.99997399999998
626,-104.500026,77.99997399999998
627,-104.000026,77.99997399999998
628,-103.500026,77.99997399999998
629,-103.000026,77.99997399999998
630,-102.500026,77.99997399999998
631,-102.000026,77.99997399999998
632,-101.500026,77.99997399999998
633,-101.000026,77.99997399999998
634,-100.500026,77.99997399999998
635,-100.000026,77.99997399999998
636,-99.00002600000003,77.99997399999998
637,-98.00002600000005,77.99997399999998
638,-97.50002600000005,77.99997399999998
639,-97.00002600000005,77.99997399999998
640,-96.50002600000005,77.99997399999998
641,-96.00002600000005,77.99997399999998
642,-95.50002600000005,77.99997399999998
643,-95.00002600000005,77.99997399999998
644,-94.50002600000005,77.99997399999998
645,-93.00002600000005,77.99997399999998
646,-92.50002600000005,77.99997399999998
647,-92.00002600000005,77.99997399999998
648,-91.50002600000005,77.99997399999998
649,-91.00002600000005,77.99997399999998
650,-90.50002600000005,77.99997399999998
651,-90.50002600000005,78.49997399999998
652,-90.00002600000005,78.49997399999998
653,-89.00002600000005,77.99997399999998
654,-88.50002600000005,77.99997399999998
655,-88.50002600000005,78.49997399999998
656,-87.50002600000005,77.99997399999998
657,-87.00002600000005,77.99997399999998
658,-86.50002600000005,77.99997399999998
659,-86.00002600000005,77.99997399999998
660,-85.50002600000005,77.99997399999998
661,-85.00002600000005,77.99997399999998
662,-84.50002600000005,77.99997399999998
663,-77.00002600000005,78.99997399999998
664,-76.00002600000005,77.99997399999998
665,-75.50002600000005,77.99997399999998
666,-75.00002600000005,77.99997399999998
667,-72.50002600000005,77.99997399999998
668,-72.00002600000005,77.99997399999998
669,-21.00002600000005,77.99997399999998
670,13.49997399999995,77.99997399999998
671,13.99997399999995,77.99997399999998
672,14.49997399999995,77.99997399999998
673,14.99997399999995,77.99997399999998
674,15.49997399999995,77.99997399999998
675,17.49997399999995,78.99997399999998
676,18.49997399999995,77.99997399999998
677,18.49997399999995,78.49997399999998
678,21.49997399999995,77.99997399999998
679,21.99997399999995,77.99997399999998
680,99.49997399999995,77.99997399999998
681,99.99997399999995,77.99997399999998
682,100.999974,77.99997399999998
683,101.499974,77.99997399999998
684,101.999974,77.99997399999998
685,102.499974,77.99997399999998
686,102.999974,77.99997399999998
687,103.499974,77.99997399999998
688,103.999974,77.99997399999998
689,104.499974,77.99997399999998
690,104.999974,77.99997399999998
691,105.499974,77.99997399999998
692,106.499974,77.99997399999998
693,106.999974,77.99997399999998
694,107.499974,77.99997399999998
695,107.999974,77.99997399999998
696,-117.000026,77.49997399999998
697,-116.500026,77.49997399999998
698,-115.500026,77.49997399999998
699,-115.000026,77.49997399999998
700,-114.500026,77.49997399999998
701,-114.000026,77.49997399999998
702,-113.500026,77.49997399999998
703,-113.000026,77.49997399999998
704,-112.500026,77.49997399999998
705,-111.500026,77.49997399999998
706,-110.000026,77.49997399999998
707,-109.500026,77.49997399999998
708,-105.500026,77.49997399999998
709,-105.000026,77.49997399999998
710,-104.500026,77.49997399999998
711,-102.000026,77.49997399999998
712,-101.500026,77.49997399999998
713,-101.000026,77.49997399999998
714,-100.500026,77.49997399999998
715,-100.000026,77.49997399999998
716,-99.50002600000003,77.49997399999998
717,-99.00002600000003,77.49997399999998
718,-98.50002600000005,77.49997399999998
719,-97.50002600000005,77.49997399999998
720,-97.00002600000005,77.49997399999998
721,-96.50002600000005,77.49997399999998
722,-96.00002600000005,77.49997399999998
723,-95.50002600000005,77.49997399999998
724,-95.00002600000005,77.49997399999998
725,-94.50002600000005,77.49997399999998
726,-94.00002600000005,77.49997399999998
727,-93.50002600000005,77.49997399999998
728,-93.00002600000005,77.49997399999998
729,-92.50002600000005,77.49997399999998
730,-90.50002600000005,77.49997399999998
731,-90.00002600000005,77.49997399999998
732,-89.50002600000005,77.49997399999998
733,-88.00002600000005,77.49997399999998
734,-87.50002600000005,77.49997399999998
735,-87.00002600000005,77.49997399999998
736,-86.50002600000005,77.49997399999998
737,-86.00002600000005,77.49997399999998
738,-85.50002600000005,76.99997399999998
739,-85.00002600000005,77.49997399999998
740,-84.50002600000005,77.49997399999998
741,-84.00002600000005,77.49997399999998
742,-83.50002600000005,77.49997399999998
743,-83.00002600000005,77.49997399999998
744,-82.50002600000005,77.49997399999998
745,-81.50002600000005,77.49997399999998
746,-78.50002600000005,78.49997399999998
747,-77.50002600000005,77.49997399999998
748,-77.00002600000005,77.49997399999998
749,-76.50002600000005,77.49997399999998
750,-71.50002600000005,77.49997399999998
751,-71.00002600000005,77.49997399999998
752,-70.50002600000005,77.49997399999998
753,-70.00002600000005,77.49997399999998
754,-69.50002600000005,77.49997399999998
755,-69.00002600000005,77.49997399999998
756,-68.50002600000005,77.49997399999998
757,-68.00002600000005,77.49997399999998
758,-67.50002600000005,77.49997399999998
759,-67.00002600000005,77.49997399999998
760,-66.50002600000005,77.49997399999998
761,-63.00002600000005,78.49997399999998
762,-26.50002600000005,76.49997399999998
763,-21.00002600000005,77.49997399999998
764,-20.50002600000005,77.49997399999998
765,-20.00002600000005,77.49997399999998
766,15.49997399999995,77.49997399999998
767,15.99997399999995,77.49997399999998
768,17.99997399999995,77.49997399999998
769,91.99997399999995,77.49997399999998
770,92.49997399999995,77.49997399999998
771,99.49997399999995,77.49997399999998
772,99.99997399999995,77.49997399999998
773,100.499974,77.49997399999998
774,102.999974,77.49997399999998
775,103.499974,77.49997399999998
776,103.999974,76.99997399999998
777,104.499974,77.49997399999998
778,104.999974,77.49997399999998
779,105.499974,77.49997399999998
780,-120.500026,76.99997399999998
781,-120.000026,76.99997399999998
782,-119.500026,76.99997399999998
783,-119.000026,76.99997399999998
784,-118.500026,76.99997399999998
785,-118.000026,76.99997399999998
786,-117.500026,76.99997399999998
787,-117.000026,76.99997399999998
788,-116.500026,76.99997399999998
789,-116.000026,76.99997399999998
790,-115.500026,76.99997399999998
791,-114.000026,76.99997399999998
792,-113.500026,76.99997399999998
793,-113.000026,76.99997399999998
794,-112.500026,76.99997399999998
795,-112.000026,76.99997399999998
796,-111.500026,76.99997399999998
797,-111.000026,76.99997399999998
798,-110.500026,76.99997399999998
799,-105.000026,76.99997399999998
800,-104.500026,76.99997399999998
801,-104.000026,76.99997399999998
802,-96.00002600000005,76.99997399999998
803,-95.50002600000005,76.99997399999998
804,-95.00002600000005,76.99997399999998
805,-94.00002600000005,76.99997399999998
806,-93.50002600000005,76.99997399999998
807,-93.00002600000005,76.99997399999998
808,-92.50002600000005,76.99997399999998
809,-91.00002600000005,76.99997399999998
810,-90.50002600000005,76.99997399999998
811,-90.00002600000005,76.99997399999998
812,-89.50002600000005,76.99997399999998
813,-88.00002600000005,76.99997399999998
814,-87.50002600000005,76.99997399999998
815,-87.00002600000005,76.99997399999998
816,-85.00002600000005,76.99997399999998
817,-84.50002600000005,76.99997399999998
818,-84.00002600000005,76.99997399999998
819,-82.50002600000005,76.99997399999998
820,-81.00002600000005,76.99997399999998
821,-80.50002600000005,76.99997399999998
822,-80.00002600000005,76.99997399999998
823,-79.50002600000005,76.99997399999998
824,-79.00002600000005,76.99997399999998
825,-78.50002600000005,76.99997399999998
826,-78.00002600000005,76.99997399999998
827,-72.00002600000005,76.99997399999998
828,-71.50002600000005,76.99997399999998
829,-71.00002600000005,76.99997399999998
830,-70.50002600000005,76.99997399999998
831,-70.00002600000005,76.99997399999998
832,-69.50002600000005,76.99997399999998
833,-69.00002600000005,76.99997399999998
834,-68.50002600000005,76.99997399999998
835,-68.00002600000005,76.99997399999998
836,-67.50002600000005,76.99997399999998
837,-67.00002600000005,76.99997399999998
838,-66.50002600000005,76.99997399999998
839,-65.50002600000005,76.99997399999998
840,-22.00002600000005,76.99997399999998
841,15.49997399999995,76.99997399999998
842,15.99997399999995,76.99997399999998
843,16.49997399999995,76.99997399999998
844,16.99997399999995,76.99997399999998
845,17.49997399999995,76.99997399999998
846,17.99997399999995,76.99997399999998
847,88.99997399999995,76.99997399999998
848,89.49997399999995,76.99997399999998
849,89.99997399999995,76.99997399999998
850,96.49997399999995,76.99997399999998
851,101.499974,76.99997399999998
852,101.999974,76.99997399999998
853,102.499974,76.99997399999998
854,103.999974,76.49997399999998
855,104.999974,76.49997399999998
856,105.499974,76.99997399999998
857,105.499974,76.99997399999998
858,106.499974,76.99997399999998
859,106.999974,76.99997399999998
860,107.499974,76.99997399999998
861,107.999974,76.99997399999998
862,-122.000026,76.49997399999998
863,-121.500026,76.49997399999998
864,-121.000026,76.49997399999998
865,-120.500026,76.49997399999998
866,-120.000026,76.49997399999998
867,-118.500026,76.49997399999998
868,-118.000026,76.49997399999998
869,-117.500026,76.49997399999998
870,-117.000026,76.49997399999998
871,-116.500026,76.49997399999998
872,-116.000026,76.49997399999998
873,-115.000026,76.49997399999998
874,-114.500026,76.49997399999998
875,-114.000026,76.49997399999998
876,-110.000026,76.49997399999998
877,-109.500026,76.49997399999998
878,-109.000026,76.49997399999998
879,-108.500026,76.49997399999998
880,-104.000026,76.49997399999998
881,-103.500026,76.49997399999998
882,-103.000026,76.49997399999998
883,-101.500026,76.49997399999998
884,-101.000026,76.49997399999998
885,-100.500026,76.49997399999998
886,-100.000026,76.49997399999998
887,-99.50002600000003,76.49997399999998
888,-99.00002600000003,76.49997399999998
889,-98.50002600000005,76.49997399999998
890,-96.50002600000005,76.49997399999998
891,-96.00002600000005,76.49997399999998
892,-95.50002600000005,76.49997399999998
893,-95.00002600000005,76.49997399999998
894,-94.50002600000005,76.49997399999998
895,-94.00002600000005,76.49997399999998
896,-93.50002600000005,76.49997399999998
897,-93.00002600000005,76.49997399999998
898,-92.50002600000005,76.49997399999998
899,-92.00002600000005,76.49997399999998
900,-91.50002600000005,76.49997399999998
901,-91.00002600000005,76.49997399999998
902,-90.50002600000005,76.49997399999998
903,-90.00002600000005,76.49997399999998
904,-89.50002600000005,76.49997399999998
905,-89.00002600000005,76.49997399999998
906,-88.50002600000005,76.49997399999998
907,-81.50002600000005,76.49997399999998
908,-80.00002600000005,76.49997399999998
909,-78.50002600000005,76.49997399999998
910,-78.00002600000005,76.49997399999998
911,-77.50002600000005,76.49997399999998
912,-70.50002600000005,76.49997399999998
913,-70.00002600000005,76.49997399999998
914,-69.50002600000005,76.49997399999998
915,-69.00002600000005,76.49997399999998
916,-68.50002600000005,76.49997399999998
917,-68.00002600000005,76.49997399999998
918,-23.00002600000005,75.99997399999998
919,-21.50002600000005,76.49997399999998
920,-21.00002600000005,76.49997399999998
921,-20.50002600000005,76.49997399999998
922,-20.00002600000005,76.49997399999998
923,65.99997399999995,76.49997399999998
924,66.49997399999995,76.49997399999998
925,66.99997399999995,76.49997399999998
926,67.49997399999995,76.49997399999998
927,67.99997399999995,76.49997399999998
928,68.49997399999995,76.49997399999998
929,68.99997399999995,76.49997399999998
930,69.49997399999995,76.49997399999998
931,95.49997399999995,76.49997399999998
932,95.99997399999995,76.49997399999998
933,96.49997399999995,76.49997399999998
934,97.49997399999995,76.49997399999998
935,100.999974,76.49997399999998
936,101.499974,76.49997399999998
937,106.999974,76.49997399999998
938,107.499974,76.99997399999998
939,107.999974,76.49997399999998
940,108.499974,75.99997399999998
941,108.999974,76.49997399999998
942,109.499974,76.49997399999998
943,109.499974,76.49997399999998
944,110.499974,76.49997399999998
945,109.999974,75.99997399999998
946,111.499974,76.49997399999998
947,111.999974,76.49997399999998
948,111.999974,76.49997399999998
949,148.999974,76.49997399999998
950,149.499974,76.49997399999998
951,156.999974,76.49997399999998
952,-123.500026,75.99997399999998
953,-123.000026,75.99997399999998
954,-122.500026,75.99997399999998
955,-122.000026,75.99997399999998
956,-121.500026,75.99997399999998
957,-121.000026,75.99997399999998
958,-120.500026,75.99997399999998
959,-119.500026,75.99997399999998
960,-119.000026,75.99997399999998
961,-118.000026,75.99997399999998
962,-117.500026,75.99997399999998
963,-116.500026,75.99997399999998
964,-116.000026,75.99997399999998
965,-115.500026,75.99997399999998
966,-115.000026,75.99997399999998
967,-114.500026,75.99997399999998
968,-114.000026,75.99997399999998
969,-113.500026,75.99997399999998
970,-113.000026,75.99997399999998
971,-112.500026,75.99997399999998
972,-110.500026,75.99997399999998
973,-110.000026,75.99997399999998
974,-109.500026,75.99997399999998
975,-108.500026,75.99997399999998
976,-107.500026,75.99997399999998
977,-106.500026,75.99997399999998
978,-106.000026,75.99997399999998
979,-105.500026,75.99997399999998
980,-104.500026,75.99997399999998
981,-104.000026,75.99997399999998
982,-103.500026,75.99997399999998
983,-103.000026,75.99997399999998
984,-102.500026,75.99997399999998
985,-102.000026,75.99997399999998
986,-101.500026,75.99997399999998
987,-101.000026,75.99997399999998
988,-100.500026,75.99997399999998
989,-100.000026,75.99997399999998
990,-98.50002600000005,75.99997399999998
991,-95.50002600000005,75.99997399999998
992,-95.00002600000005,75.99997399999998
993,-94.50002600000005,75.99997399999998
994,-94.00002600000005,75.99997399999998
995,-93.50002600000005,75.99997399999998
996,-93.00002600000005,75.99997399999998
997,-92.50002600000005,75.99997399999998
998,-91.50002600000005,75.99997399999998
999,-90.00002600000005,75.99997399999998
1000,-89.50002600000005,75.99997399999998
1001,-89.00002600000005,75.99997399999998
1002,-88.50002600000005,76.49997399999998
1003,-88.00002600000005,75.99997399999998
1004,-87.50002600000005,75.99997399999998
1005,-87.00002600000005,75.99997399999998
1006,-86.50002600000005,75.99997399999998
1007,-86.00002600000005,76.49997399999998
1008,-85.50002600000005,75.99997399999998
1009,-85.00002600000005,75.99997399999998
1010,-85.00002600000005,76.49997399999998
1011,-84.00002600000005,76.49997399999998
1012,-83.50002600000005,75.99997399999998
1013,-83.00002600000005,76.49997399999998
1014,-82.50002600000005,75.99997399999998
1015,-82.00002600000005,76.49997399999998
1016,-81.00002600000005,75.99997399999998
1017,-80.50002600000005,75.99997399999998
1018,-80.00002600000005,75.99997399999998
1019,-79.50002600000005,75.99997399999998
1020,-79.00002600000005,75.99997399999998
1021,-78.50002600000005,75.99997399999998
1022,-69.00002600000005,75.99997399999998
1023,-68.50002600000005,75.99997399999998
1024,-68.00002600000005,75.99997399999998
1025,-67.50002600000005,75.99997399999998
1026,-67.00002600000005,75.99997399999998
1027,-66.50002600000005,75.99997399999998
1028,-66.00002600000005,75.99997399999998
1029,-65.50002600000005,75.99997399999998
1030,-65.00002600000005,75.99997399999998
1031,-64.50002600000005,75.99997399999998
1032,-64.00002600000005,75.99997399999998
1033,-63.50002600000005,75.99997399999998
1034,-63.00002600000005,75.99997399999998
1035,-62.50002600000005,75.99997399999998
1036,-62.00002600000005,75.99997399999998
1037,-61.50002600000005,75.99997399999998
1038,-61.50002600000005,77.49997399999998
1039,-60.50002600000005,75.99997399999998
1040,-60.00002600000005,75.99997399999998
1041,-59.50002600000005,75.99997399999998
1042,-59.00002600000005,75.99997399999998
1043,-58.50002600000005,75.99997399999998
1044,-58.00002600000005,75.99997399999998
1045,-22.50002600000005,75.49997399999998
1046,-21.00002600000005,75.99997399999998
1047,-20.50002600000005,75.99997399999998
1048,-20.00002600000005,75.99997399999998
1049,60.49997399999995,75.99997399999998
1050,60.99997399999995,76.49997399999998
1051,61.49997399999995,75.99997399999998
1052,61.99997399999995,75.99997399999998
1053,62.49997399999995,75.99997399999998
1054,62.99997399999995,75.99997399999998
1055,63.49997399999995,75.99997399999998
1056,63.99997399999995,75.99997399999998
1057,64.49997399999995,75.99997399999998
1058,64.99997399999995,75.99997399999998
1059,65.49997399999995,75.99997399999998
1060,65.99997399999995,75.99997399999998
1061,66.49997399999995,75.99997399999998
1062,66.99997399999995,75.99997399999998
1063,67.49997399999995,75.99997399999998
1064,67.99997399999995,75.99997399999998
1065,68.49997399999995,75.99997399999998
1066,68.99997399999995,75.99997399999998
1067,93.49997399999995,75.99997399999998
1068,93.99997399999995,75.99997399999998
1069,94.49997399999995,75.99997399999998
1070,94.99997399999995,75.99997399999998
1071,95.49997399999995,75.99997399999998
1072,95.99997399999995,75.99997399999998
1073,96.49997399999995,75.99997399999998
1074,96.99997399999995,75.99997399999998
1075,97.49997399999995,75.99997399999998
1076,97.99997399999995,75.99997399999998
1077,98.49997399999995,75.99997399999998
1078,98.99997399999995,75.99997399999998
1079,99.49997399999995,75.99997399999998
1080,99.99997399999995,76.49997399999998
1081,100.499974,75.99997399999998
1082,100.999974,75.99997399999998
1083,112.499974,75.99997399999998
1084,113.499974,75.99997399999998
1085,138.499974,75.99997399999998
1086,138.999974,75.99997399999998
1087,139.499974,75.99997399999998
1088,140.999974,75.99997399999998
1089,141.499974,75.99997399999998
1090,141.999974,75.99997399999998
1091,152.999974,75.99997399999998
1092,-123.000026,75.49997399999998
1093,-122.500026,75.49997399999998
1094,-121.500026,75.49997399999998
1095,-121.000026,75.49997399999998
1096,-120.500026,75.49997399999998
1097,-120.000026,75.49997399999998
1098,-119.000026,75.49997399999998
1099,-118.500026,75.49997399999998
1100,-118.000026,75.49997399999998
1101,-117.500026,75.49997399999998
1102,-117.000026,75.49997399999998
1103,-116.500026,75.49997399999998
1104,-116.000026,75.49997399999998
1105,-115.500026,75.49997399999998
1106,-115.000026,75.49997399999998
1107,-113.500026,75.49997399999998
1108,-111.500026,75.49997399999998
1109,-111.000026,75.49997399999998
1110,-110.500026,75.49997399999998
1111,-109.500026,75.49997399999998
1112,-109.000026,75.49997399999998
1113,-107.500026,75.49997399999998
1114,-107.000026,75.49997399999998
1115,-106.500026,75.49997399999998
1116,-106.000026,75.49997399999998
1117,-104.000026,75.49997399999998
1118,-103.500026,75.49997399999998
1119,-103.000026,75.49997399999998
1120,-102.500026,75.49997399999998
1121,-102.000026,75.49997399999998
1122,-101.500026,75.49997399999998
1123,-101.000026,75.49997399999998
1124,-100.500026,75.49997399999998
1125,-100.000026,75.49997399999998
1126,-99.50002600000003,75.49997399999998
1127,-98.00002600000005,75.49997399999998
1128,-97.00002600000005,75.49997399999998
1129,-96.50002600000005,75.49997399999998
1130,-96.00002600000005,75.49997399999998
1131,-95.50002600000005,75.49997399999998
1132,-95.00002600000005,75.49997399999998
1133,-94.50002600000005,75.49997399999998
1134,-94.00002600000005,75.49997399999998
1135,-90.50002600000005,75.99997399999998
1136,-90.00002600000005,75.49997399999998
1137,-89.00002600000005,75.49997399999998
1138,-88.50002600000005,75.99997399999998
1139,-88.00002600000005,75.49997399999998
1140,-87.50002600000005,75.49997399999998
1141,-87.00002600000005,75.49997399999998
1142,-86.50002600000005,75.49997399999998
1143,-85.50002600000005,75.49997399999998
1144,-85.00002600000005,75.49997399999998
1145,-84.50002600000005,75.49997399999998
1146,-84.00002600000005,75.49997399999998
1147,-83.50002600000005,75.49997399999998
1148,-83.00002600000005,75.49997399999998
1149,-82.50002600000005,75.49997399999998
1150,-82.00002600000005,74.99997399999998
1151,-81.50002600000005,75.49997399999998
1152,-81.00002600000005,74.99997399999998
1153,-80.50002600000005,75.49997399999998
1154,-80.00002600000005,75.49997399999998
1155,-79.50002600000005,75.49997399999998
1156,-79.00002600000005,75.49997399999998
1157,-66.50002600000005,75.49997399999998
1158,-57.50002600000005,75.49997399999998
1159,-20.50002600000005,75.49997399999998
1160,-19.00002600000005,75.49997399999998
1161,58.49997399999995,75.49997399999998
1162,58.99997399999995,75.49997399999998
1163,59.49997399999995,75.49997399999998
1164,59.99997399999995,75.49997399999998
1165,60.49997399999995,75.49997399999998
1166,62.49997399999995,75.49997399999998
1167,62.99997399999995,75.49997399999998
1168,63.49997399999995,75.49997399999998
1169,63.99997399999995,75.49997399999998
1170,64.49997399999995,75.49997399999998
1171,64.99997399999995,75.49997399999998
1172,65.49997399999995,75.49997399999998
1173,65.99997399999995,75.49997399999998
1174,66.49997399999995,75.49997399999998
1175,81.99997399999995,75.49997399999998
1176,82.99997399999995,75.49997399999998
1177,90.49997399999995,75.49997399999998
1178,90.99997399999995,75.49997399999998
1179,91.49997399999995,75.49997399999998
1180,91.99997399999995,75.99997399999998
1181,92.49997399999995,75.49997399999998
1182,92.99997399999995,75.49997399999998
1183,92.99997399999995,74.99997399999998
1184,93.99997399999995,75.49997399999998
1185,94.99997399999995,75.49997399999998
1186,96.49997399999995,75.49997399999998
1187,96.99997399999995,75.49997399999998
1188,97.49997399999995,75.49997399999998
1189,109.999974,75.49997399999998
1190,113.499974,75.49997399999998
1191,113.999974,75.49997399999998
1192,135.999974,75.49997399999998
1193,136.499974,75.49997399999998
1194,137.499974,75.49997399999998
1195,137.999974,75.49997399999998
1196,139.999974,75.49997399999998
1197,140.499974,75.49997399999998
1198,140.999974,75.49997399999998
1199,141.999974,75.49997399999998
1200,142.999974,75.49997399999998
1201,143.499974,75.49997399999998
1202,143.999974,75.49997399999998
1203,144.499974,75.49997399999998
1204,144.999974,75.49997399999998
1205,145.499974,75.49997399999998
1206,146.499974,75.49997399999998
1207,146.999974,75.49997399999998
1208,-117.500026,74.99997399999998
1209,-117.000026,74.99997399999998
1210,-116.500026,74.99997399999998
1211,-116.000026,74.99997399999998
1212,-115.500026,74.99997399999998
1213,-115.000026,74.99997399999998
1214,-114.500026,74.99997399999998
1215,-114.000026,74.99997399999998
1216,-113.500026,74.99997399999998
1217,-113.000026,74.99997399999998
1218,-112.500026,74.99997399999998
1219,-112.000026,74.99997399999998
1220,-111.500026,74.99997399999998
1221,-111.000026,74.99997399999998
1222,-110.000026,74.99997399999998
1223,-107.500026,74.99997399999998
1224,-106.500026,74.99997399999998
1225,-105.500026,74.99997399999998
1226,-104.500026,74.99997399999998
1227,-104.000026,74.99997399999998
1228,-103.500026,74.99997399999998
1229,-100.500026,74.99997399999998
1230,-100.000026,74.99997399999998
1231,-99.50002600000003,74.99997399999998
1232,-99.00002600000003,74.99997399999998
1233,-98.50002600000005,74.99997399999998
1234,-98.00002600000005,74.99997399999998
1235,-97.50002600000005,74.99997399999998
1236,-97.00002600000005,74.99997399999998
1237,-96.50002600000005,74.99997399999998
1238,-96.00002600000005,74.99997399999998
1239,-94.50002600000005,74.99997399999998
1240,-92.00002600000005,74.99997399999998
1241,-87.50002600000005,74.99997399999998
1242,-80.50002600000005,74.99997399999998
1243,-79.50002600000005,74.99997399999998
1244,-57.50002600000005,75.49997399999998
1245,-57.00002600000005,74.99997399999998
1246,-56.50002600000005,74.99997399999998
1247,-56.00002600000005,74.99997399999998
1248,-23.00002600000005,74.99997399999998
1249,-21.00002600000005,75.49997399999998
1250,-20.50002600000005,74.99997399999998
1251,-20.00002600000005,74.99997399999998
1252,-19.50002600000005,74.99997399999998
1253,-19.00002600000005,74.99997399999998
1254,55.99997399999995,74.99997399999998
1255,56.49997399999995,74.99997399999998
1256,56.99997399999995,74.99997399999998
1257,57.49997399999995,74.99997399999998
1258,57.99997399999995,74.99997399999998
1259,60.49997399999995,74.99997399999998
1260,61.49997399999995,74.99997399999998
1261,61.99997399999995,74.99997399999998
1262,62.49997399999995,74.99997399999998
1263,81.99997399999995,74.99997399999998
1264,82.49997399999995,74.99997399999998
1265,87.49997399999995,74.99997399999998
1266,87.99997399999995,74.99997399999998
1267,88.49997399999995,74.99997399999998
1268,88.99997399999995,74.99997399999998
1269,89.49997399999995,74.99997399999998
1270,90.49997399999995,75.49997399999998
1271,111.999974,74.99997399999998
1272,113.499974,74.99997399999998
1273,113.999974,74.99997399999998
1274,135.999974,74.99997399999998
1275,136.999974,74.99997399999998
1276,137.499974,74.99997399999998
1277,142.499974,74.99997399999998
1278,142.999974,74.99997399999998
1279,143.499974,74.99997399999998
1280,143.999974,74.99997399999998
1281,144.499974,74.99997399999998
1282,144.999974,74.99997399999998
1283,146.499974,74.99997399999998
1284,146.999974,74.99997399999998
1285,147.499974,74.99997399999998
1286,147.999974,74.99997399999998
1287,148.499974,74.99997399999998
1288,148.999974,74.99997399999998
1289,149.499974,74.99997399999998
1290,149.999974,74.99997399999998
1291,150.499974,74.99997399999998
1292,150.999974,74.99997399999998
1293,-114.000026,74.49997399999998
1294,-113.500026,74.49997399999998
1295,-113.000026,74.49997399999998
1296,-112.000026,74.49997399999998
1297,-111.000026,74.49997399999998
1298,-110.500026,74.49997399999998
1299,-110.000026,74.49997399999998
1300,-109.500026,74.49997399999998
1301,-109.000026,74.49997399999998
1302,-108.500026,74.49997399999998
1303,-108.000026,74.49997399999998
1304,-107.000026,74.49997399999998
1305,-106.500026,74.49997399999998
1306,-98.50002600000005,74.49997399999998
1307,-97.50002600000005,74.49997399999998
1308,-97.00002600000005,74.49997399999998
1309,-96.00002600000005,74.49997399999998
1310,-95.50002600000005,74.49997399999998
1311,-95.00002600000005,74.49997399999998
1312,-94.50002600000005,74.49997399999998
1313,-94.00002600000005,74.49997399999998
1314,-93.50002600000005,74.49997399999998
1315,-92.00002600000005,74.49997399999998
1316,-91.50002600000005,74.49997399999998
1317,-91.00002600000005,74.49997399999998
1318,-90.50002600000005,74.49997399999998
1319,-90.00002600000005,74.49997399999998
1320,-89.50002600000005,74.49997399999998
1321,-89.00002600000005,74.49997399999998
1322,-88.50002600000005,74.49997399999998
1323,-88.00002600000005,74.49997399999998
1324,-87.50002600000005,74.49997399999998
1325,-87.00002600000005,74.49997399999998
1326,-86.50002600000005,74.49997399999998
1327,-86.00002600000005,74.49997399999998
1328,-85.50002600000005,74.49997399999998
1329,-85.00002600000005,74.49997399999998
1330,-84.50002600000005,74.49997399999998
1331,-84.00002600000005,74.49997399999998
1332,-83.50002600000005,74.49997399999998
1333,-83.00002600000005,74.99997399999998
1334,-82.50002600000005,74.49997399999998
1335,-82.00002600000005,74.49997399999998
1336,-81.50002600000005,74.49997399999998
1337,-81.00002600000005,74.49997399999998
1338,-80.50002600000005,74.49997399999998
1339,-80.00002600000005,74.49997399999998
1340,-79.50002600000005,74.49997399999998
1341,-55.50002600000005,74.99997399999998
1342,-22.00002600000005,74.49997399999998
1343,-21.00002600000005,74.49997399999998
1344,-20.50002600000005,74.49997399999998
1345,-20.00002600000005,74.49997399999998
1346,55.99997399999995,74.49997399999998
1347,56.49997399999995,74.49997399999998
1348,58.99997399999995,74.49997399999998
1349,59.99997399999995,74.49997399999998
1350,59.99997399999995,74.99997399999998
1351,60.99997399999995,74.49997399999998
1352,79.49997399999995,74.49997399999998
1353,85.49997399999995,74.49997399999998
1354,85.99997399999995,74.49997399999998
1355,86.49997399999995,74.49997399999998
1356,86.99997399999995,74.49997399999998
1357,87.49997399999995,74.49997399999998
1358,87.99997399999995,74.49997399999998
1359,110.499974,75.49997399999998
1360,111.499974,74.49997399999998
1361,111.499974,74.99997399999998
1362,112.499974,74.49997399999998
1363,112.999974,74.49997399999998
1364,137.999974,74.49997399999998
1365,138.499974,74.49997399999998
1366,138.999974,74.49997399999998
1367,138.999974,74.99997399999998
1368,139.999974,74.49997399999998
1369,139.499974,75.99997399999998
1370,140.999974,74.49997399999998
1371,141.499974,74.49997399999998
1372,141.999974,74.49997399999998
1373,142.499974,74.49997399999998
1374,142.999974,74.49997399999998
1375,143.499974,74.49997399999998
1376,143.999974,74.49997399999998
1377,147.999974,74.49997399999998
1378,148.499974,74.49997399999998
1379,148.999974,74.49997399999998
1380,149.499974,74.49997399999998
1381,149.999974,74.49997399999998
1382,150.499974,74.49997399999998
1383,150.999974,74.49997399999998
1384,-124.000026,73.99997399999998
1385,-123.500026,73.99997399999998
1386,-123.000026,73.99997399999998
1387,-122.500026,73.99997399999998
1388,-122.000026,73.99997399999998
1389,-121.500026,73.99997399999998
1390,-121.000026,73.49997399999998
1391,-120.500026,73.99997399999998
1392,-120.000026,73.99997399999998
1393,-119.500026,73.99997399999998
1394,-119.000026,73.99997399999998
1395,-118.500026,74.49997399999998
1396,-118.000026,73.99997399999998
1397,-117.500026,73.99997399999998
1398,-117.000026,73.99997399999998
1399,-116.500026,73.99997399999998
1400,-116.000026,73.99997399999998
1401,-113.500026,73.99997399999998
1402,-113.000026,73.99997399999998
1403,-112.500026,73.99997399999998
1404,-112.000026,73.99997399999998
1405,-98.00002600000005,73.99997399999998
1406,-97.50002600000005,73.99997399999998
1407,-95.00002600000005,73.99997399999998
1408,-94.50002600000005,73.99997399999998
1409,-94.00002600000005,73.99997399999998
1410,-93.50002600000005,74.49997399999998
1411,-93.00002600000005,73.99997399999998
1412,-92.50002600000005,73.99997399999998
1413,-92.00002600000005,73.49997399999998
1414,-50.00002600000005,77.49997399999998
1415,-22.50002600000005,74.99997399999998
1416,-21.50002600000005,73.99997399999998
1417,-21.00002600000005,73.99997399999998
1418,-20.50002600000005,73.99997399999998
1419,-20.00002600000005,73.99997399999998
1420,54.99997399999995,73.99997399999998
1421,55.49997399999995,73.99997399999998
1422,55.99997399999995,73.99997399999998
1423,57.99997399999995,73.99997399999998
1424,58.49997399999995,74.49997399999998
1425,59.49997399999995,73.99997399999998
1426,82.49997399999995,73.99997399999998
1427,82.99997399999995,73.99997399999998
1428,83.49997399999995,73.99997399999998
1429,85.49997399999995,73.99997399999998
1430,85.99997399999995,73.99997399999998
1431,86.49997399999995,73.99997399999998
1432,86.99997399999995,73.99997399999998
1433,88.99997399999995,74.99997399999998
1434,108.999974,74.99997399999998
1435,109.999974,74.49997399999998
1436,111.499974,73.99997399999998
1437,111.999974,73.99997399999998
1438,112.499974,73.99997399999998
1439,112.999974,73.99997399999998
1440,113.499974,73.99997399999998
1441,115.999974,73.99997399999998
1442,135.499974,73.99997399999998
1443,135.999974,73.99997399999998
1444,136.499974,73.99997399999998
1445,140.499974,73.99997399999998
1446,140.999974,73.99997399999998
1447,141.499974,73.99997399999998
1448,-124.000026,73.49997399999998
1449,-123.500026,73.49997399999998
1450,-119.000026,73.49997399999998
1451,-117.500026,73.49997399999998
1452,-115.500026,73.49997399999998
1453,-115.000026,73.49997399999998
1454,-101.000026,73.49997399999998
1455,-100.500026,73.49997399999998
1456,-100.000026,73.49997399999998
1457,-99.50002600000003,73.49997399999998
1458,-99.00002600000003,73.49997399999998
1459,-98.50002600000005,73.49997399999998
1460,-98.00002600000005,73.49997399999998
1461,-97.50002600000005,73.49997399999998
1462,-97.00002600000005,73.49997399999998
1463,-95.50002600000005,73.49997399999998
1464,-94.00002600000005,73.49997399999998
1465,-91.50002600000005,73.49997399999998
1466,-91.00002600000005,73.49997399999998
1467,-90.50002600000005,73.49997399999998
1468,-90.00002600000005,73.49997399999998
1469,-88.00002600000005,73.49997399999998
1470,-87.50002600000005,73.49997399999998
1471,-87.00002600000005,72.99997399999998
1472,-86.50002600000005,73.49997399999998
1473,-86.00002600000005,73.49997399999998
1474,-85.50002600000005,73.49997399999998
1475,-85.00002600000005,73.49997399999998
1476,-84.50002600000005,73.49997399999998
1477,-84.00002600000005,73.49997399999998
1478,-83.50002600000005,73.49997399999998
1479,-83.00002600000005,73.49997399999998
1480,-82.50002600000005,72.99997399999998
1481,-82.00002600000005,73.49997399999998
1482,-81.50002600000005,73.49997399999998
1483,-81.00002600000005,73.49997399999998
1484,-80.50002600000005,73.49997399999998
1485,-80.00002600000005,73.49997399999998
1486,-79.50002600000005,73.49997399999998
1487,-79.00002600000005,73.49997399999998
1488,-78.50002600000005,72.99997399999998
1489,-78.00002600000005,72.99997399999998
1490,-77.50002600000005,73.49997399999998
1491,-77.00002600000005,73.49997399999998
1492,-76.50002600000005,73.49997399999998
1493,-55.50002600000005,73.49997399999998
1494,-25.00002600000005,73.99997399999998
1495,-24.50002600000005,73.49997399999998
1496,-24.00002600000005,73.99997399999998
1497,-23.50002600000005,73.49997399999998
1498,-23.00002600000005,73.49997399999998
1499,-21.00002600000005,73.49997399999998
1500,53.99997399999995,73.49997399999998
1501,54.49997399999995,73.49997399999998
1502,54.99997399999995,73.49997399999998
1503,57.49997399999995,74.49997399999998
1504,58.49997399999995,73.49997399999998
1505,80.99997399999995,73.49997399999998
1506,81.49997399999995,73.49997399999998
1507,81.99997399999995,73.49997399999998
1508,82.49997399999995,73.99997399999998
1509,82.99997399999995,73.49997399999998
1510,83.49997399999995,73.49997399999998
1511,83.99997399999995,72.99997399999998
1512,84.49997399999995,73.49997399999998
1513,84.99997399999995,73.49997399999998
1514,85.49997399999995,73.49997399999998
1515,85.99997399999995,73.49997399999998
1516,92.49997399999995,73.99997399999998
1517,86.99997399999995,73.49997399999998
1518,87.49997399999995,73.49997399999998
1519,100.999974,73.49997399999998
1520,107.999974,73.49997399999998
1521,108.499974,73.49997399999998
1522,108.999974,73.49997399999998
1523,109.499974,73.49997399999998
1524,109.999974,73.49997399999998
1525,110.499974,73.49997399999998
1526,110.999974,73.49997399999998
1527,111.499974,73.49997399999998
1528,111.999974,73.49997399999998
1529,112.499974,73.49997399999998
1530,112.999974,73.49997399999998
1531,113.499974,73.49997399999998
1532,113.999974,73.49997399999998
1533,114.499974,73.49997399999998
1534,114.999974,73.49997399999998
1535,115.499974,73.49997399999998
1536,115.999974,73.49997399999998
1537,116.499974,73.49997399999998
1538,116.999974,73.49997399999998
1539,117.499974,73.49997399999998
1540,117.999974,73.49997399999998
1541,118.499974,73.49997399999998
1542,118.999974,73.49997399999998
1543,123.499974,73.49997399999998
1544,123.999974,73.49997399999998
1545,124.499974,73.49997399999998
1546,124.999974,72.99997399999998
1547,125.499974,72.99997399999998
1548,125.999974,72.99997399999998
1549,136.499974,73.49997399999998
1550,140.499974,73.49997399999998
1551,140.999974,73.49997399999998
1552,141.499974,73.49997399999998
1553,141.999974,73.49997399999998
1554,142.499974,73.49997399999998
1555,142.999974,73.49997399999998
1556,143.499974,73.49997399999998
1557,-121.500026,73.99997399999998
1558,-118.000026,72.99997399999998
1559,-117.000026,72.99997399999998
1560,-116.500026,72.49997399999998
1561,-116.000026,72.49997399999998
1562,-115.500026,72.49997399999998
1563,-115.000026,72.49997399999998
1564,-114.500026,72.99997399999998
1565,-114.000026,72.99997399999998
1566,-113.500026,72.99997399999998
1567,-113.000026,72.99997399999998
1568,-112.000026,72.99997399999998
1569,-111.500026,72.99997399999998
1570,-109.500026,72.99997399999998
1571,-107.000026,72.99997399999998
1572,-106.500026,72.49997399999998
1573,-106.000026,72.99997399999998
1574,-102.500026,72.99997399999998
1575,-102.000026,72.99997399999998
1576,-101.500026,72.99997399999998
1577,-101.000026,72.99997399999998
1578,-100.500026,72.99997399999998
1579,-100.000026,72.99997399999998
1580,-98.50002600000005,72.49997399999998
1581,-97.50002600000005,72.99997399999998
1582,-97.00002600000005,72.99997399999998
1583,-96.50002600000005,72.99997399999998
1584,-95.50002600000005,72.99997399999998
1585,-92.00002600000005,72.99997399999998
1586,-89.00002600000005,72.99997399999998
1587,-88.50002600000005,72.99997399999998
1588,-86.50002600000005,72.99997399999998
1589,-85.50002600000005,72.99997399999998
1590,-85.00002600000005,72.99997399999998
1591,-84.50002600000005,72.99997399999998
1592,-84.00002600000005,72.99997399999998
1593,-81.50002600000005,72.99997399999998
1594,-80.50002600000005,72.99997399999998
1595,-80.00002600000005,72.99997399999998
1596,-77.50002600000005,72.99997399999998
1597,-76.50002600000005,72.99997399999998
1598,-76.00002600000005,72.99997399999998
1599,-55.50002600000005,72.99997399999998
1600,-55.00002600000005,72.99997399999998
1601,-27.50002600000005,72.99997399999998
1602,-28.00002600000005,74.49997399999998
1603,-26.00002600000005,72.99997399999998
1604,-25.50002600000005,72.99997399999998
1605,-25.00002600000005,72.99997399999998
1606,-24.50002600000005,72.99997399999998
1607,-24.00002600000005,72.99997399999998
1608,-23.50002600000005,72.99997399999998
1609,-23.00002600000005,72.99997399999998
1610,-22.50002600000005,72.99997399999998
1611,-22.00002600000005,72.99997399999998
1612,-21.50002600000005,72.99997399999998
1613,-21.00002600000005,72.99997399999998
1614,53.49997399999995,72.99997399999998
1615,53.99997399999995,72.99997399999998
1616,54.49997399999995,72.99997399999998
1617,56.49997399999995,73.99997399999998
1618,57.49997399999995,72.99997399999998
1619,69.99997399999995,72.99997399999998
1620,70.49997399999995,72.99997399999998
1621,70.99997399999995,72.99997399999998
1622,71.49997399999995,72.99997399999998
1623,71.99997399999995,72.99997399999998
1624,74.49997399999995,72.99997399999998
1625,74.99997399999995,72.99997399999998
1626,75.49997399999995,72.99997399999998
1627,75.99997399999995,72.99997399999998
1628,76.49997399999995,72.99997399999998
1629,76.99997399999995,72.99997399999998
1630,79.49997399999995,72.99997399999998
1631,80.49997399999995,72.99997399999998
1632,80.99997399999995,72.99997399999998
1633,105.499974,72.99997399999998
1634,106.499974,73.49997399999998
1635,106.999974,72.99997399999998
1636,107.499974,72.99997399999998
1637,107.999974,72.99997399999998
1638,108.499974,72.99997399999998
1639,108.999974,72.99997399999998
1640,109.499974,72.99997399999998
1641,109.999974,72.99997399999998
1642,113.499974,73.49997399999998
1643,116.499974,73.49997399999998
1644,116.999974,72.99997399999998
1645,118.999974,72.99997399999998
1646,119.499974,72.99997399999998
1647,122.499974,72.99997399999998
1648,122.999974,72.99997399999998
1649,123.499974,72.99997399999998
1650,123.999974,72.99997399999998
1651,124.499974,72.99997399999998
1652,126.499974,72.49997399999998
1653,126.999974,72.99997399999998
1654,126.999974,72.99997399999998
1655,127.499974,72.99997399999998
1656,128.499974,72.99997399999998
1657,128.999974,72.99997399999998
1658,129.499974,72.99997399999998
1659,129.999974,72.99997399999998
1660,139.999974,72.99997399999998
1661,140.499974,72.99997399999998
1662,140.999974,72.99997399999998
1663,141.499974,72.99997399999998
1664,141.999974,72.99997399999998
1665,142.499974,72.99997399999998
1666,142.999974,72.99997399999998
1667,143.499974,72.99997399999998
1668,143.999974,72.99997399999998
1669,-124.000026,72.49997399999998
1670,-119.000026,72.49997399999998
1671,-118.500026,72.49997399999998
1672,-118.000026,72.49997399999998
1673,-117.500026,72.49997399999998
1674,-117.000026,72.49997399999998
1675,-116.000026,71.99997399999998
1676,-114.000026,71.99997399999998
1677,-112.500026,72.49997399999998
1678,-112.000026,72.49997399999998
1679,-111.500026,72.49997399999998
1680,-111.000026,72.49997399999998
1681,-110.500026,72.49997399999998
1682,-110.000026,72.49997399999998
1683,-109.500026,72.49997399999998
1684,-109.000026,72.49997399999998
1685,-108.500026,72.49997399999998
1686,-108.000026,72.49997399999998
1687,-107.500026,72.49997399999998
1688,-106.000026,71.99997399999998
1689,-102.500026,72.49997399999998
1690,-102.000026,72.49997399999998
1691,-101.500026,72.49997399999998
1692,-101.000026,72.49997399999998
1693,-100.500026,72.49997399999998
1694,-100.000026,72.49997399999998
1695,-97.50002600000005,72.49997399999998
1696,-96.50002600000005,72.49997399999998
1697,-96.00002600000005,72.49997399999998
1698,-95.50002600000005,72.49997399999998
1699,-95.00002600000005,72.49997399999998
1700,-94.50002600000005,72.49997399999998
1701,-93.00002600000005,72.99997399999998
1702,-92.50002600000005,72.49997399999998
1703,-92.00002600000005,72.49997399999998
1704,-91.50002600000005,72.49997399999998
1705,-89.50002600000005,72.49997399999998
1706,-89.00002600000005,72.49997399999998
1707,-88.00002600000005,72.49997399999998
1708,-86.00002600000005,72.49997399999998
1709,-85.50002600000005,72.49997399999998
1710,-82.00002600000005,73.49997399999998
1711,-80.00002600000005,72.49997399999998
1712,-79.50002600000005,72.99997399999998
1713,-79.00002600000005,72.49997399999998
1714,-78.50002600000005,72.49997399999998
1715,-78.00002600000005,72.49997399999998
1716,-77.50002600000005,72.49997399999998
1717,-77.00002600000005,72.49997399999998
1718,-76.50002600000005,72.49997399999998
1719,-76.00002600000005,71.99997399999998
1720,-75.00002600000005,72.49997399999998
1721,-74.50002600000005,72.49997399999998
1722,-74.00002600000005,72.49997399999998
1723,-55.50002600000005,72.49997399999998
1724,-55.00002600000005,72.49997399999998
1725,-48.50002600000005,76.99997399999998
1726,-27.00002600000005,72.49997399999998
1727,-26.50002600000005,72.49997399999998
1728,-26.00002600000005,72.49997399999998
1729,-25.50002600000005,72.49997399999998
1730,-25.00002600000005,72.49997399999998
1731,-24.50002600000005,72.49997399999998
1732,-24.00002600000005,72.49997399999998
1733,-23.50002600000005,72.49997399999998
1734,-23.00002600000005,72.49997399999998
1735,-22.50002600000005,72.49997399999998
1736,-22.00002600000005,72.49997399999998
1737,52.49997399999995,72.49997399999998
1738,52.99997399999995,72.49997399999998
1739,54.99997399999995,72.49997399999998
1740,68.99997399999995,72.49997399999998
1741,69.49997399999995,72.49997399999998
1742,69.99997399999995,72.49997399999998
1743,70.49997399999995,72.49997399999998
1744,70.49997399999995,71.99997399999998
1745,71.49997399999995,72.49997399999998
1746,71.49997399999995,72.49997399999998
1747,72.49997399999995,72.49997399999998
1748,72.99997399999995,72.49997399999998
1749,74.49997399999995,72.49997399999998
1750,74.99997399999995,72.49997399999998
1751,75.49997399999995,72.49997399999998
1752,77.99997399999995,72.49997399999998
1753,78.99997399999995,72.49997399999998
1754,79.49997399999995,72.49997399999998
1755,79.99997399999995,72.49997399999998
1756,80.49997399999995,72.49997399999998
1757,80.99997399999995,72.49997399999998
1758,102.499974,73.49997399999998
1759,105.999974,72.49997399999998
1760,119.999974,72.99997399999998
1761,120.499974,72.49997399999998
1762,120.999974,72.49997399999998
1763,121.499974,72.49997399999998
1764,121.999974,72.99997399999998
1765,122.499974,72.49997399999998
1766,122.999974,72.49997399999998
1767,125.999974,72.99997399999998
1768,127.999974,72.49997399999998
1769,129.499974,72.49997399999998
1770,129.999974,72.49997399999998
1771,140.999974,72.99997399999998
1772,141.499974,72.49997399999998
1773,141.999974,72.49997399999998
1774,142.499974,72.49997399999998
1775,142.999974,72.49997399999998
1776,143.499974,72.49997399999998
1777,143.999974,72.49997399999998
1778,144.499974,72.49997399999998
1779,144.999974,72.49997399999998
1780,145.499974,72.49997399999998
1781,-125.000026,71.99997399999998
1782,-121.500026,72.49997399999998
1783,-120.500026,71.99997399999998
1784,-119.500026,71.99997399999998
1785,-119.000026,71.99997399999998
1786,-118.000026,71.99997399999998
1787,-113.000026,71.99997399999998
1788,-113.500026,71.49997399999998
1789,-111.000026,71.99997399999998
1790,-109.500026,71.49997399999998
1791,-108.000026,71.99997399999998
1792,-107.500026,71.99997399999998
1793,-105.500026,71.99997399999998
1794,-102.000026,71.99997399999998
1795,-101.500026,71.99997399999998
1796,-101.000026,71.99997399999998
1797,-100.500026,71.99997399999998
1798,-100.000026,71.99997399999998
1799,-97.00002600000005,71.99997399999998
1800,-96.00002600000005,71.99997399999998
1801,-95.00002600000005,71.99997399999998
1802,-94.00002600000005,71.99997399999998
1803,-87.50002600000005,71.99997399999998
1804,-86.50002600000005,71.99997399999998
1805,-85.50002600000005,71.99997399999998
1806,-85.00002600000005,71.99997399999998
1807,-84.50002600000005,72.49997399999998
1808,-84.00002600000005,71.99997399999998
1809,-81.00002600000005,71.99997399999998
1810,-80.50002600000005,72.49997399999998
1811,-80.00002600000005,71.99997399999998
1812,-79.50002600000005,71.99997399999998
1813,-79.00002600000005,71.99997399999998
1814,-79.00002600000005,71.49997399999998
1815,-78.00002600000005,71.99997399999998
1816,-77.50002600000005,71.99997399999998
1817,-75.50002600000005,71.99997399999998
1818,-75.00002600000005,71.99997399999998
1819,-74.50002600000005,71.99997399999998
1820,-74.00002600000005,71.99997399999998
1821,-55.50002600000005,71.99997399999998
1822,-55.00002600000005,71.99997399999998
1823,-54.50002600000005,71.99997399999998
1824,-54.00002600000005,71.99997399999998
1825,-53.50002600000005,71.99997399999998
1826,-53.00002600000005,71.99997399999998
1827,-28.00002600000005,71.99997399999998
1828,-27.50002600000005,71.99997399999998
1829,-27.00002600000005,71.99997399999998
1830,-24.50002600000005,71.99997399999998
1831,-24.00002600000005,71.99997399999998
1832,-23.50002600000005,71.99997399999998
1833,-23.00002600000005,71.99997399999998
1834,-22.50002600000005,71.99997399999998
1835,-22.00002600000005,71.99997399999998
1836,51.99997399999995,71.99997399999998
1837,52.49997399999995,71.99997399999998
1838,54.99997399999995,71.99997399999998
1839,68.99997399999995,71.99997399999998
1840,71.99997399999995,71.99997399999998
1841,74.99997399999995,71.99997399999998
1842,75.49997399999995,71.99997399999998
1843,75.99997399999995,71.99997399999998
1844,76.99997399999995,71.99997399999998
1845,77.49997399999995,71.99997399999998
1846,77.99997399999995,71.99997399999998
1847,78.49997399999995,71.99997399999998
1848,78.99997399999995,71.99997399999998
1849,79.49997399999995,71.99997399999998
1850,79.99997399999995,71.99997399999998
1851,79.99997399999995,71.49997399999998
1852,80.99997399999995,71.99997399999998
1853,80.99997399999995,71.99997399999998
1854,81.99997399999995,71.99997399999998
1855,82.49997399999995,71.99997399999998
1856,127.999974,71.99997399999998
1857,129.499974,71.99997399999998
1858,129.999974,71.99997399999998
1859,139.499974,71.99997399999998
1860,139.999974,71.99997399999998
1861,140.499974,71.99997399999998
1862,141.999974,71.99997399999998
1863,145.499974,71.99997399999998
1864,145.999974,71.99997399999998
1865,146.499974,71.99997399999998
1866,146.999974,71.99997399999998
1867,147.499974,71.99997399999998
1868,147.999974,71.99997399999998
1869,148.499974,71.99997399999998
1870,148.999974,71.99997399999998
1871,149.499974,71.99997399999998
1872,149.999974,71.99997399999998
1873,-179.5000260000001,71.49997399999998
1874,-179.0000260000001,71.49997399999998
1875,-178.5000260000001,71.49997399999998
1876,-124.500026,71.49997399999998
1877,-124.000026,71.49997399999998
1878,-120.500026,71.49997399999998
1879,-120.000026,71.49997399999998
1880,-119.500026,71.49997399999998
1881,-118.500026,71.49997399999998
1882,-118.000026,71.49997399999998
1883,-117.500026,71.49997399999998
1884,-108.500026,71.49997399999998
1885,-107.500026,71.99997399999998
1886,-107.000026,71.49997399999998
1887,-105.000026,71.49997399999998
1888,-100.000026,71.49997399999998
1889,-99.50002600000003,71.49997399999998
1890,-98.50002600000005,71.49997399999998
1891,-97.50002600000005,71.49997399999998
1892,-97.00002600000005,71.49997399999998
1893,-96.50002600000005,71.49997399999998
1894,-95.50002600000005,71.49997399999998
1895,-95.00002600000005,71.49997399999998
1896,-94.50002600000005,71.49997399999998
1897,-94.00002600000005,71.49997399999998
1898,-93.50002600000005,71.49997399999998
1899,-90.00002600000005,71.49997399999998
1900,-89.50002600000005,71.49997399999998
1901,-86.50002600000005,71.49997399999998
1902,-85.50002600000005,71.49997399999998
1903,-85.00002600000005,71.49997399999998
1904,-84.50002600000005,71.49997399999998
1905,-78.00002600000005,71.49997399999998
1906,-76.50002600000005,71.49997399999998
1907,-75.00002600000005,71.49997399999998
1908,-75.00002600000005,71.49997399999998
1909,-74.00002600000005,71.49997399999998
1910,-73.50002600000005,71.49997399999998
1911,-73.00002600000005,71.49997399999998
1912,-72.50002600000005,71.49997399999998
1913,-72.00002600000005,71.49997399999998
1914,-54.50002600000005,71.49997399999998
1915,-54.00002600000005,71.49997399999998
1916,-52.50002600000005,71.49997399999998
1917,-52.00002600000005,71.49997399999998
1918,-51.50002600000005,71.49997399999998
1919,-33.50002600000005,73.49997399999998
1920,-27.50002600000005,71.49997399999998
1921,-27.00002600000005,71.49997399999998
1922,-26.50002600000005,71.49997399999998
1923,-26.00002600000005,71.49997399999998
1924,-25.50002600000005,71.49997399999998
1925,-23.50002600000005,71.49997399999998
1926,-22.00002600000005,71.49997399999998
1927,51.99997399999995,71.49997399999998
1928,52.49997399999995,71.49997399999998
1929,54.49997399999995,72.49997399999998
1930,69.99997399999995,71.49997399999998
1931,70.49997399999995,71.49997399999998
1932,72.99997399999995,71.49997399999998
1933,73.49997399999995,71.49997399999998
1934,73.99997399999995,71.49997399999998
1935,74.49997399999995,71.49997399999998
1936,74.99997399999995,71.49997399999998
1937,76.49997399999995,71.49997399999998
1938,76.99997399999995,71.49997399999998
1939,77.49997399999995,71.49997399999998
1940,77.99997399999995,71.49997399999998
1941,78.99997399999995,71.49997399999998
1942,81.49997399999995,70.99997399999998
1943,81.99997399999995,71.49997399999998
1944,82.49997399999995,71.49997399999998
1945,82.99997399999995,71.49997399999998
1946,83.99997399999995,72.49997399999998
1947,128.499974,71.49997399999998
1948,129.499974,71.49997399999998
1949,132.499974,71.49997399999998
1950,132.999974,71.49997399999998
1951,133.499974,71.49997399999998
1952,135.499974,71.49997399999998
1953,135.999974,71.49997399999998
1954,136.499974,71.49997399999998
1955,135.999974,70.49997399999998
1956,137.499974,71.49997399999998
1957,137.999974,71.49997399999998
1958,138.499974,71.49997399999998
1959,138.999974,71.49997399999998
1960,139.499974,70.99997399999998
1961,139.999974,70.49997399999998
1962,145.499974,71.99997399999998
1963,145.999974,71.49997399999998
1964,146.499974,71.49997399999998
1965,146.499974,70.99997399999998
1966,149.499974,71.49997399999998
1967,150.499974,71.49997399999998
1968,-179.5000260000001,70.99997399999998
1969,-179.0000260000001,70.99997399999998
1970,-178.5000260000001,70.99997399999998
1971,-178.0000260000001,70.99997399999998
1972,-177.5000260000001,70.99997399999998
1973,-177.0000260000001,70.99997399999998
1974,-157.0000260000001,70.99997399999998
1975,-156.5000260000001,70.99997399999998
1976,-156.0000260000001,70.99997399999998
1977,-155.5000260000001,70.99997399999998
1978,-155.0000260000001,70.99997399999998
1979,-154.5000260000001,70.99997399999998
1980,-123.500026,70.99997399999998
1981,-123.000026,70.99997399999998
1982,-122.500026,70.99997399999998
1983,-122.000026,70.99997399999998
1984,-121.500026,70.99997399999998
1985,-121.000026,70.99997399999998
1986,-120.500026,70.99997399999998
1987,-118.000026,70.99997399999998
1988,-117.500026,70.99997399999998
1989,-117.000026,70.99997399999998
1990,-116.500026,70.99997399999998
1991,-110.500026,71.49997399999998
1992,-105.500026,71.99997399999998
1993,-99.00002600000003,70.99997399999998
1994,-98.50002600000005,70.99997399999998
1995,-98.00002600000005,70.99997399999998
1996,-96.00002600000005,70.99997399999998
1997,-95.00002600000005,71.49997399999998
1998,-94.50002600000005,70.99997399999998
1999,-92.50002600000005,70.99997399999998
2000,-89.00002600000005,70.99997399999998
2001,-88.50002600000005,70.99997399999998
2002,-88.00002600000005,70.99997399999998
2003,-87.00002600000005,71.99997399999998
2004,-86.00002600000005,70.99997399999998
2005,-85.50002600000005,70.99997399999998
2006,-85.00002600000005,70.99997399999998
2007,-85.50002600000005,70.49997399999998
2008,-74.50002600000005,70.99997399999998
2009,-74.00002600000005,70.99997399999998
2010,-73.50002600000005,70.99997399999998
2011,-73.00002600000005,70.99997399999998
2012,-72.50002600000005,70.99997399999998
2013,-72.00002600000005,70.99997399999998
2014,-71.50002600000005,70.99997399999998
2015,-71.00002600000005,70.99997399999998
2016,-70.50002600000005,70.99997399999998
2017,-54.50002600000005,70.99997399999998
2018,-54.00002600000005,70.99997399999998
2019,-52.50002600000005,70.99997399999998
2020,-52.00002600000005,70.99997399999998
2021,-51.50002600000005,70.99997399999998
2022,-51.00002600000005,70.99997399999998
2023,-26.50002600000005,70.99997399999998
2024,-25.00002600000005,70.99997399999998
2025,-24.50002600000005,71.49997399999998
2026,-24.00002600000005,70.99997399999998
2027,-22.50002600000005,70.99997399999998
2028,25.49997399999995,70.99997399999998
2029,25.99997399999995,70.99997399999998
2030,26.49997399999995,70.99997399999998
2031,27.49997399999995,70.99997399999998
2032,27.99997399999995,70.99997399999998
2033,28.49997399999995,70.99997399999998
2034,52.49997399999995,71.49997399999998
2035,52.99997399999995,70.99997399999998
2036,53.49997399999995,71.49997399999998
2037,53.99997399999995,70.99997399999998
2038,55.49997399999995,70.99997399999998
2039,56.99997399999995,70.99997399999998
2040,66.99997399999995,70.99997399999998
2041,67.49997399999995,70.99997399999998
2042,67.99997399999995,70.99997399999998
2043,70.49997399999995,70.99997399999998
2044,71.99997399999995,70.99997399999998
2045,72.99997399999995,70.99997399999998
2046,73.49997399999995,70.99997399999998
2047,74.49997399999995,70.99997399999998
2048,75.49997399999995,70.99997399999998
2049,76.49997399999995,70.99997399999998
2050,76.99997399999995,71.49997399999998
2051,77.49997399999995,70.99997399999998
2052,77.99997399999995,70.99997399999998
2053,79.99997399999995,70.99997399999998
2054,81.99997399999995,70.99997399999998
2055,82.99997399999995,70.99997399999998
2056,84.49997399999995,70.99997399999998
2057,128.999974,70.99997399999998
2058,129.999974,70.99997399999998
2059,132.999974,70.99997399999998
2060,133.499974,70.99997399999998
2061,134.499974,70.99997399999998
2062,134.999974,70.99997399999998
2063,136.999974,70.49997399999998
2064,137.999974,71.49997399999998
2065,138.999974,71.49997399999998
2066,149.999974,70.99997399999998
2067,151.499974,70.99997399999998
2068,151.999974,70.99997399999998
2069,152.499974,70.99997399999998
2070,155.999974,70.99997399999998
2071,156.499974,70.99997399999998
2072,156.999974,71.49997399999998
2073,157.499974,70.99997399999998
2074,178.999974,70.99997399999998
2075,179.499974,70.99997399999998
2076,179.999974,70.99997399999998
2077,-179.5000260000001,70.49997399999998
2078,-179.0000260000001,70.49997399999998
2079,-178.5000260000001,70.49997399999998
2080,-178.0000260000001,70.49997399999998
2081,-160.0000260000001,70.49997399999998
2082,-159.5000260000001,70.49997399999998
2083,-159.0000260000001,70.49997399999998
2084,-158.5000260000001,70.49997399999998
2085,-158.0000260000001,70.49997399999998
2086,-157.5000260000001,70.49997399999998
2087,-158.0000260000001,69.49997399999998
2088,-156.0000260000001,69.99997399999998
2089,-155.0000260000001,70.49997399999998
2090,-154.5000260000001,70.49997399999998
2091,-154.0000260000001,70.49997399999998
2092,-153.5000260000001,70.49997399999998
2093,-153.5000260000001,69.99997399999998
2094,-152.5000260000001,70.49997399999998
2095,-152.0000260000001,70.49997399999998
2096,-118.000026,70.49997399999998
2097,-117.500026,70.49997399999998
2098,-117.000026,70.49997399999998
2099,-116.500026,70.49997399999998
2100,-116.000026,70.49997399999998
2101,-115.500026,70.49997399999998
2102,-115.000026,70.49997399999998
2103,-114.500026,70.49997399999998
2104,-114.000026,70.49997399999998
2105,-113.500026,70.49997399999998
2106,-113.000026,70.49997399999998
2107,-112.500026,70.49997399999998
2108,-105.500026,69.99997399999998
2109,-105.000026,69.99997399999998
2110,-103.000026,69.99997399999998
2111,-96.50002600000005,70.49997399999998
2112,-95.50002600000005,70.49997399999998
2113,-93.50002600000005,70.49997399999998
2114,-92.00002600000005,70.49997399999998
2115,-91.50002600000005,70.49997399999998
2116,-88.00002600000005,70.49997399999998
2117,-87.50002600000005,70.49997399999998
2118,-78.50002600000005,70.49997399999998
2119,-74.00002600000005,69.99997399999998
2120,-71.50002600000005,70.49997399999998
2121,-71.00002600000005,70.49997399999998
2122,-70.50002600000005,70.49997399999998
2123,-70.00002600000005,70.49997399999998
2124,-69.50002600000005,70.49997399999998
2125,-69.00002600000005,70.49997399999998
2126,-68.50002600000005,70.49997399999998
2127,-68.00002600000005,70.49997399999998
2128,-53.50002600000005,70.49997399999998
2129,-53.00002600000005,70.49997399999998
2130,-52.50002600000005,70.49997399999998
2131,-52.00002600000005,70.49997399999998
2132,-51.50002600000005,70.49997399999998
2133,-51.00002600000005,70.49997399999998
2134,-50.50002600000005,70.49997399999998
2135,-29.50002600000005,70.49997399999998
2136,-28.00002600000005,70.49997399999998
2137,-27.50002600000005,70.49997399999998
2138,-27.50002600000005,70.99997399999998
2139,-27.00002600000005,70.99997399999998
2140,-26.00002600000005,70.49997399999998
2141,-25.50002600000005,70.49997399999998
2142,-25.00002600000005,70.49997399999998
2143,-23.50002600000005,70.49997399999998
2144,-22.50002600000005,70.49997399999998
2145,22.49997399999995,70.49997399999998
2146,22.99997399999995,70.49997399999998
2147,23.49997399999995,70.49997399999998
2148,23.99997399999995,70.49997399999998
2149,24.49997399999995,70.49997399999998
2150,24.99997399999995,70.49997399999998
2151,25.49997399999995,70.49997399999998
2152,25.99997399999995,70.49997399999998
2153,26.49997399999995,70.49997399999998
2154,26.99997399999995,70.49997399999998
2155,27.49997399999995,70.49997399999998
2156,27.99997399999995,70.49997399999998
2157,28.49997399999995,70.49997399999998
2158,28.99997399999995,70.49997399999998
2159,29.49997399999995,70.49997399999998
2160,29.99997399999995,70.49997399999998
2161,30.49997399999995,70.49997399999998
2162,30.99997399999995,70.49997399999998
2163,53.99997399999995,70.49997399999998
2164,54.49997399999995,70.49997399999998
2165,54.99997399999995,70.49997399999998
2166,55.49997399999995,70.49997399999998
2167,55.99997399999995,70.49997399999998
2168,56.49997399999995,70.49997399999998
2169,56.99997399999995,70.49997399999998
2170,57.49997399999995,70.49997399999998
2171,57.99997399999995,70.49997399999998
2172,66.49997399999995,70.49997399999998
2173,66.99997399999995,70.49997399999998
2174,67.49997399999995,70.49997399999998
2175,72.49997399999995,70.49997399999998
2176,73.99997399999995,70.49997399999998
2177,74.49997399999995,70.49997399999998
2178,81.49997399999995,69.49997399999998
2179,82.99997399999995,70.49997399999998
2180,83.49997399999995,70.49997399999998
2181,83.99997399999995,70.49997399999998
2182,130.499974,70.49997399999998
2183,130.999974,70.49997399999998
2184,131.999974,70.49997399999998
2185,148.999974,68.99997399999998
2186,152.999974,70.49997399999998
2187,153.499974,70.99997399999998
2188,148.499974,67.99997399999998
2189,154.499974,70.49997399999998
2190,154.999974,70.49997399999998
2191,155.499974,70.49997399999998
2192,155.499974,69.99997399999998
2193,157.999974,70.49997399999998
2194,157.499974,69.99997399999998
2195,158.999974,70.49997399999998
2196,158.999974,69.99997399999998
2197,159.999974,70.49997399999998
2198,160.999974,70.49997399999998
2199,161.999974,70.49997399999998
2200,178.999974,70.49997399999998
2201,179.499974,70.49997399999998
2202,179.999974,70.49997399999998
2203,-162.0000260000001,69.99997399999998
2204,-161.5000260000001,69.99997399999998
2205,-161.0000260000001,69.99997399999998
2206,-160.5000260000001,69.99997399999998
2207,-160.0000260000001,69.99997399999998
2208,-152.5000260000001,69.49997399999998
2209,-151.0000260000001,69.99997399999998
2210,-150.5000260000001,69.49997399999998
2211,-150.0000260000001,69.99997399999998
2212,-149.5000260000001,69.99997399999998
2213,-149.5000260000001,69.49997399999998
2214,-148.5000260000001,69.99997399999998
2215,-148.0000260000001,69.99997399999998
2216,-147.5000260000001,69.99997399999998
2217,-147.0000260000001,70.49997399999998
2218,-146.5000260000001,69.99997399999998
2219,-146.0000260000001,69.99997399999998
2220,-146.0000260000001,68.49997399999998
2221,-144.0000260000001,70.49997399999998
2222,-143.5000260000001,69.99997399999998
2223,-143.5000260000001,69.49997399999998
2224,-142.5000260000001,69.99997399999998
2225,-130.5000260000001,69.99997399999998
2226,-130.0000260000001,69.99997399999998
2227,-129.5000260000001,69.99997399999998
2228,-128.5000260000001,69.99997399999998
2229,-128.0000260000001,69.99997399999998
2230,-127.500026,69.99997399999998
2231,-127.000026,69.99997399999998
2232,-126.500026,69.99997399999998
2233,-124.500026,69.99997399999998
2234,-124.000026,69.99997399999998
2235,-116.500026,69.99997399999998
2236,-116.000026,69.99997399999998
2237,-115.500026,69.99997399999998
2238,-115.000026,69.99997399999998
2239,-114.500026,69.99997399999998
2240,-114.000026,69.99997399999998
2241,-113.500026,69.99997399999998
2242,-113.500026,69.49997399999998
2243,-112.500026,69.99997399999998
2244,-112.500026,69.49997399999998
2245,-110.000026,70.99997399999998
2246,-102.500026,69.99997399999998
2247,-102.000026,69.99997399999998
2248,-101.500026,69.99997399999998
2249,-101.000026,69.99997399999998
2250,-100.500026,69.99997399999998
2251,-100.000026,69.99997399999998
2252,-96.50002600000005,69.99997399999998
2253,-96.00002600000005,69.99997399999998
2254,-94.00002600000005,70.99997399999998
2255,-91.50002600000005,69.99997399999998
2256,-91.00002600000005,69.99997399999998
2257,-87.50002600000005,69.99997399999998
2258,-87.00002600000005,69.99997399999998
2259,-86.50002600000005,69.99997399999998
2260,-86.00002600000005,69.99997399999998
2261,-83.50002600000005,70.99997399999998
2262,-82.00002600000005,69.99997399999998
2263,-81.50002600000005,69.99997399999998
2264,-81.00002600000005,69.99997399999998
2265,-80.50002600000005,69.99997399999998
2266,-79.00002600000005,70.49997399999998
2267,-78.50002600000005,70.49997399999998
2268,-78.00002600000005,69.99997399999998
2269,-77.50002600000005,69.99997399999998
2270,-72.50002600000005,69.99997399999998
2271,-71.50002600000005,69.99997399999998
2272,-70.50002600000005,69.99997399999998
2273,-69.00002600000005,69.99997399999998
2274,-68.50002600000005,69.99997399999998
2275,-68.00002600000005,69.99997399999998
2276,-67.50002600000005,69.99997399999998
2277,-53.50002600000005,69.99997399999998
2278,-53.00002600000005,69.99997399999998
2279,-52.50002600000005,69.99997399999998
2280,-52.00002600000005,69.99997399999998
2281,-51.50002600000005,69.99997399999998
2282,-51.00002600000005,69.99997399999998
2283,-48.50002600000005,70.49997399999998
2284,-31.50002600000005,71.49997399999998
2285,-28.00002600000005,69.99997399999998
2286,-28.50002600000005,69.49997399999998
2287,-27.00002600000005,70.49997399999998
2288,-26.50002600000005,69.99997399999998
2289,-26.00002600000005,69.99997399999998
2290,-25.50002600000005,69.99997399999998
2291,-25.00002600000005,69.99997399999998
2292,-23.50002600000005,69.99997399999998
2293,-23.00002600000005,69.99997399999998
2294,-22.50002600000005,69.99997399999998
2295,-22.00002600000005,69.99997399999998
2296,18.99997399999995,69.99997399999998
2297,19.49997399999995,69.99997399999998
2298,19.99997399999995,69.99997399999998
2299,20.49997399999995,69.99997399999998
2300,20.99997399999995,69.99997399999998
2301,21.49997399999995,69.99997399999998
2302,21.99997399999995,69.99997399999998
2303,22.49997399999995,69.99997399999998
2304,22.99997399999995,69.99997399999998
2305,22.99997399999995,68.49997399999998
2306,24.49997399999995,69.49997399999998
2307,24.99997399999995,69.49997399999998
2308,26.49997399999995,69.99997399999998
2309,25.99997399999995,68.99997399999998
2310,28.99997399999995,69.99997399999998
2311,29.49997399999995,69.99997399999998
2312,29.99997399999995,69.99997399999998
2313,30.49997399999995,69.99997399999998
2314,30.99997399999995,69.99997399999998
2315,31.49997399999995,69.99997399999998
2316,58.99997399999995,69.99997399999998
2317,59.49997399999995,69.99997399999998
2318,59.99997399999995,69.99997399999998
2319,60.49997399999995,69.99997399999998
2320,66.99997399999995,69.99997399999998
2321,70.49997399999995,69.99997399999998
2322,70.99997399999995,69.49997399999998
2323,73.99997399999995,69.99997399999998
2324,74.49997399999995,69.99997399999998
2325,85.49997399999995,70.49997399999998
2326,83.49997399999995,69.99997399999998
2327,83.99997399999995,69.99997399999998
2328,159.499974,69.99997399999998
2329,160.499974,69.99997399999998
2330,170.999974,69.99997399999998
2331,171.499974,69.99997399999998
2332,-163.0000260000001,69.49997399999998
2333,-161.5000260000001,69.99997399999998
2334,-145.0000260000001,69.49997399999998
2335,-145.0000260000001,69.49997399999998
2336,-143.0000260000001,68.99997399999998
2337,-142.0000260000001,68.99997399999998
2338,-141.0000260000001,69.49997399999998
2339,-140.5000260000001,69.49997399999998
2340,-140.0000260000001,69.49997399999998
2341,-139.5000260000001,69.49997399999998
2342,-139.0000260000001,69.49997399999998
2343,-135.0000260000001,69.49997399999998
2344,-134.5000260000001,69.49997399999998
2345,-134.0000260000001,69.49997399999998
2346,-133.5000260000001,69.49997399999998
2347,-132.5000260000001,69.49997399999998
2348,-132.0000260000001,69.49997399999998
2349,-131.5000260000001,69.49997399999998
2350,-131.0000260000001,69.49997399999998
2351,-131.0000260000001,69.49997399999998
2352,-130.0000260000001,69.49997399999998
2353,-129.5000260000001,69.49997399999998
2354,-129.0000260000001,69.49997399999998
2355,-127.500026,69.49997399999998
2356,-126.500026,69.99997399999998
2357,-126.000026,69.49997399999998
2358,-125.000026,69.49997399999998
2359,-124.500026,69.49997399999998
2360,-124.000026,69.49997399999998
2361,-123.000026,69.49997399999998
2362,-122.500026,69.49997399999998
2363,-122.000026,69.49997399999998
2364,-121.500026,69.49997399999998
2365,-121.000026,69.49997399999998
2366,-121.000026,68.99997399999998
2367,-116.500026,69.49997399999998
2368,-103.500026,69.49997399999998
2369,-102.500026,69.49997399999998
2370,-102.000026,69.49997399999998
2371,-101.500026,69.49997399999998
2372,-101.000026,69.49997399999998
2373,-100.500026,69.49997399999998
2374,-98.50002600000005,69.49997399999998
2375,-98.00002600000005,69.49997399999998
2376,-97.50002600000005,69.49997399999998
2377,-97.00002600000005,68.99997399999998
2378,-96.00002600000005,69.49997399999998
2379,-95.50002600000005,69.49997399999998
2380,-95.00002600000005,69.49997399999998
2381,-94.50002600000005,69.49997399999998
2382,-94.00002600000005,69.49997399999998
2383,-92.00002600000005,69.49997399999998
2384,-91.50002600000005,69.49997399999998
2385,-91.00002600000005,69.49997399999998
2386,-90.50002600000005,69.49997399999998
2387,-90.00002600000005,69.49997399999998
2388,-87.00002600000005,69.49997399999998
2389,-86.50002600000005,69.49997399999998
2390,-85.50002600000005,69.49997399999998
2391,-85.00002600000005,69.49997399999998
2392,-84.50002600000005,69.99997399999998
2393,-84.00002600000005,69.49997399999998
2394,-83.50002600000005,69.49997399999998
2395,-83.00002600000005,69.49997399999998
2396,-82.50002600000005,69.49997399999998
2397,-82.00002600000005,69.49997399999998
2398,-81.50002600000005,69.49997399999998
2399,-81.00002600000005,69.49997399999998
2400,-80.50002600000005,69.49997399999998
2401,-80.00002600000005,69.49997399999998
2402,-79.50002600000005,69.49997399999998
2403,-79.00002600000005,69.49997399999998
2404,-78.50002600000005,69.49997399999998
2405,-78.00002600000005,69.49997399999998
2406,-77.50002600000005,69.49997399999998
2407,-77.00002600000005,69.99997399999998
2408,-76.50002600000005,69.49997399999998
2409,-71.00002600000005,69.49997399999998
2410,-69.00002600000005,69.49997399999998
2411,-68.50002600000005,69.49997399999998
2412,-68.00002600000005,69.49997399999998
2413,-67.50002600000005,69.49997399999998
2414,-53.50002600000005,69.49997399999998
2415,-52.50002600000005,69.49997399999998
2416,-50.50002600000005,69.49997399999998
2417,-50.00002600000005,69.49997399999998
2418,-26.00002600000005,69.49997399999998
2419,-24.00002600000005,69.49997399999998
2420,17.99997399999995,69.49997399999998
2421,18.49997399999995,69.49997399999998
2422,18.99997399999995,69.49997399999998
2423,19.49997399999995,69.49997399999998
2424,19.99997399999995,69.49997399999998
2425,20.49997399999995,69.99997399999998
2426,20.99997399999995,69.49997399999998
2427,21.49997399999995,69.99997399999998
2428,21.99997399999995,69.49997399999998
2429,28.49997399999995,69.49997399999998
2430,25.49997399999995,67.99997399999998
2431,30.99997399999995,69.49997399999998
2432,30.99997399999995,69.49997399999998
2433,31.49997399999995,69.49997399999998
2434,31.99997399999995,69.49997399999998
2435,32.99997399999995,69.49997399999998
2436,32.99997399999995,69.49997399999998
2437,58.99997399999995,69.49997399999998
2438,59.49997399999995,69.49997399999998
2439,59.99997399999995,69.49997399999998
2440,60.49997399999995,69.49997399999998
2441,60.99997399999995,69.49997399999998
2442,61.49997399999995,69.49997399999998
2443,61.99997399999995,69.49997399999998
2444,62.49997399999995,69.49997399999998
2445,62.99997399999995,68.99997399999998
2446,63.49997399999995,69.49997399999998
2447,63.99997399999995,69.49997399999998
2448,64.49997399999995,69.49997399999998
2449,66.99997399999995,69.49997399999998
2450,67.49997399999995,69.49997399999998
2451,67.99997399999995,69.49997399999998
2452,71.99997399999995,69.49997399999998
2453,73.99997399999995,69.49997399999998
2454,157.499974,68.49997399999998
2455,160.499974,69.99997399999998
2456,160.999974,69.49997399999998
2457,161.499974,69.49997399999998
2458,161.999974,69.49997399999998
2459,162.499974,69.49997399999998
2460,162.999974,69.99997399999998
2461,163.499974,69.49997399999998
2462,163.999974,69.49997399999998
2463,164.499974,69.49997399999998
2464,164.999974,69.49997399999998
2465,164.999974,68.99997399999998
2466,165.999974,69.49997399999998
2467,166.499974,69.49997399999998
2468,167.499974,69.49997399999998
2469,167.999974,69.49997399999998
2470,168.499974,69.49997399999998
2471,168.999974,69.49997399999998
2472,169.499974,69.49997399999998
2473,170.499974,69.49997399999998
2474,170.999974,69.49997399999998
2475,171.999974,69.49997399999998
2476,172.499974,69.49997399999998
2477,172.999974,69.49997399999998
2478,173.499974,69.99997399999998
2479,173.999974,69.49997399999998
2480,174.499974,69.49997399999998
2481,174.999974,69.49997399999998
2482,175.499974,69.49997399999998
2483,175.999974,69.49997399999998
2484,176.499974,69.49997399999998
2485,176.999974,69.49997399999998
2486,177.499974,69.49997399999998
2487,177.999974,69.49997399999998
2488,-163.5000260000001,68.99997399999998
2489,-163.0000260000001,68.99997399999998
2490,-141.5000260000001,68.49997399999998
2491,-139.0000260000001,68.99997399999998
2492,-138.5000260000001,68.99997399999998
2493,-139.5000260000001,68.49997399999998
2494,-137.5000260000001,68.99997399999998
2495,-136.0000260000001,68.99997399999998
2496,-135.5000260000001,68.99997399999998
2497,-135.0000260000001,68.99997399999998
2498,-134.5000260000001,68.99997399999998
2499,-134.0000260000001,68.99997399999998
2500,-133.5000260000001,68.99997399999998
2501,-133.0000260000001,68.99997399999998
2502,-131.0000260000001,68.49997399999998
2503,-125.500026,68.99997399999998
2504,-125.000026,68.99997399999998
2505,-124.000026,68.99997399999998
2506,-121.500026,69.49997399999998
2507,-120.000026,68.99997399999998
2508,-119.500026,67.99997399999998
2509,-119.000026,68.49997399999998
2510,-118.500026,68.49997399999998
2511,-118.000026,68.49997399999998
2512,-116.000026,68.99997399999998
2513,-115.500026,68.99997399999998
2514,-115.000026,68.99997399999998
2515,-114.500026,68.99997399999998
2516,-114.000026,68.99997399999998
2517,-113.500026,68.99997399999998
2518,-108.500026,68.99997399999998
2519,-106.000026,69.99997399999998
2520,-105.500026,69.99997399999998
2521,-103.000026,68.99997399999998
2522,-102.500026,68.99997399999998
2523,-102.000026,68.99997399999998
2524,-101.500026,68.99997399999998
2525,-101.000026,68.99997399999998
2526,-100.500026,68.99997399999998
2527,-99.50002600000003,68.99997399999998
2528,-99.00002600000003,68.99997399999998
2529,-98.50002600000005,68.99997399999998
2530,-98.00002600000005,68.99997399999998
2531,-96.50002600000005,68.99997399999998
2532,-96.00002600000005,68.99997399999998
2533,-95.50002600000005,68.99997399999998
2534,-95.00002600000005,68.99997399999998
2535,-94.00002600000005,68.99997399999998
2536,-93.50002600000005,68.99997399999998
2537,-91.00002600000005,68.99997399999998
2538,-90.50002600000005,68.99997399999998
2539,-89.00002600000005,68.99997399999998
2540,-88.50002600000005,68.99997399999998
2541,-85.50002600000005,68.99997399999998
2542,-85.00002600000005,68.99997399999998
2543,-83.50002600000005,68.99997399999998
2544,-81.50002600000005,68.99997399999998
2545,-81.00002600000005,68.99997399999998
2546,-79.00002600000005,68.99997399999998
2547,-78.50002600000005,68.99997399999998
2548,-77.00002600000005,68.99997399999998
2549,-76.50002600000005,68.99997399999998
2550,-76.00002600000005,68.99997399999998
2551,-75.50002600000005,68.99997399999998
2552,-70.00002600000005,68.99997399999998
2553,-68.50002600000005,68.99997399999998
2554,-68.00002600000005,68.99997399999998
2555,-67.50002600000005,68.99997399999998
2556,-67.00002600000005,68.99997399999998
2557,-66.50002600000005,68.99997399999998
2558,-53.50002600000005,68.99997399999998
2559,-53.00002600000005,68.99997399999998
2560,-52.50002600000005,68.99997399999998
2561,-52.00002600000005,68.99997399999998
2562,-50.50002600000005,68.99997399999998
2563,-41.50002600000005,73.49997399999998
2564,-27.50002600000005,68.99997399999998
2565,-27.00002600000005,68.99997399999998
2566,-26.50002600000005,68.99997399999998
2567,-26.00002600000005,68.99997399999998
2568,-25.50002600000005,68.99997399999998
2569,-25.00002600000005,68.99997399999998
2570,-24.50002600000005,68.99997399999998
2571,-24.00002600000005,68.99997399999998
2572,15.99997399999995,68.99997399999998
2573,16.49997399999995,68.99997399999998
2574,16.99997399999995,68.99997399999998
2575,17.49997399999995,68.99997399999998
2576,17.99997399999995,68.99997399999998
2577,19.49997399999995,69.49997399999998
2578,33.49997399999995,69.49997399999998
2579,33.99997399999995,68.99997399999998
2580,34.49997399999995,68.99997399999998
2581,34.49997399999995,68.49997399999998
2582,35.49997399999995,68.99997399999998
2583,35.99997399999995,67.99997399999998
2584,36.49997399999995,68.99997399999998
2585,48.49997399999995,68.99997399999998
2586,48.99997399999995,68.99997399999998
2587,49.49997399999995,68.99997399999998
2588,49.99997399999995,68.99997399999998
2589,50.49997399999995,68.99997399999998
2590,59.49997399999995,68.99997399999998
2591,60.49997399999995,68.99997399999998
2592,60.99997399999995,68.99997399999998
2593,64.99997399999995,69.49997399999998
2594,65.49997399999995,68.99997399999998
2595,65.99997399999995,68.99997399999998
2596,66.49997399999995,68.49997399999998
2597,67.49997399999995,68.99997399999998
2598,68.49997399999995,68.99997399999998
2599,70.99997399999995,68.99997399999998
2600,72.99997399999995,68.99997399999998
2601,73.99997399999995,68.99997399999998
2602,74.49997399999995,68.99997399999998
2603,74.99997399999995,68.99997399999998
2604,75.49997399999995,68.99997399999998
2605,75.99997399999995,68.99997399999998
2606,76.49997399999995,68.99997399999998
2607,76.99997399999995,68.99997399999998
2608,164.499974,69.49997399999998
2609,167.499974,69.49997399999998
2610,167.999974,68.99997399999998
2611,168.999974,68.99997399999998
2612,169.499974,68.99997399999998
2613,170.999974,68.99997399999998
2614,177.499974,68.99997399999998
2615,178.999974,68.99997399999998
2616,178.999974,68.49997399999998
2617,179.999974,68.99997399999998
2618,-179.5000260000001,68.49997399999998
2619,-179.5000260000001,68.49997399999998
2620,-178.5000260000001,68.49997399999998
2621,-166.0000260000001,68.49997399999998
2622,-165.5000260000001,68.49997399999998
2623,-165.0000260000001,68.49997399999998
2624,-164.5000260000001,68.49997399999998
2625,-164.0000260000001,68.49997399999998
2626,-137.5000260000001,67.99997399999998
2627,-136.5000260000001,68.49997399999998
2628,-136.5000260000001,67.99997399999998
2629,-135.5000260000001,68.99997399999998
2630,-134.5000260000001,68.49997399999998
2631,-117.500026,68.49997399999998
2632,-117.000026,68.49997399999998
2633,-116.500026,67.99997399999998
2634,-116.000026,67.99997399999998
2635,-115.500026,68.49997399999998
2636,-115.000026,68.49997399999998
2637,-114.500026,68.49997399999998
2638,-114.000026,68.49997399999998
2639,-113.500026,68.49997399999998
2640,-113.000026,68.49997399999998
2641,-112.500026,68.49997399999998
2642,-112.000026,68.49997399999998
2643,-111.500026,68.49997399999998
2644,-111.000026,68.49997399999998
2645,-110.500026,68.49997399999998
2646,-110.000026,68.49997399999998
2647,-109.500026,68.49997399999998
2648,-109.000026,68.49997399999998
2649,-109.000026,68.99997399999998
2650,-108.000026,68.49997399999998
2651,-107.500026,68.49997399999998
2652,-107.000026,68.49997399999998
2653,-106.500026,68.49997399999998
2654,-106.000026,68.49997399999998
2655,-105.500026,68.49997399999998
2656,-105.000026,68.49997399999998
2657,-104.500026,68.49997399999998
2658,-104.000026,68.49997399999998
2659,-103.500026,68.49997399999998
2660,-103.000026,68.49997399999998
2661,-102.500026,68.49997399999998
2662,-101.500026,68.49997399999998
2663,-101.000026,68.49997399999998
2664,-100.500026,68.49997399999998
2665,-100.000026,68.49997399999998
2666,-99.50002600000003,68.49997399999998
2667,-99.00002600000003,68.49997399999998
2668,-98.50002600000005,68.49997399999998
2669,-98.00002600000005,68.49997399999998
2670,-97.50002600000005,68.49997399999998
2671,-97.00002600000005,68.49997399999998
2672,-96.50002600000005,68.49997399999998
2673,-96.00002600000005,68.49997399999998
2674,-95.50002600000005,68.49997399999998
2675,-95.00002600000005,68.49997399999998
2676,-94.50002600000005,68.49997399999998
2677,-94.00002600000005,68.49997399999998
2678,-91.50002600000005,68.49997399999998
2679,-91.00002600000005,67.99997399999998
2680,-89.50002600000005,68.49997399999998
2681,-88.00002600000005,68.49997399999998
2682,-87.50002600000005,68.49997399999998
2683,-85.00002600000005,68.49997399999998
2684,-84.50002600000005,68.49997399999998
2685,-83.50002600000005,68.49997399999998
2686,-81.00002600000005,68.49997399999998
2687,-79.00002600000005,68.49997399999998
2688,-78.50002600000005,68.49997399999998
2689,-76.00002600000005,68.49997399999998
2690,-75.50002600000005,68.49997399999998
2691,-75.00002600000005,68.99997399999998
2692,-74.50002600000005,68.49997399999998
2693,-74.00002600000005,68.49997399999998
2694,-69.50002600000005,68.49997399999998
2695,-69.00002600000005,68.49997399999998
2696,-68.50002600000005,68.49997399999998
2697,-67.50002600000005,68.49997399999998
2698,-52.50002600000005,68.49997399999998
2699,-52.00002600000005,68.49997399999998
2700,-51.50002600000005,68.49997399999998
2701,-51.00002600000005,68.49997399999998
2702,-48.00002600000005,68.99997399999998
2703,-28.00002600000005,68.49997399999998
2704,14.49997399999995,68.49997399999998
2705,14.99997399999995,68.49997399999998
2706,15.49997399999995,68.49997399999998
2707,15.99997399999995,68.49997399999998
2708,16.49997399999995,68.49997399999998
2709,16.99997399999995,68.49997399999998
2710,17.49997399999995,68.49997399999998
2711,17.99997399999995,68.49997399999998
2712,36.49997399999995,67.99997399999998
2713,37.49997399999995,68.49997399999998
2714,37.49997399999995,68.49997399999998
2715,38.49997399999995,68.49997399999998
2716,43.49997399999995,68.49997399999998
2717,43.99997399999995,68.49997399999998
2718,44.49997399999995,68.49997399999998
2719,44.99997399999995,68.49997399999998
2720,45.49997399999995,68.49997399999998
2721,48.49997399999995,68.49997399999998
2722,48.99997399999995,68.49997399999998
2723,49.49997399999995,68.49997399999998
2724,49.99997399999995,68.49997399999998
2725,52.49997399999995,68.49997399999998
2726,52.99997399999995,68.49997399999998
2727,53.49997399999995,68.49997399999998
2728,53.99997399999995,68.49997399999998
2729,54.49997399999995,68.49997399999998
2730,55.49997399999995,68.49997399999998
2731,55.99997399999995,68.49997399999998
2732,56.49997399999995,68.49997399999998
2733,56.99997399999995,68.99997399999998
2734,57.49997399999995,68.49997399999998
2735,57.99997399999995,68.49997399999998
2736,58.49997399999995,68.49997399999998
2737,58.99997399999995,68.49997399999998
2738,59.49997399999995,68.49997399999998
2739,59.99997399999995,68.49997399999998
2740,60.49997399999995,68.49997399999998
2741,60.99997399999995,68.49997399999998
2742,66.99997399999995,68.49997399999998
2743,67.49997399999995,68.49997399999998
2744,67.99997399999995,68.49997399999998
2745,68.99997399999995,68.49997399999998
2746,70.49997399999995,69.49997399999998
2747,72.49997399999995,67.99997399999998
2748,73.49997399999995,68.49997399999998
2749,74.99997399999995,68.49997399999998
2750,75.49997399999995,68.49997399999998
2751,75.99997399999995,68.49997399999998
2752,76.49997399999995,68.49997399999998
2753,76.99997399999995,68.49997399999998
2754,77.49997399999995,69.99997399999998
2755,77.99997399999995,68.49997399999998
2756,169.499974,68.49997399999998
2757,169.999974,68.49997399999998
2758,169.499974,67.49997399999998
2759,176.999974,67.99997399999998
2760,179.999974,68.49997399999998
2761,-179.0000260000001,67.99997399999998
2762,-179.5000260000001,66.49997399999998
2763,-177.0000260000001,67.99997399999998
2764,-176.5000260000001,67.99997399999998
2765,-166.5000260000001,67.99997399999998
2766,-166.0000260000001,67.99997399999998
2767,-165.5000260000001,67.99997399999998
2768,-115.500026,67.99997399999998
2769,-114.500026,67.99997399999998
2770,-114.000026,67.99997399999998
2771,-112.000026,67.99997399999998
2772,-108.500026,67.99997399999998
2773,-108.000026,67.99997399999998
2774,-107.500026,67.99997399999998
2775,-107.000026,67.99997399999998
2776,-106.500026,68.49997399999998
2777,-106.000026,67.99997399999998
2778,-105.500026,66.99997399999998
2779,-105.000026,66.99997399999998
2780,-104.500026,67.99997399999998
2781,-104.500026,65.99997399999998
2782,-103.500026,66.99997399999998
2783,-102.500026,67.99997399999998
2784,-99.50002600000003,67.99997399999998
2785,-99.00002600000003,67.99997399999998
2786,-98.50002600000005,67.99997399999998
2787,-98.00002600000005,67.99997399999998
2788,-97.50002600000005,67.99997399999998
2789,-97.00002600000005,67.99997399999998
2790,-96.50002600000005,67.99997399999998
2791,-96.00002600000005,67.99997399999998
2792,-95.50002600000005,67.99997399999998
2793,-95.00002600000005,67.99997399999998
2794,-94.50002600000005,67.49997399999998
2795,-94.00002600000005,67.49997399999998
2796,-89.00002600000005,67.49997399999998
2797,-88.50002600000005,67.99997399999998
2798,-85.50002600000005,67.99997399999998
2799,-83.00002600000005,67.99997399999998
2800,-79.00002600000005,67.99997399999998
2801,-78.50002600000005,67.99997399999998
2802,-77.00002600000005,67.99997399999998
2803,-76.50002600000005,67.99997399999998
2804,-76.00002600000005,67.99997399999998
2805,-75.50002600000005,67.99997399999998
2806,-75.00002600000005,67.99997399999998
2807,-74.00002600000005,67.99997399999998
2808,-73.50002600000005,67.99997399999998
2809,-73.00002600000005,67.99997399999998
2810,-68.00002600000005,67.99997399999998
2811,-67.00002600000005,67.99997399999998
2812,-66.50002600000005,67.99997399999998
2813,-66.00002600000005,67.99997399999998
2814,-65.00002600000005,67.99997399999998
2815,-64.50002600000005,67.99997399999998
2816,-52.50002600000005,67.99997399999998
2817,-52.00002600000005,67.99997399999998
2818,-51.50002600000005,67.99997399999998
2819,-51.00002600000005,67.99997399999998
2820,-33.50002600000005,67.99997399999998
2821,-35.50002600000005,70.99997399999998
2822,-31.50002600000005,67.99997399999998
2823,-31.00002600000005,67.99997399999998
2824,-30.50002600000005,67.99997399999998
2825,-29.50002600000005,69.49997399999998
2826,-29.50002600000005,67.99997399999998
2827,-29.00002600000005,67.99997399999998
2828,-28.50002600000005,68.99997399999998
2829,-28.00002600000005,67.99997399999998
2830,13.49997399999995,67.99997399999998
2831,13.99997399999995,67.99997399999998
2832,14.49997399999995,67.99997399999998
2833,14.99997399999995,67.99997399999998
2834,15.49997399999995,67.99997399999998
2835,15.99997399999995,67.99997399999998
2836,16.49997399999995,67.49997399999998
2837,16.99997399999995,67.99997399999998
2838,37.99997399999995,67.99997399999998
2839,38.99997399999995,67.99997399999998
2840,39.49997399999995,67.99997399999998
2841,39.49997399999995,67.99997399999998
2842,43.99997399999995,67.99997399999998
2843,44.49997399999995,67.99997399999998
2844,45.49997399999995,67.99997399999998
2845,45.99997399999995,67.99997399999998
2846,46.49997399999995,67.99997399999998
2847,46.99997399999995,67.99997399999998
2848,49.99997399999995,67.99997399999998
2849,50.49997399999995,68.49997399999998
2850,50.99997399999995,67.99997399999998
2851,51.49997399999995,67.99997399999998
2852,51.99997399999995,67.99997399999998
2853,51.99997399999995,67.99997399999998
2854,52.99997399999995,67.99997399999998
2855,53.49997399999995,67.99997399999998
2856,58.49997399999995,68.49997399999998
2857,54.49997399999995,67.99997399999998
2858,54.99997399999995,67.49997399999998
2859,58.99997399999995,67.99997399999998
2860,60.49997399999995,68.49997399999998
2861,66.99997399999995,67.99997399999998
2862,68.49997399999995,67.49997399999998
2863,72.99997399999995,67.99997399999998
2864,73.99997399999995,67.99997399999998
2865,74.49997399999995,67.99997399999998
2866,74.99997399999995,67.99997399999998
2867,77.49997399999995,67.99997399999998
2868,77.99997399999995,67.99997399999998
2869,178.499974,67.99997399999998
2870,-177.5000260000001,66.49997399999998
2871,-177.0000260000001,66.49997399999998
2872,-175.0000260000001,67.49997399999998
2873,-165.0000260000001,67.49997399999998
2874,-164.5000260000001,67.99997399999998
2875,-164.0000260000001,67.49997399999998
2876,-117.000026,68.49997399999998
2877,-114.500026,67.49997399999998
2878,-114.000026,67.49997399999998
2879,-113.500026,66.99997399999998
2880,-113.000026,66.99997399999998
2881,-112.500026,67.49997399999998
2882,-112.000026,67.49997399999998
2883,-113.000026,66.99997399999998
2884,-111.000026,67.49997399999998
2885,-110.500026,67.49997399999998
2886,-110.000026,67.49997399999998
2887,-109.500026,67.49997399999998
2888,-109.000026,67.49997399999998
2889,-108.500026,67.49997399999998
2890,-108.000026,67.49997399999998
2891,-107.500026,67.49997399999998
2892,-103.000026,66.49997399999998
2893,-102.500026,66.99997399999998
2894,-102.000026,66.99997399999998
2895,-101.500026,66.49997399999998
2896,-101.000026,66.49997399999998
2897,-100.500026,66.49997399999998
2898,-99.00002600000003,66.49997399999998
2899,-99.50002600000003,67.49997399999998
2900,-99.00002600000003,66.99997399999998
2901,-98.50002600000005,66.99997399999998
2902,-98.50002600000005,66.99997399999998
2903,-97.00002600000005,66.99997399999998
2904,-95.50002600000005,67.49997399999998
2905,-95.00002600000005,67.49997399999998
2906,-88.50002600000005,67.49997399999998
2907,-87.50002600000005,67.49997399999998
2908,-86.50002600000005,67.49997399999998
2909,-86.00002600000005,67.49997399999998
2910,-82.50002600000005,67.49997399999998
2911,-81.00002600000005,67.49997399999998
2912,-77.00002600000005,67.49997399999998
2913,-75.50002600000005,67.49997399999998
2914,-74.00002600000005,67.49997399999998
2915,-73.50002600000005,67.49997399999998
2916,-70.50002600000005,69.49997399999998
2917,-67.00002600000005,67.49997399999998
2918,-66.00002600000005,66.99997399999998
2919,-65.50002600000005,67.49997399999998
2920,-65.50002600000005,67.49997399999998
2921,-64.50002600000005,67.49997399999998
2922,-64.00002600000005,67.49997399999998
2923,-63.50002600000005,67.49997399999998
2924,-53.50002600000005,67.49997399999998
2925,-53.00002600000005,67.49997399999998
2926,-52.50002600000005,67.49997399999998
2927,-52.00002600000005,67.49997399999998
2928,-51.50002600000005,67.49997399999998
2929,-51.00002600000005,67.49997399999998
2930,-44.50002600000005,66.49997399999998
2931,-33.00002600000005,67.49997399999998
2932,12.99997399999995,67.49997399999998
2933,13.49997399999995,67.49997399999998
2934,14.99997399999995,67.49997399999998
2935,15.49997399999995,67.49997399999998
2936,39.99997399999995,67.49997399999998
2937,40.99997399999995,67.49997399999998
2938,41.49997399999995,67.49997399999998
2939,44.49997399999995,67.49997399999998
2940,44.99997399999995,67.49997399999998
2941,45.99997399999995,67.49997399999998
2942,46.49997399999995,67.49997399999998
2943,46.99997399999995,67.49997399999998
2944,47.99997399999995,67.49997399999998
2945,48.49997399999995,67.49997399999998
2946,48.99997399999995,67.49997399999998
2947,49.49997399999995,67.99997399999998
2948,49.99997399999995,67.49997399999998
2949,72.49997399999995,67.49997399999998
2950,73.49997399999995,67.49997399999998
2951,74.99997399999995,67.49997399999998
2952,76.99997399999995,68.49997399999998
2953,77.99997399999995,67.49997399999998
2954,78.49997399999995,67.99997399999998
2955,82.49997399999995,67.99997399999998
2956,177.999974,67.49997399999998
2957,-175.5000260000001,66.99997399999998
2958,-174.5000260000001,66.99997399999998
2959,-174.0000260000001,66.99997399999998
2960,-173.5000260000001,66.49997399999998
2961,-173.0000260000001,66.49997399999998
2962,-163.5000260000001,66.99997399999998
2963,-163.0000260000001,66.99997399999998
2964,-157.0000260000001,68.49997399999998
2965,-111.000026,66.99997399999998
2966,-108.000026,66.99997399999998
2967,-107.500026,66.99997399999998
2968,-106.000026,67.49997399999998
2969,-96.00002600000005,66.99997399999998
2970,-95.50002600000005,66.99997399999998
2971,-92.00002600000005,67.49997399999998
2972,-87.50002600000005,66.99997399999998
2973,-86.00002600000005,66.99997399999998
2974,-82.50002600000005,66.99997399999998
2975,-76.50002600000005,66.99997399999998
2976,-76.00002600000005,66.99997399999998
2977,-75.50002600000005,66.99997399999998
2978,-75.00002600000005,66.99997399999998
2979,-72.50002600000005,66.99997399999998
2980,-72.00002600000005,66.99997399999998
2981,-64.50002600000005,66.99997399999998
2982,-64.00002600000005,66.99997399999998
2983,-63.50002600000005,66.99997399999998
2984,-63.00002600000005,66.99997399999998
2985,-62.50002600000005,66.99997399999998
2986,-62.00002600000005,66.99997399999998
2987,-53.50002600000005,66.99997399999998
2988,-53.00002600000005,66.99997399999998
2989,-52.50002600000005,66.99997399999998
2990,-52.00002600000005,66.99997399999998
2991,-51.50002600000005,66.99997399999998
2992,-51.00002600000005,66.99997399999998
2993,-45.50002600000005,67.49997399999998
2994,-33.50002600000005,66.99997399999998
2995,-33.00002600000005,66.99997399999998
2996,14.49997399999995,66.99997399999998
2997,15.99997399999995,66.99997399999998
2998,32.99997399999995,68.49997399999998
2999,32.99997399999995,66.99997399999998
3000,36.49997399999995,67.99997399999998
3001,43.99997399999995,66.99997399999998
3002,44.49997399999995,66.99997399999998
3003,44.99997399999995,66.99997399999998
3004,45.49997399999995,66.99997399999998
3005,45.49997399999995,66.99997399999998
3006,47.99997399999995,66.99997399999998
3007,71.49997399999995,67.99997399999998
3008,71.99997399999995,67.49997399999998
3009,73.99997399999995,66.99997399999998
3010,74.49997399999995,66.99997399999998
3011,179.999974,66.99997399999998
3012,-175.0000260000001,65.99997399999998
3013,-174.0000260000001,66.49997399999998
3014,-172.5000260000001,66.49997399999998
3015,-172.0000260000001,66.49997399999998
3016,-171.5000260000001,66.49997399999998
3017,-171.5000260000001,66.49997399999998
3018,-162.5000260000001,66.49997399999998
3019,-162.0000260000001,66.49997399999998
3020,-159.5000260000001,67.99997399999998
3021,-108.000026,66.49997399999998
3022,-107.500026,65.99997399999998
3023,-107.000026,66.49997399999998
3024,-85.50002600000005,66.49997399999998
3025,-85.00002600000005,66.49997399999998
3026,-84.50002600000005,66.99997399999998
3027,-84.00002600000005,66.49997399999998
3028,-83.50002600000005,66.49997399999998
3029,-83.00002600000005,67.49997399999998
3030,-81.50002600000005,66.49997399999998
3031,-69.50002600000005,68.49997399999998
3032,-64.00002600000005,66.49997399999998
3033,-63.00002600000005,66.49997399999998
3034,-62.50002600000005,66.49997399999998
3035,-62.00002600000005,66.49997399999998
3036,-61.50002600000005,66.49997399999998
3037,-61.00002600000005,66.49997399999998
3038,-53.50002600000005,66.49997399999998
3039,-53.00002600000005,66.49997399999998
3040,-52.50002600000005,66.49997399999998
3041,-52.00002600000005,66.49997399999998
3042,-51.50002600000005,66.49997399999998
3043,-51.00002600000005,65.99997399999998
3044,-50.50002600000005,66.49997399999998
3045,-34.00002600000005,67.49997399999998
3046,13.49997399999995,66.49997399999998
3047,13.99997399999995,66.49997399999998
3048,30.49997399999995,67.49997399999998
3049,33.49997399999995,66.49997399999998
3050,33.99997399999995,66.49997399999998
3051,34.49997399999995,66.99997399999998
3052,34.99997399999995,66.49997399999998
3053,40.49997399999995,66.49997399999998
3054,41.49997399999995,66.49997399999998
3055,42.99997399999995,66.49997399999998
3056,44.99997399999995,65.99997399999998
3057,45.99997399999995,65.99997399999998
3058,46.49997399999995,66.99997399999998
3059,46.99997399999995,66.49997399999998
3060,47.49997399999995,66.49997399999998
3061,48.49997399999995,66.99997399999998
3062,70.49997399999995,67.49997399999998
3063,69.99997399999995,66.49997399999998
3064,70.49997399999995,66.49997399999998
3065,70.99997399999995,66.49997399999998
3066,71.49997399999995,66.49997399999998
3067,71.99997399999995,66.49997399999998
3068,72.99997399999995,66.49997399999998
3069,73.49997399999995,66.49997399999998
3070,73.99997399999995,66.49997399999998
3071,179.499974,67.49997399999998
3072,-179.5000260000001,65.99997399999998
3073,-179.0000260000001,65.99997399999998
3074,-178.0000260000001,66.99997399999998
3075,-174.5000260000001,65.49997399999998
3076,-174.0000260000001,64.99997399999998
3077,-171.0000260000001,65.99997399999998
3078,-170.0000260000001,65.99997399999998
3079,-169.5000260000001,65.99997399999998
3080,-166.5000260000001,65.99997399999998
3081,-166.0000260000001,65.99997399999998
3082,-165.5000260000001,65.99997399999998
3083,-165.0000260000001,65.49997399999998
3084,-164.5000260000001,65.99997399999998
3085,-164.0000260000001,65.49997399999998
3086,-163.5000260000001,65.49997399999998
3087,-163.0000260000001,65.49997399999998
3088,-162.5000260000001,66.49997399999998
3089,-162.0000260000001,65.99997399999998
3090,-161.5000260000001,65.49997399999998
3091,-161.0000260000001,66.49997399999998
3092,-160.5000260000001,65.99997399999998
3093,-158.0000260000001,66.99997399999998
3094,-106.500026,66.49997399999998
3095,-86.50002600000005,66.49997399999998
3096,-85.00002600000005,65.99997399999998
3097,-84.50002600000005,65.99997399999998
3098,-84.00002600000005,65.99997399999998
3099,-83.50002600000005,65.99997399999998
3100,-83.00002600000005,65.99997399999998
3101,-82.50002600000005,65.99997399999998
3102,-74.00002600000005,65.99997399999998
3103,-73.50002600000005,65.99997399999998
3104,-68.50002600000005,65.99997399999998
3105,-67.50002600000005,66.49997399999998
3106,-67.00002600000005,65.99997399999998
3107,-67.00002600000005,66.49997399999998
3108,-66.00002600000005,66.49997399999998
3109,-65.50002600000005,65.99997399999998
3110,-65.00002600000005,65.99997399999998
3111,-64.50002600000005,65.99997399999998
3112,-63.00002600000005,65.99997399999998
3113,-62.00002600000005,65.99997399999998
3114,-61.50002600000005,65.99997399999998
3115,-53.50002600000005,65.99997399999998
3116,-53.00002600000005,65.99997399999998
3117,-52.50002600000005,65.99997399999998
3118,-39.50002600000005,65.99997399999998
3119,-39.00002600000005,65.99997399999998
3120,-39.00002600000005,66.49997399999998
3121,-38.00002600000005,69.49997399999998
3122,-37.50002600000005,65.99997399999998
3123,-37.00002600000005,65.99997399999998
3124,-36.50002600000005,65.99997399999998
3125,-36.00002600000005,65.99997399999998
3126,-35.50002600000005,65.99997399999998
3127,-35.00002600000005,65.99997399999998
3128,-34.50002600000005,65.99997399999998
3129,-34.00002600000005,65.99997399999998
3130,-23.50002600000005,65.99997399999998
3131,-23.00002600000005,65.99997399999998
3132,-22.50002600000005,65.99997399999998
3133,-22.00002600000005,65.99997399999998
3134,-21.50002600000005,65.99997399999998
3135,-20.00002600000005,65.99997399999998
3136,-19.00002600000005,65.99997399999998
3137,-18.50002600000005,65.99997399999998
3138,-18.00002600000005,65.99997399999998
3139,-17.50002600000005,66.49997399999998
3140,-17.00002600000005,65.99997399999998
3141,-16.50002600000005,66.49997399999998
3142,-16.00002600000005,65.99997399999998
3143,-15.50002600000005,65.49997399999998
3144,-15.00002600000005,65.99997399999998
3145,-14.50002600000005,65.99997399999998
3146,12.49997399999995,65.99997399999998
3147,12.99997399999995,65.99997399999998
3148,14.99997399999995,66.99997399999998
3149,32.49997399999995,65.99997399999998
3150,34.49997399999995,65.99997399999998
3151,34.99997399999995,65.99997399999998
3152,35.49997399999995,65.99997399999998
3153,35.99997399999995,65.99997399999998
3154,36.49997399999995,65.99997399999998
3155,35.99997399999995,67.49997399999998
3156,37.49997399999995,65.99997399999998
3157,37.99997399999995,65.99997399999998
3158,38.49997399999995,65.99997399999998
3159,38.99997399999995,66.49997399999998
3160,39.49997399999995,65.99997399999998
3161,39.99997399999995,65.99997399999998
3162,40.49997399999995,65.99997399999998
3163,41.49997399999995,65.49997399999998
3164,41.99997399999995,65.49997399999998
3165,42.49997399999995,65.99997399999998
3166,42.49997399999995,65.99997399999998
3167,43.49997399999995,66.49997399999998
3168,43.99997399999995,65.99997399999998
3169,45.49997399999995,66.49997399999998
3170,69.99997399999995,65.99997399999998
3171,70.99997399999995,65.99997399999998
3172,71.49997399999995,65.99997399999998
3173,71.99997399999995,66.49997399999998
3174,73.49997399999995,66.49997399999998
3175,-179.5000260000001,65.49997399999998
3176,-179.0000260000001,65.49997399999998
3177,-178.5000260000001,65.49997399999998
3178,-177.0000260000001,65.49997399999998
3179,-176.5000260000001,65.49997399999998
3180,-176.0000260000001,65.99997399999998
3181,-173.0000260000001,64.99997399999998
3182,-172.0000260000001,65.49997399999998
3183,-171.5000260000001,65.49997399999998
3184,-171.0000260000001,65.49997399999998
3185,-170.5000260000001,65.49997399999998
3186,-170.0000260000001,65.49997399999998
3187,-168.0000260000001,65.49997399999998
3188,-167.5000260000001,65.49997399999998
3189,-167.0000260000001,65.49997399999998
3190,-166.5000260000001,65.49997399999998
3191,-89.50002600000005,65.99997399999998
3192,-89.00002600000005,65.49997399999998
3193,-88.50002600000005,65.49997399999998
3194,-88.00002600000005,65.49997399999998
3195,-86.50002600000005,65.49997399999998
3196,-86.50002600000005,65.99997399999998
3197,-85.50002600000005,65.49997399999998
3198,-85.00002600000005,65.49997399999998
3199,-84.50002600000005,65.49997399999998
3200,-84.00002600000005,65.49997399999998
3201,-83.50002600000005,65.49997399999998
3202,-83.00002600000005,65.49997399999998
3203,-74.00002600000005,65.49997399999998
3204,-72.00002600000005,65.49997399999998
3205,-68.50002600000005,65.49997399999998
3206,-68.00002600000005,65.49997399999998
3207,-67.00002600000005,65.49997399999998
3208,-65.00002600000005,65.49997399999998
3209,-64.50002600000005,65.49997399999998
3210,-63.50002600000005,65.49997399999998
3211,-62.50002600000005,65.49997399999998
3212,-62.00002600000005,65.49997399999998
3213,-52.50002600000005,65.49997399999998
3214,-52.00002600000005,65.49997399999998
3215,-51.50002600000005,65.49997399999998
3216,-51.00002600000005,65.49997399999998
3217,-49.50002600000005,66.49997399999998
3218,-40.00002600000005,66.99997399999998
3219,-24.00002600000005,65.49997399999998
3220,-23.50002600000005,65.49997399999998
3221,-21.00002600000005,65.49997399999998
3222,-20.50002600000005,64.99997399999998
3223,-20.00002600000005,65.99997399999998
3224,-19.00002600000005,65.99997399999998
3225,-18.00002600000005,65.49997399999998
3226,-15.50002600000005,65.49997399999998
3227,-15.50002600000005,64.49997399999998
3228,-13.50002600000005,65.49997399999998
3229,11.99997399999995,65.49997399999998
3230,12.49997399999995,65.49997399999998
3231,12.99997399999995,65.49997399999998
3232,21.49997399999995,65.99997399999998
3233,21.99997399999995,65.99997399999998
3234,22.49997399999995,65.99997399999998
3235,22.99997399999995,65.99997399999998
3236,23.49997399999995,65.99997399999998
3237,22.49997399999995,68.99997399999998
3238,24.49997399999995,68.99997399999998
3239,25.49997399999995,65.49997399999998
3240,32.99997399999995,65.49997399999998
3241,39.99997399999995,65.49997399999998
3242,40.49997399999995,65.49997399999998
3243,40.99997399999995,65.49997399999998
3244,93.99997399999995,67.99997399999998
3245,179.499974,65.49997399999998
3246,-179.5000260000001,64.99997399999998
3247,-179.0000260000001,64.99997399999998
3248,-178.0000260000001,64.99997399999998
3249,-177.5000260000001,64.99997399999998
3250,-177.0000260000001,64.99997399999998
3251,-176.0000260000001,65.49997399999998
3252,-175.5000260000001,64.99997399999998
3253,-172.5000260000001,64.99997399999998
3254,-171.0000260000001,64.99997399999998
3255,-167.5000260000001,64.99997399999998
3256,-167.0000260000001,64.99997399999998
3257,-164.5000260000001,65.99997399999998
3258,-89.00002600000005,64.99997399999998
3259,-88.50002600000005,64.99997399999998
3260,-88.00002600000005,64.99997399999998
3261,-87.50002600000005,64.99997399999998
3262,-87.00002600000005,65.49997399999998
3263,-86.00002600000005,64.99997399999998
3264,-84.50002600000005,64.99997399999998
3265,-84.00002600000005,64.99997399999998
3266,-83.50002600000005,64.99997399999998
3267,-83.00002600000005,64.99997399999998
3268,-77.50002600000005,64.99997399999998
3269,-77.00002600000005,64.99997399999998
3270,-76.50002600000005,64.99997399999998
3271,-76.00002600000005,64.99997399999998
3272,-75.50002600000005,64.99997399999998
3273,-75.00002600000005,64.99997399999998
3274,-74.50002600000005,64.99997399999998
3275,-67.50002600000005,64.99997399999998
3276,-66.50002600000005,64.99997399999998
3277,-65.00002600000005,64.99997399999998
3278,-64.50002600000005,64.99997399999998
3279,-64.00002600000005,64.99997399999998
3280,-63.50002600000005,64.99997399999998
3281,-63.00002600000005,64.99997399999998
3282,-52.50002600000005,64.99997399999998
3283,-52.00002600000005,64.99997399999998
3284,-51.50002600000005,64.99997399999998
3285,-51.00002600000005,64.99997399999998
3286,-50.50002600000005,64.99997399999998
3287,-42.00002600000005,67.49997399999998
3288,-40.00002600000005,64.99997399999998
3289,-24.00002600000005,64.99997399999998
3290,-23.50002600000005,64.99997399999998
3291,-23.00002600000005,64.99997399999998
3292,-22.50002600000005,64.99997399999998
3293,-22.00002600000005,64.99997399999998
3294,-13.50002600000005,64.99997399999998
3295,11.99997399999995,64.99997399999998
3296,12.49997399999995,64.99997399999998
3297,19.49997399999995,65.49997399999998
3298,21.49997399999995,65.49997399999998
3299,24.99997399999995,64.99997399999998
3300,25.49997399999995,64.99997399999998
3301,31.49997399999995,66.49997399999998
3302,35.99997399999995,64.99997399999998
3303,36.99997399999995,64.99997399999998
3304,37.49997399999995,64.99997399999998
3305,37.99997399999995,64.99997399999998
3306,39.99997399999995,64.99997399999998
3307,40.49997399999995,64.99997399999998
3308,89.49997399999995,65.49997399999998
3309,178.999974,64.99997399999998
3310,-175.5000260000001,64.49997399999998
3311,-175.0000260000001,64.49997399999998
3312,-174.5000260000001,64.49997399999998
3313,-174.0000260000001,64.49997399999998
3314,-173.0000260000001,64.49997399999998
3315,-172.5000260000001,64.49997399999998
3316,-172.0000260000001,64.49997399999998
3317,-166.5000260000001,64.49997399999998
3318,-166.0000260000001,64.49997399999998
3319,-165.5000260000001,64.49997399999998
3320,-164.0000260000001,64.49997399999998
3321,-163.5000260000001,64.49997399999998
3322,-163.0000260000001,64.49997399999998
3323,-162.5000260000001,64.49997399999998
3324,-162.0000260000001,64.49997399999998
3325,-161.5000260000001,64.49997399999998
3326,-161.0000260000001,64.99997399999998
3327,-160.5000260000001,64.99997399999998
3328,-87.50002600000005,64.49997399999998
3329,-87.00002600000005,64.49997399999998
3330,-86.00002600000005,64.49997399999998
3331,-83.00002600000005,64.49997399999998
3332,-82.50002600000005,64.49997399999998
3333,-82.00002600000005,64.49997399999998
3334,-81.50002600000005,64.49997399999998
3335,-78.00002600000005,64.49997399999998
3336,-75.50002600000005,64.49997399999998
3337,-75.00002600000005,64.49997399999998
3338,-74.50002600000005,64.49997399999998
3339,-74.00002600000005,64.49997399999998
3340,-67.00002600000005,64.49997399999998
3341,-66.00002600000005,64.49997399999998
3342,-65.50002600000005,64.49997399999998
3343,-65.00002600000005,64.49997399999998
3344,-51.50002600000005,64.49997399999998
3345,-51.00002600000005,64.49997399999998
3346,-50.50002600000005,64.49997399999998
3347,-50.00002600000005,64.49997399999998
3348,-41.00002600000005,64.49997399999998
3349,-23.50002600000005,64.49997399999998
3350,-23.00002600000005,64.49997399999998
3351,-22.50002600000005,64.49997399999998
3352,-22.00002600000005,64.49997399999998
3353,-14.00002600000005,64.49997399999998
3354,-13.50002600000005,64.49997399999998
3355,10.99997399999995,64.49997399999998
3356,13.49997399999995,64.49997399999998
3357,19.49997399999995,64.99997399999998
3358,24.49997399999995,64.49997399999998
3359,24.99997399999995,64.49997399999998
3360,29.99997399999995,64.99997399999998
3361,31.99997399999995,65.49997399999998
3362,36.99997399999995,64.49997399999998
3363,37.99997399999995,64.49997399999998
3364,38.99997399999995,64.49997399999998
3365,38.99997399999995,63.99997399999998
3366,39.99997399999995,63.99997399999998
3367,43.99997399999995,64.99997399999998
3368,173.999974,68.49997399999998
3369,171.499974,61.99997399999998
3370,177.499974,64.99997399999998
3371,177.999974,64.49997399999998
3372,178.499974,64.49997399999998
3373,178.999974,64.49997399999998
3374,179.499974,64.49997399999998
3375,179.999974,64.49997399999998
3376,-173.5000260000001,63.99997399999998
3377,-173.0000260000001,63.99997399999998
3378,-172.5000260000001,63.99997399999998
3379,-172.0000260000001,63.99997399999998
3380,-165.0000260000001,63.99997399999998
3381,-164.5000260000001,63.99997399999998
3382,-163.0000260000001,63.99997399999998
3383,-162.5000260000001,63.99997399999998
3384,-161.0000260000001,63.99997399999998
3385,-160.5000260000001,64.49997399999998
3386,-89.50002600000005,63.99997399999998
3387,-89.50002600000005,64.49997399999998
3388,-89.00002600000005,64.49997399999998
3389,-88.50002600000005,64.49997399999998
3390,-88.00002600000005,64.49997399999998
3391,-86.00002600000005,63.99997399999998
3392,-81.50002600000005,63.99997399999998
3393,-81.00002600000005,63.99997399999998
3394,-80.50002600000005,63.99997399999998
3395,-78.00002600000005,63.99997399999998
3396,-77.50002600000005,63.99997399999998
3397,-77.00002600000005,63.99997399999998
3398,-76.50002600000005,63.99997399999998
3399,-76.00002600000005,63.99997399999998
3400,-76.00002600000005,64.49997399999998
3401,-75.00002600000005,63.99997399999998
3402,-74.50002600000005,63.99997399999998
3403,-74.00002600000005,63.99997399999998
3404,-73.50002600000005,63.99997399999998
3405,-73.00002600000005,63.99997399999998
3406,-72.50002600000005,63.99997399999998
3407,-66.00002600000005,63.99997399999998
3408,-64.50002600000005,63.99997399999998
3409,-51.50002600000005,63.99997399999998
3410,-51.00002600000005,63.99997399999998
3411,-50.50002600000005,63.99997399999998
3412,-46.50002600000005,64.99997399999998
3413,-41.50002600000005,64.99997399999998
3414,-22.50002600000005,63.99997399999998
3415,-22.00002600000005,63.99997399999998
3416,-16.00002600000005,63.99997399999998
3417,-15.50002600000005,63.99997399999998
3418,-15.00002600000005,63.99997399999998
3419,-14.50002600000005,63.99997399999998
3420,10.49997399999995,63.99997399999998
3421,10.99997399999995,63.99997399999998
3422,11.49997399999995,63.99997399999998
3423,20.49997399999995,63.99997399999998
3424,21.49997399999995,63.99997399999998
3425,23.49997399999995,63.99997399999998
3426,23.99997399999995,63.99997399999998
3427,25.49997399999995,64.49997399999998
3428,35.99997399999995,62.99997399999998
3429,35.99997399999995,63.49997399999998
3430,35.99997399999995,63.99997399999998
3431,36.49997399999995,63.49997399999998
3432,37.49997399999995,63.99997399999998
3433,37.99997399999995,63.99997399999998
3434,38.49997399999995,63.99997399999998
3435,78.99997399999995,63.49997399999998
3436,79.49997399999995,63.99997399999998
3437,79.99997399999995,63.99997399999998
3438,129.499974,62.49997399999998
3439,177.499974,63.99997399999998
3440,177.999974,63.99997399999998
3441,-171.5000260000001,63.49997399999998
3442,-171.0000260000001,63.49997399999998
3443,-170.5000260000001,63.49997399999998
3444,-170.0000260000001,63.49997399999998
3445,-162.5000260000001,63.49997399999998
3446,-162.0000260000001,63.49997399999998
3447,-161.0000260000001,63.49997399999998
3448,-160.5000260000001,63.49997399999998
3449,-92.50002600000005,66.49997399999998
3450,-90.50002600000005,63.49997399999998
3451,-90.00002600000005,63.49997399999998
3452,-90.00002600000005,63.99997399999998
3453,-87.00002600000005,63.49997399999998
3454,-86.50002600000005,63.49997399999998
3455,-86.00002600000005,63.49997399999998
3456,-85.00002600000005,64.99997399999998
3457,-84.50002600000005,63.49997399999998
3458,-83.50002600000005,63.49997399999998
3459,-83.50002600000005,64.99997399999998
3460,-82.50002600000005,63.49997399999998
3461,-82.00002600000005,63.49997399999998
3462,-81.50002600000005,63.49997399999998
3463,-81.00002600000005,63.49997399999998
3464,-80.50002600000005,63.49997399999998
3465,-80.00002600000005,63.49997399999998
3466,-78.00002600000005,63.49997399999998
3467,-77.00002600000005,63.49997399999998
3468,-76.50002600000005,63.49997399999998
3469,-72.50002600000005,63.49997399999998
3470,-72.00002600000005,63.49997399999998
3471,-71.50002600000005,63.49997399999998
3472,-71.00002600000005,63.49997399999998
3473,-69.50002600000005,63.49997399999998
3474,-68.00002600000005,63.49997399999998
3475,-67.50002600000005,63.49997399999998
3476,-65.50002600000005,63.49997399999998
3477,-64.50002600000005,63.49997399999998
3478,-64.00002600000005,63.49997399999998
3479,-50.50002600000005,63.49997399999998
3480,-42.00002600000005,63.49997399999998
3481,-41.00002600000005,63.49997399999998
3482,-22.50002600000005,63.49997399999998
3483,-22.00002600000005,63.49997399999998
3484,-21.50002600000005,63.49997399999998
3485,-21.00002600000005,63.49997399999998
3486,-20.00002600000005,64.49997399999998
3487,-20.00002600000005,63.99997399999998
3488,-19.50002600000005,63.49997399999998
3489,-18.00002600000005,63.49997399999998
3490,-17.50002600000005,63.49997399999998
3491,-17.00002600000005,63.49997399999998
3492,-16.50002600000005,63.49997399999998
3493,-16.00002600000005,63.49997399999998
3494,8.499973999999952,63.49997399999998
3495,8.999973999999952,63.49997399999998
3496,9.499973999999952,63.49997399999998
3497,9.999973999999952,63.49997399999998
3498,10.49997399999995,63.49997399999998
3499,10.99997399999995,63.49997399999998
3500,11.49997399999995,63.49997399999998
3501,16.49997399999995,66.49997399999998
3502,20.99997399999995,63.49997399999998
3503,22.99997399999995,63.99997399999998
3504,23.99997399999995,63.99997399999998
3505,36.99997399999995,63.49997399999998
3506,37.49997399999995,63.49997399999998
3507,37.99997399999995,63.49997399999998
3508,39.49997399999995,63.49997399999998
3509,79.49997399999995,63.49997399999998
3510,119.499974,66.99997399999998
3511,178.499974,63.49997399999998
3512,-171.5000260000001,62.99997399999998
3513,-171.0000260000001,62.99997399999998
3514,-170.5000260000001,62.99997399999998
3515,-170.0000260000001,62.99997399999998
3516,-169.5000260000001,62.99997399999998
3517,-169.0000260000001,62.99997399999998
3518,-168.5000260000001,62.99997399999998
3519,-164.5000260000001,62.99997399999998
3520,-164.0000260000001,62.99997399999998
3521,-163.5000260000001,62.99997399999998
3522,-163.0000260000001,62.49997399999998
3523,-162.5000260000001,62.99997399999998
3524,-162.0000260000001,62.99997399999998
3525,-161.5000260000001,62.99997399999998
3526,-161.0000260000001,62.99997399999998
3527,-91.00002600000005,62.99997399999998
3528,-90.00002600000005,62.99997399999998
3529,-85.50002600000005,62.99997399999998
3530,-85.00002600000005,62.99997399999998
3531,-84.50002600000005,62.99997399999998
3532,-80.50002600000005,62.99997399999998
3533,-78.00002600000005,62.99997399999998
3534,-77.50002600000005,62.99997399999998
3535,-77.00002600000005,62.99997399999998
3536,-76.50002600000005,62.99997399999998
3537,-71.50002600000005,62.99997399999998
3538,-71.00002600000005,62.99997399999998
3539,-68.50002600000005,62.99997399999998
3540,-68.00002600000005,62.99997399999998
3541,-67.50002600000005,62.49997399999998
3542,-67.00002600000005,62.99997399999998
3543,-66.50002600000005,62.99997399999998
3544,-66.00002600000005,62.99997399999998
3545,-65.00002600000005,62.99997399999998
3546,-64.00002600000005,62.99997399999998
3547,-50.50002600000005,62.99997399999998
3548,-50.00002600000005,62.99997399999998
3549,-42.50002600000005,63.99997399999998
3550,-41.50002600000005,62.99997399999998
3551,-41.00002600000005,62.99997399999998
3552,-19.00002600000005,62.99997399999998
3553,-18.50002600000005,62.99997399999998
3554,-18.50002600000005,63.49997399999998
3555,7.499973999999952,62.99997399999998
3556,7.999973999999952,62.99997399999998
3557,8.499973999999952,62.99997399999998
3558,8.999973999999952,62.99997399999998
3559,9.499973999999952,62.99997399999998
3560,9.999973999999952,63.49997399999998
3561,11.49997399999995,62.99997399999998
3562,17.99997399999995,63.49997399999998
3563,18.49997399999995,63.49997399999998
3564,18.99997399999995,63.49997399999998
3565,19.49997399999995,63.49997399999998
3566,21.49997399999995,62.99997399999998
3567,21.99997399999995,62.99997399999998
3568,22.49997399999995,62.99997399999998
3569,137.999974,64.99997399999998
3570,178.499974,62.99997399999998
3571,179.499974,62.99997399999998
3572,-169.5000260000001,62.49997399999998
3573,-165.0000260000001,62.49997399999998
3574,-152.5000260000001,63.99997399999998
3575,-92.50002600000005,63.49997399999998
3576,-91.50002600000005,62.49997399999998
3577,-91.00002600000005,62.49997399999998
3578,-90.50002600000005,62.49997399999998
3579,-83.50002600000005,62.49997399999998
3580,-83.00002600000005,62.49997399999998
3581,-82.50002600000005,62.49997399999998
3582,-82.00002600000005,62.49997399999998
3583,-81.50002600000005,62.49997399999998
3584,-77.50002600000005,62.49997399999998
3585,-77.00002600000005,62.49997399999998
3586,-74.00002600000005,62.49997399999998
3587,-70.50002600000005,62.49997399999998
3588,-70.00002600000005,62.49997399999998
3589,-69.50002600000005,62.49997399999998
3590,-69.00002600000005,62.49997399999998
3591,-67.00002600000005,62.49997399999998
3592,-66.50002600000005,62.49997399999998
3593,-65.50002600000005,62.49997399999998
3594,-65.50002600000005,62.99997399999998
3595,-64.50002600000005,62.49997399999998
3596,-64.00002600000005,62.49997399999998
3597,-49.00002600000005,62.99997399999998
3598,-43.50002600000005,63.99997399999998
3599,-42.00002600000005,62.49997399999998
3600,6.499973999999952,62.49997399999998
3601,6.999973999999952,62.49997399999998
3602,7.499973999999952,62.49997399999998
3603,7.999973999999952,62.49997399999998
3604,9.499973999999952,62.49997399999998
3605,16.49997399999995,62.99997399999998
3606,16.49997399999995,65.49997399999998
3607,18.49997399999995,62.49997399999998
3608,21.49997399999995,62.49997399999998
3609,131.499974,62.99997399999998
3610,162.999974,62.49997399999998
3611,163.999974,62.49997399999998
3612,164.499974,62.49997399999998
3613,164.999974,62.49997399999998
3614,176.499974,62.49997399999998
3615,177.499974,62.49997399999998
3616,177.999974,62.49997399999998
3617,178.999974,62.49997399999998
3618,179.999974,62.49997399999998
3619,-165.5000260000001,61.99997399999998
3620,-165.0000260000001,61.99997399999998
3621,-93.50002600000005,62.99997399999998
3622,-92.50002600000005,61.99997399999998
3623,-83.50002600000005,61.99997399999998
3624,-83.00002600000005,61.99997399999998
3625,-82.50002600000005,61.99997399999998
3626,-80.00002600000005,61.99997399999998
3627,-79.50002600000005,61.99997399999998
3628,-79.00002600000005,61.99997399999998
3629,-78.00002600000005,61.99997399999998
3630,-77.50002600000005,61.99997399999998
3631,-76.50002600000005,61.99997399999998
3632,-76.00002600000005,61.99997399999998
3633,-75.50002600000005,62.49997399999998
3634,-75.00002600000005,61.99997399999998
3635,-74.50002600000005,61.99997399999998
3636,-74.00002600000005,61.99997399999998
3637,-73.50002600000005,61.99997399999998
3638,-73.00002600000005,61.99997399999998
3639,-72.50002600000005,61.99997399999998
3640,-69.00002600000005,61.99997399999998
3641,-68.50002600000005,61.99997399999998
3642,-68.00002600000005,61.99997399999998
3643,-67.50002600000005,61.99997399999998
3644,-67.00002600000005,61.99997399999998
3645,-66.50002600000005,61.99997399999998
3646,-66.00002600000005,61.99997399999998
3647,-64.50002600000005,61.99997399999998
3648,-64.00002600000005,61.99997399999998
3649,-49.50002600000005,61.99997399999998
3650,-49.00002600000005,61.99997399999998
3651,-42.50002600000005,61.99997399999998
3652,-42.00002600000005,61.99997399999998
3653,-7.000026000000048,61.99997399999998
3654,-6.500026000000048,61.99997399999998
3655,5.499973999999952,61.99997399999998
3656,5.999973999999952,61.99997399999998
3657,6.499973999999952,61.99997399999998
3658,16.49997399999995,62.99997399999998
3659,17.99997399999995,61.99997399999998
3660,21.49997399999995,61.99997399999998
3661,162.499974,62.49997399999998
3662,164.499974,61.99997399999998
3663,164.999974,62.49997399999998
3664,165.499974,64.99997399999998
3665,175.499974,62.49997399999998
3666,175.999974,61.99997399999998
3667,176.499974,61.99997399999998
3668,176.999974,61.99997399999998
3669,178.499974,61.99997399999998
3670,178.999974,61.99997399999998
3671,179.499974,61.99997399999998
3672,-166.0000260000001,61.49997399999998
3673,-165.5000260000001,61.49997399999998
3674,-112.500026,64.99997399999998
3675,-94.50002600000005,61.49997399999998
3676,-93.00002600000005,61.49997399999998
3677,-80.00002600000005,61.49997399999998
3678,-79.50002600000005,61.49997399999998
3679,-79.00002600000005,61.49997399999998
3680,-78.00002600000005,61.49997399999998
3681,-77.00002600000005,62.49997399999998
3682,-72.50002600000005,61.49997399999998
3683,-72.00002600000005,61.49997399999998
3684,-71.50002600000005,61.49997399999998
3685,-66.50002600000005,61.49997399999998
3686,-66.00002600000005,61.49997399999998
3687,-65.00002600000005,61.49997399999998
3688,-64.50002600000005,61.49997399999998
3689,-48.50002600000005,61.49997399999998
3690,-43.50002600000005,62.49997399999998
3691,-42.00002600000005,61.49997399999998
3692,-6.500026000000048,61.49997399999998
3693,4.999973999999952,61.49997399999998
3694,5.499973999999952,61.49997399999998
3695,16.99997399999995,61.49997399999998
3696,21.49997399999995,61.49997399999998
3697,99.49997399999995,62.99997399999998
3698,155.999974,61.49997399999998
3699,157.499974,61.49997399999998
3700,157.999974,61.49997399999998
3701,158.499974,61.49997399999998
3702,158.999974,61.99997399999998
3703,158.999974,62.49997399999998
3704,159.999974,61.49997399999998
3705,159.999974,63.49997399999998
3706,162.499974,61.49997399999998
3707,162.999974,61.49997399999998
3708,163.499974,61.49997399999998
3709,163.999974,61.49997399999998
3710,164.499974,61.49997399999998
3711,172.499974,62.49997399999998
3712,173.999974,61.99997399999998
3713,174.499974,61.49997399999998
3714,174.999974,61.49997399999998
3715,175.499974,61.49997399999998
3716,-166.0000260000001,60.99997399999998
3717,-165.5000260000001,60.99997399999998
3718,-165.0000260000001,60.99997399999998
3719,-151.0000260000001,60.99997399999998
3720,-146.5000260000001,62.99997399999998
3721,-150.0000260000001,60.99997399999998
3722,-149.5000260000001,60.99997399999998
3723,-148.0000260000001,60.99997399999998
3724,-147.5000260000001,60.99997399999998
3725,-146.5000260000001,60.99997399999998
3726,-146.0000260000001,60.99997399999998
3727,-127.500026,62.99997399999998
3728,-95.00002600000005,61.49997399999998
3729,-77.50002600000005,60.99997399999998
3730,-72.00002600000005,60.99997399999998
3731,-71.00002600000005,60.99997399999998
3732,-70.50002600000005,60.99997399999998
3733,-70.50002600000005,60.99997399999998
3734,-69.50002600000005,60.99997399999998
3735,-65.00002600000005,60.99997399999998
3736,-64.50002600000005,60.99997399999998
3737,-48.50002600000005,60.99997399999998
3738,-48.00002600000005,60.99997399999998
3739,-47.50002600000005,60.99997399999998
3740,-47.00002600000005,60.99997399999998
3741,-46.50002600000005,60.99997399999998
3742,-46.00002600000005,60.99997399999998
3743,-45.50002600000005,60.99997399999998
3744,-44.50002600000005,62.49997399999998
3745,-43.50002600000005,60.99997399999998
3746,-42.50002600000005,60.99997399999998
3747,-42.00002600000005,60.99997399999998
3748,-6.500026000000048,60.99997399999998
3749,4.999973999999952,60.99997399999998
3750,7.999973999999952,60.99997399999998
3751,12.49997399999995,62.49997399999998
3752,24.49997399999995,62.99997399999998
3753,73.49997399999995,63.49997399999998
3754,88.99997399999995,61.99997399999998
3755,155.999974,60.99997399999998
3756,156.999974,60.99997399999998
3757,159.999974,60.99997399999998
3758,160.999974,60.99997399999998
3759,161.999974,60.99997399999998
3760,161.999974,61.49997399999998
3761,163.999974,60.99997399999998
3762,171.999974,60.99997399999998
3763,172.999974,60.99997399999998
3764,173.499974,60.99997399999998
3765,-165.0000260000001,60.49997399999998
3766,-152.5000260000001,60.49997399999998
3767,-151.5000260000001,60.99997399999998
3768,-151.0000260000001,60.49997399999998
3769,-150.5000260000001,60.49997399999998
3770,-150.0000260000001,60.49997399999998
3771,-149.5000260000001,60.49997399999998
3772,-149.0000260000001,60.49997399999998
3773,-148.5000260000001,60.49997399999998
3774,-147.5000260000001,60.49997399999998
3775,-147.0000260000001,60.49997399999998
3776,-146.5000260000001,60.49997399999998
3777,-146.0000260000001,60.49997399999998
3778,-145.5000260000001,60.49997399999998
3779,-95.00002600000005,60.99997399999998
3780,-78.00002600000005,60.49997399999998
3781,-77.50002600000005,60.49997399999998
3782,-69.50002600000005,60.49997399999998
3783,-69.00002600000005,60.49997399999998
3784,-68.00002600000005,60.49997399999998
3785,-67.50002600000005,60.49997399999998
3786,-45.50002600000005,60.49997399999998
3787,-45.00002600000005,60.49997399999998
3788,-44.50002600000005,60.49997399999998
3789,-44.00002600000005,60.49997399999998
3790,-43.00002600000005,60.49997399999998
3791,-1.000026000000048,60.49997399999998
3792,-0.500026000000048,60.49997399999998
3793,4.999973999999952,60.49997399999998
3794,5.499973999999952,60.49997399999998
3795,16.49997399999995,60.49997399999998
3796,17.49997399999995,60.49997399999998
3797,18.49997399999995,60.49997399999998
3798,21.49997399999995,60.49997399999998
3799,27.49997399999995,60.49997399999998
3800,27.99997399999995,60.49997399999998
3801,28.49997399999995,60.49997399999998
3802,28.99997399999995,60.49997399999998
3803,65.49997399999995,61.99997399999998
3804,155.499974,60.99997399999998
3805,156.499974,60.49997399999998
3806,159.999974,60.49997399999998
3807,160.499974,60.49997399999998
3808,160.999974,60.49997399999998
3809,161.499974,60.49997399999998
3810,162.999974,60.49997399999998
3811,162.499974,59.99997399999998
3812,164.499974,60.49997399999998
3813,168.499974,60.49997399999998
3814,168.999974,60.49997399999998
3815,167.999974,60.99997399999998
3816,170.999974,60.49997399999998
3817,171.499974,60.49997399999998
3818,171.999974,60.49997399999998
3819,172.499974,60.49997399999998
3820,-172.5000260000001,59.99997399999998
3821,-167.0000260000001,59.99997399999998
3822,-166.5000260000001,59.99997399999998
3823,-166.0000260000001,59.99997399999998
3824,-165.5000260000001,59.99997399999998
3825,-165.0000260000001,59.99997399999998
3826,-164.5000260000001,59.99997399999998
3827,-152.5000260000001,63.99997399999998
3828,-153.0000260000001,59.99997399999998
3829,-152.0000260000001,59.99997399999998
3830,-151.5000260000001,59.99997399999998
3831,-151.0000260000001,59.99997399999998
3832,-148.5000260000001,59.99997399999998
3833,-147.5000260000001,59.99997399999998
3834,-147.0000260000001,59.99997399999998
3835,-146.5000260000001,59.99997399999998
3836,-146.0000260000001,59.99997399999998
3837,-145.5000260000001,59.99997399999998
3838,-145.0000260000001,59.99997399999998
3839,-144.5000260000001,63.49997399999998
3840,-144.0000260000001,59.99997399999998
3841,-143.5000260000001,59.99997399999998
3842,-143.0000260000001,59.99997399999998
3843,-142.5000260000001,59.99997399999998
3844,-142.0000260000001,59.99997399999998
3845,-99.50002600000003,61.99997399999998
3846,-75.00002600000005,60.49997399999998
3847,-70.00002600000005,60.99997399999998
3848,-68.00002600000005,59.99997399999998
3849,-67.50002600000005,59.99997399999998
3850,-65.00002600000005,59.99997399999998
3851,-64.50002600000005,59.99997399999998
3852,-64.00002600000005,59.99997399999998
3853,-45.50002600000005,59.99997399999998
3854,-45.00002600000005,59.99997399999998
3855,-44.50002600000005,59.99997399999998
3856,-44.00002600000005,59.99997399999998
3857,-43.50002600000005,59.99997399999998
3858,-43.00002600000005,59.99997399999998
3859,-1.500026000000048,59.99997399999998
3860,-1.000026000000048,59.99997399999998
3861,5.499973999999952,59.99997399999998
3862,5.999973999999952,59.99997399999998
3863,17.99997399999995,59.99997399999998
3864,18.99997399999995,59.99997399999998
3865,19.99997399999995,59.99997399999998
3866,20.49997399999995,59.99997399999998
3867,21.99997399999995,60.49997399999998
3868,22.49997399999995,60.49997399999998
3869,22.99997399999995,59.99997399999998
3870,23.49997399999995,59.99997399999998
3871,24.49997399999995,59.99997399999998
3872,24.99997399999995,59.99997399999998
3873,25.49997399999995,59.99997399999998
3874,25.99997399999995,59.99997399999998
3875,26.49997399999995,59.99997399999998
3876,26.99997399999995,63.49997399999998
3877,28.99997399999995,59.99997399999998
3878,29.49997399999995,59.99997399999998
3879,29.99997399999995,59.99997399999998
3880,154.499974,60.99997399999998
3881,155.499974,60.49997399999998
3882,161.999974,59.49997399999998
3883,162.499974,59.99997399999998
3884,164.999974,59.99997399999998
3885,165.499974,59.99997399999998
3886,165.999974,59.99997399999998
3887,166.499974,59.99997399999998
3888,166.999974,59.99997399999998
3889,167.499974,59.99997399999998
3890,167.999974,59.99997399999998
3891,170.999974,62.49997399999998
3892,170.499974,59.99997399999998
3893,170.999974,59.99997399999998
3894,-166.5000260000001,59.49997399999998
3895,-166.0000260000001,59.49997399999998
3896,-165.5000260000001,59.49997399999998
3897,-164.0000260000001,59.49997399999998
3898,-163.5000260000001,59.49997399999998
3899,-163.0000260000001,59.49997399999998
3900,-162.5000260000001,59.49997399999998
3901,-162.0000260000001,59.49997399999998
3902,-161.5000260000001,59.49997399999998
3903,-153.5000260000001,59.49997399999998
3904,-153.0000260000001,59.49997399999998
3905,-152.5000260000001,59.49997399999998
3906,-151.5000260000001,59.49997399999998
3907,-151.0000260000001,59.49997399999998
3908,-150.5000260000001,59.49997399999998
3909,-150.0000260000001,59.49997399999998
3910,-149.5000260000001,59.49997399999998
3911,-149.0000260000001,59.49997399999998
3912,-148.5000260000001,59.49997399999998
3913,-147.5000260000001,59.49997399999998
3914,-147.0000260000001,59.49997399999998
3915,-141.5000260000001,59.49997399999998
3916,-141.0000260000001,59.49997399999998
3917,-140.5000260000001,59.49997399999998
3918,-140.0000260000001,59.49997399999998
3919,-139.5000260000001,60.99997399999998
3920,-139.0000260000001,59.49997399999998
3921,-95.50002600000005,59.49997399999998
3922,-80.00002600000005,59.49997399999998
3923,-76.50002600000005,59.49997399999998
3924,-72.50002600000005,61.49997399999998
3925,-65.50002600000005,59.49997399999998
3926,-65.00002600000005,59.49997399999998
3927,-64.50002600000005,59.49997399999998
3928,-63.50002600000005,59.49997399999998
3929,-1.000026000000048,59.49997399999998
3930,5.499973999999952,59.49997399999998
3931,5.999973999999952,59.49997399999998
3932,6.499973999999952,59.49997399999998
3933,9.499973999999952,61.49997399999998
3934,10.99997399999995,59.49997399999998
3935,18.49997399999995,59.49997399999998
3936,22.99997399999995,59.49997399999998
3937,23.49997399999995,59.99997399999998
3938,23.99997399999995,59.49997399999998
3939,24.99997399999995,59.49997399999998
3940,25.99997399999995,59.49997399999998
3941,26.49997399999995,59.49997399999998
3942,26.99997399999995,58.99997399999998
3943,28.49997399999995,59.49997399999998
3944,28.99997399999995,59.49997399999998
3945,29.99997399999995,59.49997399999998
3946,31.49997399999995,63.99997399999998
3947,148.499974,60.99997399999998
3948,149.999974,59.49997399999998
3949,150.499974,59.49997399999998
3950,152.499974,60.49997399999998
3951,153.499974,60.49997399999998
3952,160.999974,59.49997399999998
3953,161.499974,59.49997399999998
3954,162.999974,59.49997399999998
3955,163.999974,59.49997399999998
3956,163.999974,59.99997399999998
3957,164.999974,59.49997399999998
3958,165.499974,59.49997399999998
3959,166.499974,59.49997399999998
3960,170.499974,59.49997399999998
3961,-161.5000260000001,58.99997399999998
3962,-154.0000260000001,58.49997399999998
3963,-153.5000260000001,58.99997399999998
3964,-153.0000260000001,58.99997399999998
3965,-151.5000260000001,58.99997399999998
3966,-151.0000260000001,58.99997399999998
3967,-150.5000260000001,58.99997399999998
3968,-139.5000260000001,58.99997399999998
3969,-139.0000260000001,58.99997399999998
3970,-138.5000260000001,58.99997399999998
3971,-136.5000260000001,59.99997399999998
3972,-135.0000260000001,58.99997399999998
3973,-111.500026,57.99997399999998
3974,-96.50002600000005,59.99997399999998
3975,-78.50002600000005,58.99997399999998
3976,-78.00002600000005,58.99997399999998
3977,-77.50002600000005,58.99997399999998
3978,-71.00002600000005,58.99997399999998
3979,-69.00002600000005,58.99997399999998
3980,-65.50002600000005,58.99997399999998
3981,-64.00002600000005,58.99997399999998
3982,-63.00002600000005,58.99997399999998
3983,-3.000026000000048,58.99997399999998
3984,-2.500026000000048,58.99997399999998
3985,5.499973999999952,58.99997399999998
3986,5.999973999999952,58.99997399999998
3987,6.499973999999952,58.99997399999998
3988,9.499973999999952,59.99997399999998
3989,10.49997399999995,58.99997399999998
3990,10.99997399999995,59.49997399999998
3991,11.49997399999995,58.99997399999998
3992,15.49997399999995,60.49997399999998
3993,17.99997399999995,59.49997399999998
3994,18.99997399999995,58.99997399999998
3995,22.99997399999995,58.99997399999998
3996,23.49997399999995,58.99997399999998
3997,23.99997399999995,58.99997399999998
3998,24.49997399999995,58.99997399999998
3999,25.49997399999995,58.99997399999998
4000,27.49997399999995,58.99997399999998
4001,27.99997399999995,58.99997399999998
4002,28.49997399999995,59.49997399999998
4003,141.999974,58.99997399999998
4004,142.999974,61.49997399999998
4005,143.499974,59.99997399999998
4006,143.999974,58.99997399999998
4007,143.999974,60.99997399999998
4008,145.499974,60.49997399999998
4009,145.499974,58.99997399999998
4010,145.999974,58.99997399999998
4011,146.499974,58.99997399999998
4012,146.999974,58.99997399999998
4013,147.499974,58.99997399999998
4014,147.999974,58.99997399999998
4015,148.499974,58.99997399999998
4016,148.999974,58.99997399999998
4017,148.999974,59.49997399999998
4018,150.999974,58.99997399999998
4019,151.499974,58.99997399999998
4020,151.999974,58.99997399999998
4021,152.499974,58.99997399999998
4022,152.999974,58.99997399999998
4023,153.499974,58.99997399999998
4024,153.999974,58.99997399999998
4025,154.499974,58.99997399999998
4026,154.999974,58.99997399999998
4027,155.499974,58.99997399999998
4028,159.999974,58.99997399999998
4029,160.499974,58.99997399999998
4030,161.999974,58.99997399999998
4031,163.499974,58.99997399999998
4032,164.499974,58.99997399999998
4033,164.999974,58.99997399999998
4034,-161.5000260000001,58.49997399999998
4035,-161.0000260000001,58.49997399999998
4036,-160.5000260000001,58.49997399999998
4037,-160.0000260000001,58.49997399999998
4038,-159.5000260000001,58.49997399999998
4039,-159.0000260000001,58.49997399999998
4040,-158.5000260000001,58.99997399999998
4041,-155.5000260000001,60.49997399999998
4042,-157.5000260000001,58.49997399999998
4043,-153.5000260000001,60.49997399999998
4044,-153.5000260000001,58.49997399999998
4045,-153.0000260000001,58.49997399999998
4046,-152.5000260000001,58.49997399999998
4047,-152.0000260000001,58.49997399999998
4048,-138.0000260000001,58.49997399999998
4049,-137.5000260000001,58.49997399999998
4050,-137.0000260000001,58.49997399999998
4051,-136.5000260000001,58.49997399999998
4052,-136.0000260000001,58.49997399999998
4053,-135.5000260000001,58.49997399999998
4054,-135.5000260000001,58.99997399999998
4055,-134.5000260000001,58.49997399999998
4056,-104.000026,60.49997399999998
4057,-95.00002600000005,58.49997399999998
4058,-95.00002600000005,57.49997399999998
4059,-93.50002600000005,58.49997399999998
4060,-93.00002600000005,58.49997399999998
4061,-78.50002600000005,58.49997399999998
4062,-78.00002600000005,58.49997399999998
4063,-75.00002600000005,58.99997399999998
4064,-75.00002600000005,56.99997399999998
4065,-69.00002600000005,57.99997399999998
4066,-68.50002600000005,57.99997399999998
4067,-68.00002600000005,58.49997399999998
4068,-66.50002600000005,58.49997399999998
4069,-66.00002600000005,58.49997399999998
4070,-64.50002600000005,58.49997399999998
4071,-63.00002600000005,58.49997399999998
4072,-62.50002600000005,58.49997399999998
4073,-5.000026000000048,58.49997399999998
4074,-4.500026000000048,58.49997399999998
4075,-4.000026000000048,57.99997399999998
4076,-3.500026000000048,58.49997399999998
4077,-3.000026000000048,58.49997399999998
4078,-2.500026000000048,58.49997399999998
4079,5.999973999999952,58.49997399999998
4080,8.499973999999952,58.99997399999998
4081,9.499973999999952,58.49997399999998
4082,9.499973999999952,58.99997399999998
4083,11.49997399999995,58.49997399999998
4084,16.49997399999995,58.49997399999998
4085,17.99997399999995,58.49997399999998
4086,22.49997399999995,58.49997399999998
4087,22.99997399999995,58.49997399999998
4088,23.49997399999995,58.49997399999998
4089,23.99997399999995,58.49997399999998
4090,139.499974,57.99997399999998
4091,151.499974,58.49997399999998
4092,151.999974,58.49997399999998
4093,152.499974,58.49997399999998
4094,152.999974,58.49997399999998
4095,159.499974,58.99997399999998
4096,159.999974,58.49997399999998
4097,161.999974,58.49997399999998
4098,162.999974,58.49997399999998
4099,163.499974,58.49997399999998
4100,163.999974,58.49997399999998
4101,164.499974,58.49997399999998
4102,164.999974,58.49997399999998
4103,-158.5000260000001,57.99997399999998
4104,-157.5000260000001,57.99997399999998
4105,-156.0000260000001,57.99997399999998
4106,-154.5000260000001,57.99997399999998
4107,-154.0000260000001,57.99997399999998
4108,-153.0000260000001,57.99997399999998
4109,-152.5000260000001,57.99997399999998
4110,-152.0000260000001,57.99997399999998
4111,-151.5000260000001,57.99997399999998
4112,-137.0000260000001,57.99997399999998
4113,-136.5000260000001,57.99997399999998
4114,-136.0000260000001,57.99997399999998
4115,-135.5000260000001,57.99997399999998
4116,-135.0000260000001,57.99997399999998
4117,-134.5000260000001,57.99997399999998
4118,-132.0000260000001,59.49997399999998
4119,-93.50002600000005,57.99997399999998
4120,-78.00002600000005,57.99997399999998
4121,-77.50002600000005,57.99997399999998
4122,-77.00002600000005,57.99997399999998
4123,-68.50002600000005,57.99997399999998
4124,-67.50002600000005,58.49997399999998
4125,-66.50002600000005,57.49997399999998
4126,-65.50002600000005,56.99997399999998
4127,-63.00002600000005,57.99997399999998
4128,-62.00002600000005,57.99997399999998
4129,-7.000026000000048,57.99997399999998
4130,-6.500026000000048,57.99997399999998
4131,-6.000026000000048,57.99997399999998
4132,-5.000026000000048,57.99997399999998
4133,-3.500026000000048,57.99997399999998
4134,-3.000026000000048,57.99997399999998
4135,5.999973999999952,57.99997399999998
4136,6.499973999999952,57.99997399999998
4137,6.999973999999952,57.99997399999998
4138,7.499973999999952,57.99997399999998
4139,7.499973999999952,58.99997399999998
4140,8.499973999999952,57.99997399999998
4141,8.999973999999952,57.99997399999998
4142,11.49997399999995,57.99997399999998
4143,11.99997399999995,57.99997399999998
4144,15.99997399999995,58.99997399999998
4145,21.99997399999995,57.99997399999998
4146,22.49997399999995,57.99997399999998
4147,22.99997399999995,57.99997399999998
4148,23.49997399999995,57.99997399999998
4149,23.99997399999995,57.99997399999998
4150,24.49997399999995,57.99997399999998
4151,71.99997399999995,50.999974
4152,100.999974,59.99997399999998
4153,140.999974,57.99997399999998
4154,141.499974,57.99997399999998
4155,158.499974,58.49997399999998
4156,158.999974,57.99997399999998
4157,161.499974,57.99997399999998
4158,162.499974,57.99997399999998
4159,163.499974,57.99997399999998
4160,-157.5000260000001,56.99997399999998
4161,-155.5000260000001,57.49997399999998
4162,-155.0000260000001,57.49997399999998
4163,-154.5000260000001,57.49997399999998
4164,-154.0000260000001,57.49997399999998
4165,-153.5000260000001,57.49997399999998
4166,-153.0000260000001,57.49997399999998
4167,-152.5000260000001,57.49997399999998
4168,-152.0000260000001,57.49997399999998
4169,-136.0000260000001,57.49997399999998
4170,-135.5000260000001,57.49997399999998
4171,-135.0000260000001,57.49997399999998
4172,-134.5000260000001,57.49997399999998
4173,-134.0000260000001,57.49997399999998
4174,-133.5000260000001,57.49997399999998
4175,-94.50002600000005,56.99997399999998
4176,-77.00002600000005,57.49997399999998
4177,-76.50002600000005,57.49997399999998
4178,-62.50002600000005,57.49997399999998
4179,-61.50002600000005,57.49997399999998
4180,-7.000026000000048,57.49997399999998
4181,-6.500026000000048,57.49997399999998
4182,-6.000026000000048,57.49997399999998
4183,-5.500026000000048,57.49997399999998
4184,-5.000026000000048,57.49997399999998
4185,-4.500026000000048,58.49997399999998
4186,-4.000026000000048,57.49997399999998
4187,-3.500026000000048,57.49997399999998
4188,-2.500026000000048,57.49997399999998
4189,-2.000026000000048,57.49997399999998
4190,-1.500026000000048,57.49997399999998
4191,9.999973999999952,57.49997399999998
4192,10.49997399999995,57.49997399999998
4193,10.99997399999995,57.49997399999998
4194,11.99997399999995,61.49997399999998
4195,16.49997399999995,57.49997399999998
4196,18.49997399999995,57.49997399999998
4197,18.99997399999995,57.49997399999998
4198,19.49997399999995,57.49997399999998
4199,21.99997399999995,57.49997399999998
4200,22.49997399999995,57.49997399999998
4201,22.99997399999995,57.49997399999998
4202,24.49997399999995,57.49997399999998
4203,60.99997399999995,61.99997399999998
4204,93.99997399999995,57.49997399999998
4205,140.499974,57.49997399999998
4206,156.999974,57.49997399999998
4207,157.499974,57.49997399999998
4208,157.999974,57.49997399999998
4209,160.999974,57.49997399999998
4210,162.999974,57.49997399999998
4211,163.499974,57.49997399999998
4212,-170.0000260000001,56.99997399999998
4213,-158.5000260000001,56.99997399999998
4214,-158.0000260000001,56.99997399999998
4215,-156.5000260000001,56.99997399999998
4216,-156.0000260000001,56.99997399999998
4217,-154.5000260000001,56.99997399999998
4218,-154.0000260000001,56.99997399999998
4219,-153.5000260000001,56.99997399999998
4220,-153.0000260000001,56.99997399999998
4221,-152.5000260000001,56.99997399999998
4222,-152.0000260000001,56.99997399999998
4223,-135.5000260000001,56.99997399999998
4224,-135.0000260000001,56.99997399999998
4225,-134.5000260000001,56.99997399999998
4226,-134.0000260000001,56.99997399999998
4227,-133.5000260000001,56.99997399999998
4228,-133.0000260000001,56.99997399999998
4229,-93.00002600000005,56.99997399999998
4230,-92.00002600000005,57.49997399999998
4231,-91.50002600000005,56.99997399999998
4232,-91.00002600000005,56.49997399999998
4233,-90.50002600000005,56.99997399999998
4234,-90.50002600000005,55.99997399999998
4235,-76.50002600000005,56.99997399999998
4236,-63.50002600000005,56.99997399999998
4237,-61.00002600000005,56.99997399999998
4238,-7.000026000000048,56.99997399999998
4239,-6.500026000000048,56.99997399999998
4240,-6.000026000000048,56.99997399999998
4241,-5.500026000000048,56.99997399999998
4242,-3.000026000000048,56.99997399999998
4243,-1.500026000000048,56.99997399999998
4244,8.999973999999952,56.99997399999998
4245,9.499973999999952,56.99997399999998
4246,9.999973999999952,56.99997399999998
4247,10.49997399999995,56.99997399999998
4248,10.99997399999995,56.99997399999998
4249,11.49997399999995,56.99997399999998
4250,11.99997399999995,56.99997399999998
4251,12.49997399999995,57.49997399999998
4252,15.49997399999995,57.99997399999998
4253,16.99997399999995,56.99997399999998
4254,17.49997399999995,56.99997399999998
4255,18.49997399999995,56.99997399999998
4256,18.99997399999995,56.99997399999998
4257,21.49997399999995,56.99997399999998
4258,21.99997399999995,56.99997399999998
4259,22.99997399999995,56.99997399999998
4260,23.49997399999995,56.99997399999998
4261,26.99997399999995,57.99997399999998
4262,138.999974,56.99997399999998
4263,139.499974,56.99997399999998
4264,139.999974,56.99997399999998
4265,156.999974,57.49997399999998
4266,161.999974,56.49997399999998
4267,163.499974,56.99997399999998
4268,-159.5000260000001,56.49997399999998
4269,-159.0000260000001,56.49997399999998
4270,-158.5000260000001,56.49997399999998
4271,-157.5000260000001,56.49997399999998
4272,-157.0000260000001,56.49997399999998
4273,-156.5000260000001,56.49997399999998
4274,-154.5000260000001,56.49997399999998
4275,-154.0000260000001,56.49997399999998
4276,-153.5000260000001,56.49997399999998
4277,-135.0000260000001,56.49997399999998
4278,-134.5000260000001,56.49997399999998
4279,-134.0000260000001,56.49997399999998
4280,-133.5000260000001,56.49997399999998
4281,-133.0000260000001,56.49997399999998
4282,-132.5000260000001,56.49997399999998
4283,-130.5000260000001,58.99997399999998
4284,-89.50002600000005,56.49997399999998
4285,-89.50002600000005,56.49997399999998
4286,-89.00002600000005,56.49997399999998
4287,-88.00002600000005,56.49997399999998
4288,-79.50002600000005,56.49997399999998
4289,-79.00002600000005,56.49997399999998
4290,-73.50002600000005,56.49997399999998
4291,-63.50002600000005,56.49997399999998
4292,-61.00002600000005,56.49997399999998
4293,-7.500026000000048,56.49997399999998
4294,-6.500026000000048,56.49997399999998
4295,-6.000026000000048,56.49997399999998
4296,-5.500026000000048,56.49997399999998
4297,-5.000026000000048,56.49997399999998
4298,-2.500026000000048,56.49997399999998
4299,8.499973999999952,56.49997399999998
4300,9.499973999999952,56.49997399999998
4301,9.999973999999952,55.99997399999998
4302,12.49997399999995,56.99997399999998
4303,13.99997399999995,57.99997399999998
4304,16.49997399999995,56.49997399999998
4305,16.99997399999995,56.49997399999998
4306,18.49997399999995,56.49997399999998
4307,21.49997399999995,56.49997399999998
4308,23.99997399999995,56.99997399999998
4309,37.99997399999995,61.49997399999998
4310,137.999974,56.49997399999998
4311,138.499974,56.99997399999998
4312,155.999974,56.49997399999998
4313,156.499974,56.99997399999998
4314,162.499974,56.49997399999998
4315,163.499974,56.49997399999998
4316,-160.0000260000001,55.99997399999998
4317,-159.0000260000001,55.99997399999998
4318,-154.5000260000001,55.99997399999998
4319,-134.5000260000001,55.99997399999998
4320,-134.0000260000001,55.99997399999998
4321,-133.5000260000001,55.99997399999998
4322,-133.0000260000001,55.99997399999998
4323,-132.5000260000001,55.99997399999998
4324,-132.0000260000001,55.99997399999998
4325,-131.5000260000001,55.99997399999998
4326,-131.0000260000001,55.99997399999998
4327,-89.00002600000005,55.99997399999998
4328,-87.50002600000005,55.49997399999998
4329,-79.50002600000005,55.99997399999998
4330,-79.00002600000005,55.99997399999998
4331,-78.50002600000005,55.99997399999998
4332,-76.50002600000005,55.99997399999998
4333,-63.00002600000005,55.99997399999998
4334,-61.00002600000005,55.99997399999998
4335,-60.50002600000005,55.99997399999998
4336,-6.500026000000048,55.99997399999998
4337,-6.000026000000048,55.99997399999998
4338,-5.500026000000048,55.99997399999998
4339,-4.000026000000048,55.99997399999998
4340,-3.500026000000048,56.49997399999998
4341,-3.000026000000048,56.49997399999998
4342,8.499973999999952,55.99997399999998
4343,10.49997399999995,55.99997399999998
4344,10.99997399999995,55.99997399999998
4345,12.49997399999995,55.99997399999998
4346,12.99997399999995,55.99997399999998
4347,14.99997399999995,55.99997399999998
4348,15.49997399999995,55.99997399999998
4349,15.99997399999995,55.99997399999998
4350,16.49997399999995,55.99997399999998
4351,16.99997399999995,55.99997399999998
4352,21.49997399999995,55.99997399999998
4353,41.49997399999995,57.49997399999998
4354,137.499974,55.99997399999998
4355,137.999974,55.99997399999998
4356,138.499974,55.99997399999998
4357,155.999974,55.99997399999998
4358,161.499974,56.99997399999998
4359,162.999974,55.99997399999998
4360,163.499974,55.99997399999998
4361,-162.0000260000001,55.49997399999998
4362,-161.5000260000001,55.49997399999998
4363,-161.0000260000001,55.49997399999998
4364,-160.5000260000001,55.49997399999998
4365,-160.0000260000001,55.49997399999998
4366,-159.5000260000001,55.49997399999998
4367,-159.0000260000001,55.49997399999998
4368,-158.5000260000001,55.49997399999998
4369,-155.5000260000001,55.49997399999998
4370,-134.0000260000001,55.49997399999998
4371,-133.5000260000001,55.49997399999998
4372,-133.0000260000001,55.49997399999998
4373,-132.5000260000001,55.49997399999998
4374,-132.0000260000001,55.49997399999998
4375,-131.5000260000001,55.49997399999998
4376,-131.0000260000001,55.49997399999998
4377,-130.5000260000001,55.49997399999998
4378,-130.0000260000001,55.49997399999998
4379,-87.00002600000005,54.99997399999998
4380,-86.50002600000005,54.99997399999998
4381,-86.00002600000005,55.49997399999998
4382,-85.50002600000005,55.49997399999998
4383,-79.50002600000005,55.49997399999998
4384,-79.00002600000005,55.49997399999998
4385,-77.00002600000005,55.49997399999998
4386,-72.50002600000005,56.49997399999998
4387,-62.50002600000005,55.49997399999998
4388,-60.00002600000005,55.49997399999998
4389,-6.000026000000048,55.49997399999998
4390,-5.500026000000048,55.49997399999998
4391,-5.000026000000048,55.49997399999998
4392,-4.500026000000048,56.49997399999998
4393,-3.000026000000048,55.49997399999998
4394,-1.500026000000048,55.49997399999998
4395,8.499973999999952,55.49997399999998
4396,9.999973999999952,55.49997399999998
4397,10.49997399999995,55.49997399999998
4398,10.99997399999995,55.49997399999998
4399,11.49997399999995,55.49997399999998
4400,11.99997399999995,55.49997399999998
4401,12.49997399999995,55.49997399999998
4402,12.99997399999995,55.49997399999998
4403,14.49997399999995,55.99997399999998
4404,21.49997399999995,55.49997399999998
4405,46.99997399999995,59.49997399999998
4406,71.49997399999995,55.49997399999998
4407,135.999974,55.49997399999998
4408,136.999974,55.49997399999998
4409,137.499974,55.49997399999998
4410,155.999974,55.49997399999998
4411,161.999974,55.49997399999998
4412,162.499974,55.49997399999998
4413,-163.5000260000001,54.99997399999998
4414,-163.0000260000001,54.99997399999998
4415,-162.5000260000001,54.99997399999998
4416,-162.0000260000001,54.99997399999998
4417,-161.5000260000001,54.99997399999998
4418,-161.0000260000001,54.99997399999998
4419,-160.5000260000001,54.99997399999998
4420,-160.0000260000001,54.99997399999998
4421,-159.5000260000001,54.99997399999998
4422,-133.5000260000001,54.99997399999998
4423,-133.0000260000001,54.99997399999998
4424,-132.5000260000001,54.99997399999998
4425,-132.0000260000001,54.99997399999998
4426,-131.5000260000001,54.99997399999998
4427,-131.0000260000001,54.99997399999998
4428,-130.5000260000001,54.99997399999998
4429,-130.0000260000001,54.99997399999998
4430,-129.5000260000001,54.99997399999998
4431,-91.00002600000005,51.999974
4432,-84.50002600000005,54.49997399999998
4433,-84.00002600000005,54.99997399999998
4434,-84.50002600000005,53.99997399999998
4435,-83.00002600000005,54.99997399999998
4436,-83.50002600000005,54.49997399999998
4437,-82.00002600000005,54.99997399999998
4438,-78.00002600000005,54.99997399999998
4439,-70.50002600000005,54.99997399999998
4440,-63.00002600000005,54.99997399999998
4441,-60.50002600000005,54.99997399999998
4442,-60.00002600000005,54.99997399999998
4443,-59.50002600000005,54.99997399999998
4444,-8.000026000000048,54.99997399999998
4445,-7.500026000000048,54.99997399999998
4446,-7.500026000000048,54.49997399999998
4447,-6.500026000000048,55.49997399999998
4448,-6.000026000000048,54.99997399999998
4449,-5.500026000000048,54.99997399999998
4450,-5.000026000000048,54.99997399999998
4451,-4.500026000000048,54.99997399999998
4452,-2.000026000000048,54.99997399999998
4453,8.499973999999952,54.99997399999998
4454,8.999973999999952,54.99997399999998
4455,9.999973999999952,54.99997399999998
4456,10.49997399999995,54.99997399999998
4457,10.99997399999995,54.99997399999998
4458,11.49997399999995,54.99997399999998
4459,11.99997399999995,54.99997399999998
4460,12.49997399999995,54.99997399999998
4461,12.99997399999995,54.99997399999998
4462,13.49997399999995,54.99997399999998
4463,13.99997399999995,54.99997399999998
4464,14.49997399999995,54.99997399999998
4465,14.99997399999995,54.99997399999998
4466,15.49997399999995,54.99997399999998
4467,20.99997399999995,54.99997399999998
4468,25.99997399999995,55.99997399999998
4469,58.99997399999995,60.49997399999998
4470,70.49997399999995,54.49997399999998
4471,71.49997399999995,54.99997399999998
4472,135.499974,54.99997399999998
4473,135.999974,54.99997399999998
4474,136.499974,54.99997399999998
4475,136.999974,54.99997399999998
4476,137.499974,54.99997399999998
4477,137.999974,54.99997399999998
4478,155.999974,54.99997399999998
4479,160.999974,54.99997399999998
4480,165.999974,54.99997399999998
4481,166.499974,54.99997399999998
4482,-164.5000260000001,54.49997399999998
4483,-164.0000260000001,54.49997399999998
4484,-163.5000260000001,54.49997399999998
4485,-163.0000260000001,54.49997399999998
4486,-162.5000260000001,54.49997399999998
4487,-162.0000260000001,54.49997399999998
4488,-133.0000260000001,54.49997399999998
4489,-132.5000260000001,54.49997399999998
4490,-132.0000260000001,54.49997399999998
4491,-131.0000260000001,54.49997399999998
4492,-130.5000260000001,54.49997399999998
4493,-130.0000260000001,54.49997399999998
4494,-129.5000260000001,54.99997399999998
4495,-82.00002600000005,54.49997399999998
4496,-79.50002600000005,54.49997399999998
4497,-79.00002600000005,54.49997399999998
4498,-78.50002600000005,54.49997399999998
4499,-59.00002600000005,54.49997399999998
4500,-58.00002600000005,54.49997399999998
4501,-57.50002600000005,54.49997399999998
4502,-57.00002600000005,54.49997399999998
4503,-8.500026000000048,54.49997399999998
4504,-8.000026000000048,54.49997399999998
4505,-5.500026000000048,54.49997399999998
4506,-5.000026000000048,54.49997399999998
4507,-4.500026000000048,54.49997399999998
4508,-4.000026000000048,54.49997399999998
4509,-3.500026000000048,54.49997399999998
4510,-3.000026000000048,54.49997399999998
4511,-2.000026000000048,54.49997399999998
4512,-0.500026000000048,54.49997399999998
4513,8.499973999999952,54.49997399999998
4514,8.999973999999952,54.49997399999998
4515,9.999973999999952,54.49997399999998
4516,10.49997399999995,54.49997399999998
4517,10.99997399999995,54.49997399999998
4518,11.49997399999995,54.49997399999998
4519,11.99997399999995,54.49997399999998
4520,12.49997399999995,54.49997399999998
4521,12.99997399999995,54.49997399999998
4522,13.49997399999995,54.49997399999998
4523,13.99997399999995,54.49997399999998
4524,16.99997399999995,54.49997399999998
4525,17.49997399999995,54.49997399999998
4526,17.99997399999995,54.49997399999998
4527,18.49997399999995,54.49997399999998
4528,18.49997399999995,54.49997399999998
4529,19.99997399999995,54.49997399999998
4530,22.49997399999995,54.99997399999998
4531,67.49997399999995,54.49997399999998
4532,71.99997399999995,54.49997399999998
4533,76.99997399999995,54.49997399999998
4534,132.999974,55.99997399999998
4535,135.999974,54.99997399999998
4536,136.499974,54.49997399999998
4537,136.999974,54.49997399999998
4538,137.499974,54.49997399999998
4539,137.999974,54.49997399999998
4540,138.499974,54.49997399999998
4541,155.999974,54.49997399999998
4542,160.999974,54.49997399999998
4543,161.499974,54.49997399999998
4544,161.999974,54.49997399999998
4545,162.499974,54.49997399999998
4546,166.499974,54.49997399999998
4547,166.999974,54.49997399999998
4548,-166.0000260000001,53.99997399999998
4549,-165.5000260000001,53.99997399999998
4550,-165.0000260000001,53.99997399999998
4551,-164.5000260000001,53.99997399999998
4552,-164.0000260000001,53.99997399999998
4553,-162.5000260000001,53.99997399999998
4554,-133.0000260000001,53.99997399999998
4555,-132.5000260000001,53.99997399999998
4556,-132.0000260000001,53.99997399999998
4557,-131.5000260000001,53.99997399999998
4558,-130.5000260000001,53.99997399999998
4559,-130.0000260000001,53.99997399999998
4560,-125.500026,54.49997399999998
4561,-83.00002600000005,53.99997399999998
4562,-81.00002600000005,53.99997399999998
4563,-79.50002600000005,53.99997399999998
4564,-79.00002600000005,53.99997399999998
4565,-59.50002600000005,53.99997399999998
4566,-58.00002600000005,53.99997399999998
4567,-57.50002600000005,53.99997399999998
4568,-57.00002600000005,53.99997399999998
4569,-10.00002600000005,53.99997399999998
4570,-9.500026000000048,53.99997399999998
4571,-9.000026000000048,53.99997399999998
4572,-8.500026000000048,53.99997399999998
4573,-8.000026000000048,53.99997399999998
4574,-5.500026000000048,53.99997399999998
4575,-4.500026000000048,53.99997399999998
4576,-4.000026000000048,53.99997399999998
4577,-3.500026000000048,53.99997399999998
4578,-3.000026000000048,53.99997399999998
4579,-2.500026000000048,53.99997399999998
4580,-2.600000004804315e-05,53.99997399999998
4581,8.999973999999952,53.99997399999998
4582,9.999973999999952,53.99997399999998
4583,10.99997399999995,53.99997399999998
4584,10.99997399999995,53.499974
4585,11.99997399999995,53.99997399999998
4586,11.99997399999995,53.499974
4587,12.99997399999995,53.99997399999998
4588,13.49997399999995,53.99997399999998
4589,13.99997399999995,53.99997399999998
4590,14.49997399999995,53.99997399999998
4591,14.99997399999995,53.99997399999998
4592,15.49997399999995,53.499974
4593,15.99997399999995,54.49997399999998
4594,16.49997399999995,53.99997399999998
4595,18.99997399999995,53.99997399999998
4596,19.49997399999995,53.499974
4597,20.49997399999995,53.99997399999998
4598,65.99997399999995,53.99997399999998
4599,69.99997399999995,53.499974
4600,70.49997399999995,53.499974
4601,70.49997399999995,52.999974
4602,71.49997399999995,53.499974
4603,73.49997399999995,53.99997399999998
4604,73.99997399999995,53.499974
4605,76.49997399999995,54.99997399999998
4606,136.999974,53.99997399999998
4607,137.499974,53.99997399999998
4608,137.999974,53.99997399999998
4609,138.999974,53.99997399999998
4610,139.499974,53.99997399999998
4611,139.999974,53.99997399999998
4612,140.499974,53.99997399999998
4613,142.499974,53.99997399999998
4614,142.999974,53.99997399999998
4615,155.999974,53.99997399999998
4616,159.999974,53.99997399999998
4617,160.499974,53.99997399999998
4618,160.499974,54.49997399999998
4619,161.499974,53.99997399999998
4620,-168.0000260000001,53.499974
4621,-167.0000260000001,53.499974
4622,-166.5000260000001,53.499974
4623,-166.0000260000001,53.499974
4624,-133.0000260000001,53.499974
4625,-132.5000260000001,53.499974
4626,-132.0000260000001,53.499974
4627,-131.5000260000001,53.499974
4628,-130.5000260000001,53.499974
4629,-130.0000260000001,53.499974
4630,-129.5000260000001,53.499974
4631,-129.0000260000001,53.499974
4632,-128.5000260000001,53.499974
4633,-83.50002600000005,53.499974
4634,-73.50002600000005,54.99997399999998
4635,-60.50002600000005,54.49997399999998
4636,-60.00002600000005,52.999974
4637,-59.00002600000005,52.999974
4638,-58.50002600000005,53.499974
4639,-59.50002600000005,52.499974
4640,-56.50002600000005,53.499974
4641,-56.50002600000005,53.499974
4642,-10.00002600000005,53.499974
4643,-9.500026000000048,53.499974
4644,-6.500026000000048,53.499974
4645,-3.000026000000048,53.499974
4646,-2.500026000000048,53.499974
4647,-0.500026000000048,53.99997399999998
4648,-2.600000004804315e-05,53.499974
4649,0.499973999999952,53.499974
4650,7.499973999999952,53.499974
4651,7.999973999999952,53.499974
4652,8.499973999999952,53.99997399999998
4653,10.49997399999995,53.99997399999998
4654,13.99997399999995,53.499974
4655,16.99997399999995,53.99997399999998
4656,66.49997399999995,53.499974
4657,71.49997399999995,52.999974
4658,72.99997399999995,54.49997399999998
4659,74.49997399999995,53.499974
4660,75.99997399999995,53.499974
4661,135.499974,52.999974
4662,137.499974,52.999974
4663,137.999974,53.499974
4664,137.999974,52.999974
4665,138.999974,53.499974
4666,140.499974,53.499974
4667,140.999974,53.499974
4668,142.999974,53.499974
4669,143.499974,53.499974
4670,155.999974,53.499974
4671,159.499974,54.49997399999998
4672,-168.5000260000001,52.999974
4673,-168.0000260000001,52.999974
4674,-167.5000260000001,52.999974
4675,-167.0000260000001,52.999974
4676,-166.5000260000001,52.999974
4677,-132.5000260000001,52.999974
4678,-132.0000260000001,52.999974
4679,-131.5000260000001,52.999974
4680,-130.0000260000001,52.999974
4681,-129.5000260000001,52.999974
4682,-129.0000260000001,52.999974
4683,-128.5000260000001,52.999974
4684,-128.0000260000001,52.999974
4685,-108.500026,49.999974
4686,-86.00002600000005,53.499974
4687,-81.50002600000005,52.999974
4688,-81.00002600000005,52.999974
4689,-80.50002600000005,52.999974
4690,-80.00002600000005,52.999974
4691,-79.00002600000005,52.999974
4692,-66.50002600000005,55.49997399999998
4693,-56.00002600000005,52.999974
4694,-10.00002600000005,52.999974
4695,-9.500026000000048,52.999974
4696,-9.000026000000048,53.99997399999998
4697,-6.500026000000048,52.999974
4698,-4.500026000000048,52.999974
4699,-4.000026000000048,52.999974
4700,-3.500026000000048,52.999974
4701,-3.500026000000048,52.999974
4702,0.499973999999952,52.999974
4703,4.999973999999952,52.999974
4704,5.499973999999952,52.999974
4705,5.999973999999952,52.999974
4706,6.499973999999952,52.999974
4707,6.999973999999952,52.999974
4708,7.999973999999952,51.999974
4709,65.99997399999995,52.999974
4710,73.49997399999995,53.499974
4711,73.99997399999995,52.999974
4712,74.99997399999995,52.999974
4713,78.99997399999995,53.499974
4714,139.999974,53.99997399999998
4715,141.499974,52.999974
4716,141.999974,52.999974
4717,142.499974,52.999974
4718,142.999974,52.999974
4719,143.499974,52.999974
4720,156.499974,52.999974
4721,158.999974,52.999974
4722,159.499974,52.999974
4723,159.999974,52.999974
4724,160.499974,52.999974
4725,-170.5000260000001,52.499974
4726,-169.5000260000001,52.499974
4727,-168.5000260000001,52.499974
4728,-132.0000260000001,52.499974
4729,-131.5000260000001,52.499974
4730,-131.0000260000001,52.499974
4731,-129.0000260000001,52.499974
4732,-128.5000260000001,52.499974
4733,-128.0000260000001,52.499974
4734,-111.000026,51.499974
4735,-101.000026,53.499974
4736,-84.50002600000005,53.499974
4737,-81.50002600000005,52.499974
4738,-81.00002600000005,52.499974
4739,-80.50002600000005,52.499974
4740,-78.50002600000005,52.499974
4741,-57.00002600000005,52.499974
4742,-9.500026000000048,52.499974
4743,-9.000026000000048,52.499974
4744,-6.000026000000048,52.499974
4745,-4.500026000000048,52.499974
4746,-4.000026000000048,52.499974
4747,-2.600000004804315e-05,53.499974
4748,0.999973999999952,52.499974
4749,1.499973999999952,52.499974
4750,1.999973999999952,52.499974
4751,4.999973999999952,52.499974
4752,5.499973999999952,52.499974
4753,6.999973999999952,52.499974
4754,65.49997399999995,51.999974
4755,74.49997399999995,50.999974
4756,75.49997399999995,52.499974
4757,75.99997399999995,52.499974
4758,77.49997399999995,52.499974
4759,78.49997399999995,52.499974
4760,78.99997399999995,52.499974
4761,79.99997399999995,51.999974
4762,140.999974,52.499974
4763,141.999974,52.499974
4764,142.999974,52.499974
4765,156.499974,52.499974
4766,158.499974,53.499974
4767,172.999974,52.499974
4768,173.499974,52.499974
4769,-176.0000260000001,51.999974
4770,-175.0000260000001,51.999974
4771,-174.5000260000001,51.999974
4772,-174.0000260000001,51.999974
4773,-173.5000260000001,51.999974
4774,-172.5000260000001,51.999974
4775,-172.0000260000001,51.999974
4776,-171.0000260000001,51.999974
4777,-131.5000260000001,51.999974
4778,-131.0000260000001,51.999974
4779,-128.5000260000001,51.999974
4780,-128.0000260000001,51.999974
4781,-127.500026,51.999974
4782,-127.000026,53.499974
4783,-126.500026,51.999974
4784,-82.50002600000005,51.499974
4785,-81.50002600000005,51.499974
4786,-80.00002600000005,51.999974
4787,-79.00002600000005,51.999974
4788,-71.00002600000005,52.499974
4789,-57.00002600000005,51.999974
4790,-10.00002600000005,51.999974
4791,-9.500026000000048,51.999974
4792,-7.500026000000048,52.999974
4793,-7.000026000000048,52.499974
4794,-6.500026000000048,52.499974
4795,-4.500026000000048,51.999974
4796,-4.000026000000048,51.999974
4797,1.499973999999952,51.999974
4798,5.999973999999952,51.999974
4799,62.49997399999995,51.999974
4800,63.49997399999995,51.499974
4801,75.49997399999995,51.999974
4802,76.49997399999995,51.999974
4803,77.99997399999995,51.999974
4804,80.99997399999995,51.999974
4805,141.499974,51.999974
4806,141.999974,51.999974
4807,142.999974,51.999974
4808,156.499974,51.999974
4809,157.999974,51.999974
4810,158.999974,51.999974
4811,173.999974,51.999974
4812,177.999974,51.999974
4813,-178.5000260000001,51.499974
4814,-178.0000260000001,51.499974
4815,-177.5000260000001,51.499974
4816,-177.0000260000001,51.499974
4817,-176.5000260000001,51.499974
4818,-176.0000260000001,51.499974
4819,-128.0000260000001,51.499974
4820,-127.500026,51.499974
4821,-127.000026,51.499974
4822,-126.500026,51.499974
4823,-112.000026,51.499974
4824,-108.000026,50.999974
4825,-106.000026,51.499974
4826,-80.50002600000005,51.499974
4827,-79.50002600000005,51.499974
4828,-79.00002600000005,51.499974
4829,-78.50002600000005,51.499974
4830,-56.50002600000005,51.499974
4831,-56.00002600000005,51.499974
4832,-55.50002600000005,51.499974
4833,-55.00002600000005,51.499974
4834,-10.00002600000005,51.499974
4835,-9.500026000000048,51.499974
4836,-9.000026000000048,51.499974
4837,-8.500026000000048,51.499974
4838,-8.000026000000048,51.499974
4839,-8.000026000000048,51.999974
4840,-5.000026000000048,51.499974
4841,-4.500026000000048,51.499974
4842,-4.000026000000048,51.499974
4843,-2.500026000000048,51.499974
4844,-2.500026000000048,52.499974
4845,-2.600000004804315e-05,51.499974
4846,1.499973999999952,51.499974
4847,5.499973999999952,48.999974
4848,75.49997399999995,51.499974
4849,76.99997399999995,51.499974
4850,78.49997399999995,51.499974
4851,80.49997399999995,51.499974
4852,140.999974,51.499974
4853,141.499974,51.499974
4854,141.999974,51.499974
4855,142.999974,50.499974
4856,156.999974,51.499974
4857,157.999974,51.499974
4858,158.499974,51.499974
4859,177.499974,51.499974
4860,177.999974,51.499974
4861,178.499974,51.499974
4862,178.999974,51.499974
4863,179.499974,51.499974
4864,179.999974,51.499974
4865,-127.500026,50.999974
4866,-127.000026,50.999974
4867,-80.50002600000005,49.999974
4868,-80.00002600000005,50.999974
4869,-79.00002600000005,50.999974
4870,-73.50002600000005,50.499974
4871,-59.00002600000005,50.999974
4872,-58.00002600000005,50.999974
4873,-57.50002600000005,52.499974
4874,-57.00002600000005,50.999974
4875,-56.50002600000005,50.999974
4876,-56.00002600000005,50.999974
4877,-55.50002600000005,50.999974
4878,-55.00002600000005,50.999974
4879,-9.500026000000048,50.999974
4880,-4.000026000000048,50.999974
4881,-3.500026000000048,50.999974
4882,-3.000026000000048,50.999974
4883,0.499973999999952,50.999974
4884,1.499973999999952,50.999974
4885,2.999973999999952,50.999974
4886,3.499973999999952,50.999974
4887,2.999973999999952,49.999974
4888,62.99997399999995,51.999974
4889,74.99997399999995,49.999974
4890,76.99997399999995,49.999974
4891,78.99997399999995,50.999974
4892,80.49997399999995,50.999974
4893,140.999974,50.999974
4894,142.499974,50.999974
4895,143.499974,50.999974
4896,143.999974,50.999974
4897,156.999974,50.999974
4898,157.499974,50.999974
4899,179.499974,50.999974
4900,-128.0000260000001,50.499974
4901,-127.500026,50.499974
4902,-127.000026,50.499974
4903,-126.500026,50.999974
4904,-126.000026,50.499974
4905,-125.500026,50.499974
4906,-125.000026,50.499974
4907,-124.500026,50.999974
4908,-59.00002600000005,50.499974
4909,-58.50002600000005,50.499974
4910,-57.00002600000005,50.499974
4911,-56.50002600000005,50.499974
4912,-56.00002600000005,50.499974
4913,-55.50002600000005,50.499974
4914,-4.500026000000048,50.499974
4915,-3.000026000000048,50.499974
4916,-2.500026000000048,50.499974
4917,-2.000026000000048,50.499974
4918,-1.500026000000048,50.499974
4919,-1.000026000000048,50.499974
4920,-0.500026000000048,50.499974
4921,-2.600000004804315e-05,50.499974
4922,0.499973999999952,50.499974
4923,0.999973999999952,50.499974
4924,1.999973999999952,50.499974
4925,2.499973999999952,50.499974
4926,77.99997399999995,50.499974
4927,80.99997399999995,50.499974
4928,130.999974,55.99997399999998
4929,140.999974,50.499974
4930,142.499974,50.499974
4931,143.499974,50.499974
4932,155.999974,50.499974
4933,156.499974,50.499974
4934,156.999974,50.499974
4935,-127.500026,49.999974
4936,-127.000026,49.999974
4937,-125.500026,49.499974
4938,-125.000026,49.999974
4939,-124.500026,50.499974
4940,-110.000026,49.499974
4941,-105.500026,50.499974
4942,-67.00002600000005,51.499974
4943,-66.50002600000005,52.999974
4944,-65.50002600000005,49.999974
4945,-65.00002600000005,49.999974
4946,-65.00002600000005,51.999974
4947,-64.00002600000005,49.999974
4948,-63.50002600000005,49.999974
4949,-63.50002600000005,51.999974
4950,-62.50002600000005,49.999974
4951,-62.50002600000005,51.999974
4952,-62.00002600000005,52.499974
4953,-61.00002600000005,49.999974
4954,-60.50002600000005,51.499974
4955,-60.00002600000005,49.999974
4956,-62.00002600000005,52.499974
4957,-57.50002600000005,49.999974
4958,-56.50002600000005,49.999974
4959,-56.00002600000005,49.999974
4960,-5.500026000000048,49.999974
4961,-5.000026000000048,49.999974
4962,-4.500026000000048,49.999974
4963,-4.000026000000048,49.999974
4964,-3.500026000000048,49.999974
4965,1.499973999999952,49.999974
4966,2.499973999999952,50.499974
4967,71.99997399999995,50.999974
4968,77.49997399999995,48.999974
4969,78.49997399999995,49.499974
4970,78.99997399999995,49.999974
4971,90.49997399999995,49.999974
4972,94.99997399999995,50.999974
4973,112.499974,48.999974
4974,123.999974,54.99997399999998
4975,140.999974,49.999974
4976,142.499974,49.999974
4977,143.499974,49.999974
4978,155.499974,49.999974
4979,155.999974,49.999974
4980,156.499974,49.999974
4981,-127.000026,49.499974
4982,-126.500026,49.499974
4983,-126.000026,49.499974
4984,-125.000026,49.499974
4985,-124.500026,49.999974
4986,-124.000026,49.499974
4987,-123.500026,49.499974
4988,-123.500026,49.999974
4989,-67.00002600000005,49.499974
4990,-66.50002600000005,49.499974
4991,-64.00002600000005,49.499974
4992,-63.50002600000005,49.499974
4993,-63.00002600000005,49.499974
4994,-62.50002600000005,49.499974
4995,-62.00002600000005,49.499974
4996,-57.50002600000005,49.499974
4997,-57.00002600000005,49.499974
4998,-56.00002600000005,49.499974
4999,-56.00002600000005,48.999974
5000,-54.50002600000005,49.499974
5001,-54.00002600000005,49.499974
5002,-5.000026000000048,49.499974
5003,-1.500026000000048,49.499974
5004,-1.000026000000048,49.499974
5005,0.499973999999952,49.499974
5006,0.999973999999952,49.499974
5007,1.499973999999952,49.499974
5008,65.49997399999995,49.499974
5009,76.49997399999995,49.499974
5010,140.499974,49.499974
5011,142.499974,49.499974
5012,144.499974,49.499974
5013,154.999974,49.499974
5014,-126.000026,48.999974
5015,-125.500026,48.999974
5016,-125.000026,48.999974
5017,-124.000026,48.999974
5018,-123.500026,48.999974
5019,-125.500026,54.49997399999998
5020,-111.000026,48.999974
5021,-70.00002600000005,51.999974
5022,-68.50002600000005,52.999974
5023,-67.50002600000005,48.999974
5024,-67.00002600000005,48.999974
5025,-66.50002600000005,48.999974
5026,-66.00002600000005,48.999974
5027,-65.50002600000005,48.999974
5028,-65.00002600000005,48.999974
5029,-64.50002600000005,48.999974
5030,-63.50002600000005,48.999974
5031,-63.00002600000005,48.999974
5032,-62.50002600000005,48.999974
5033,-62.00002600000005,48.999974
5034,-61.50002600000005,48.999974
5035,-57.50002600000005,48.999974
5036,-55.50002600000005,48.999974
5037,-55.50002600000005,48.499974
5038,-54.00002600000005,48.999974
5039,-53.50002600000005,48.999974
5040,-2.000026000000048,48.999974
5041,-1.500026000000048,48.999974
5042,-1.000026000000048,48.999974
5043,-0.500026000000048,48.999974
5044,-0.500026000000048,48.499974
5045,0.499973999999952,48.499974
5046,46.99997399999995,49.999974
5047,47.99997399999995,49.999974
5048,52.49997399999995,48.999974
5049,89.99997399999995,50.499974
5050,95.99997399999995,48.999974
5051,96.49997399999995,48.999974
5052,98.99997399999995,48.999974
5053,117.499974,49.999974
5054,140.499974,50.499974
5055,142.499974,48.999974
5056,142.999974,50.499974
5057,143.999974,48.999974
5058,144.499974,48.999974
5059,154.499974,48.999974
5060,154.999974,48.999974
5061,-125.000026,48.499974
5062,-124.500026,48.499974
5063,-124.000026,48.499974
5064,-123.000026,48.499974
5065,-122.500026,48.499974
5066,-70.00002600000005,50.999974
5067,-69.00002600000005,48.999974
5068,-68.00002600000005,47.999974
5069,-67.50002600000005,48.499974
5070,-67.00002600000005,48.499974
5071,-65.00002600000005,48.499974
5072,-59.00002600000005,48.499974
5073,-58.50002600000005,48.499974
5074,-54.50002600000005,48.499974
5075,-53.00002600000005,48.499974
5076,-4.500026000000048,48.499974
5077,-4.000026000000048,48.499974
5078,-3.500026000000048,48.499974
5079,-3.000026000000048,48.499974
5080,-2.500026000000048,48.499974
5081,-2.000026000000048,47.999974
5082,-1.500026000000048,48.499974
5083,46.49997399999995,48.499974
5084,49.49997399999995,51.499974
5085,54.99997399999995,50.499974
5086,65.99997399999995,49.499974
5087,96.99997399999995,48.499974
5088,112.999974,48.499974
5089,138.999974,47.999974
5090,141.999974,48.499974
5091,142.499974,48.499974
5092,142.999974,48.499974
5093,144.499974,48.499974
5094,144.999974,48.499974
5095,154.499974,48.499974
5096,-124.500026,47.999974
5097,-124.000026,47.999974
5098,-123.500026,47.999974
5099,-123.000026,47.499974
5100,-122.500026,47.999974
5101,-122.000026,47.999974
5102,-99.00002600000003,48.999974
5103,-71.00002600000005,49.499974
5104,-69.00002600000005,47.999974
5105,-68.50002600000005,47.999974
5106,-67.50002600000005,47.499974
5107,-66.00002600000005,47.999974
5108,-65.50002600000005,47.999974
5109,-65.00002600000005,47.999974
5110,-64.50002600000005,47.999974
5111,-64.00002600000005,47.999974
5112,-59.00002600000005,47.999974
5113,-58.50002600000005,47.999974
5114,-54.00002600000005,47.999974
5115,-53.00002600000005,47.999974
5116,-52.50002600000005,47.999974
5117,-4.500026000000048,47.999974
5118,-4.000026000000048,47.999974
5119,46.99997399999995,47.999974
5120,52.99997399999995,47.999974
5121,65.99997399999995,51.499974
5122,139.999974,47.999974
5123,140.499974,47.999974
5124,142.499974,47.999974
5125,142.999974,47.999974
5126,153.499974,47.999974
5127,-124.500026,47.499974
5128,-124.000026,47.499974
5129,-122.500026,47.499974
5130,-122.000026,47.499974
5131,-70.50002600000005,47.499974
5132,-69.50002600000005,47.499974
5133,-66.50002600000005,47.499974
5134,-65.00002600000005,47.499974
5135,-64.50002600000005,47.499974
5136,-59.00002600000005,47.499974
5137,-58.50002600000005,47.499974
5138,-58.00002600000005,47.499974
5139,-57.50002600000005,47.499974
5140,-57.50002600000005,47.999974
5141,-56.50002600000005,47.499974
5142,-56.00002600000005,47.499974
5143,-55.50002600000005,47.499974
5144,-55.00002600000005,47.499974
5145,-54.50002600000005,47.499974
5146,-54.00002600000005,47.499974
5147,-53.50002600000005,47.499974
5148,-53.00002600000005,47.499974
5149,-52.50002600000005,47.499974
5150,-4.000026000000048,47.499974
5151,-3.500026000000048,47.499974
5152,-3.000026000000048,47.499974
5153,-2.500026000000048,47.499974
5154,-2.500026000000048,47.999974
5155,60.49997399999995,47.499974
5156,67.49997399999995,47.499974
5157,134.499974,52.499974
5158,139.499974,47.499974
5159,141.999974,47.499974
5160,142.499974,47.499974
5161,142.999974,47.499974
5162,152.999974,47.499974
5163,153.499974,47.499974
5164,-124.000026,47.499974
5165,-122.500026,46.999974
5166,-122.000026,46.999974
5167,-70.50002600000005,46.999974
5168,-70.00002600000005,46.999974
5169,-66.50002600000005,46.499974
5170,-64.50002600000005,46.999974
5171,-61.50002600000005,46.999974
5172,-56.00002600000005,46.999974
5173,-55.50002600000005,46.999974
5174,-55.00002600000005,46.999974
5175,-54.50002600000005,46.999974
5176,-54.00002600000005,46.999974
5177,-53.50002600000005,46.999974
5178,-53.00002600000005,46.999974
5179,-52.50002600000005,46.999974
5180,1.499973999999952,48.499974
5181,37.99997399999995,46.999974
5182,38.49997399999995,46.999974
5183,38.99997399999995,47.499974
5184,38.49997399999995,54.49997399999998
5185,51.49997399999995,46.999974
5186,91.49997399999995,46.999974
5187,94.49997399999995,46.499974
5188,126.499974,49.999974
5189,138.499974,48.499974
5190,141.999974,46.999974
5191,142.999974,46.999974
5192,152.499974,46.999974
5193,-124.000026,46.999974
5194,-123.500026,46.499974
5195,-87.50002600000005,50.499974
5196,-70.50002600000005,46.499974
5197,-65.00002600000005,46.499974
5198,-64.00002600000005,46.499974
5199,-63.50002600000005,46.499974
5200,-61.00002600000005,46.499974
5201,-60.50002600000005,46.499974
5202,-60.00002600000005,46.499974
5203,-56.00002600000005,46.499974
5204,-55.50002600000005,46.499974
5205,-55.00002600000005,46.499974
5206,-54.00002600000005,46.499974
5207,-53.50002600000005,46.499974
5208,-53.00002600000005,46.499974
5209,-52.50002600000005,46.499974
5210,-2.000026000000048,46.499974
5211,-1.500026000000048,46.499974
5212,30.49997399999995,47.499974
5213,30.49997399999995,47.499974
5214,28.49997399999995,49.999974
5215,33.99997399999995,55.99997399999998
5216,35.99997399999995,46.499974
5217,36.49997399999995,46.499974
5218,36.99997399999995,46.499974
5219,37.49997399999995,46.499974
5220,37.99997399999995,46.499974
5221,38.49997399999995,46.499974
5222,39.49997399999995,46.499974
5223,49.99997399999995,46.499974
5224,50.49997399999995,46.499974
5225,50.99997399999995,46.499974
5226,51.49997399999995,46.499974
5227,59.49997399999995,54.49997399999998
5228,52.49997399999995,46.499974
5229,52.99997399999995,46.499974
5230,57.99997399999995,49.499974
5231,58.49997399999995,46.499974
5232,64.99997399999995,45.999974
5233,81.49997399999995,45.999974
5234,93.49997399999995,46.499974
5235,106.999974,47.499974
5236,107.999974,46.999974
5237,110.499974,46.499974
5238,113.499974,45.999974
5239,118.499974,46.999974
5240,138.499974,46.499974
5241,141.999974,46.499974
5242,142.499974,46.499974
5243,143.499974,46.499974
5244,151.999974,46.499974
5245,152.499974,46.499974
5246,-118.500026,52.999974
5247,-64.50002600000005,45.999974
5248,-64.00002600000005,45.999974
5249,-63.50002600000005,45.999974
5250,-63.00002600000005,45.999974
5251,-62.50002600000005,45.999974
5252,-62.00002600000005,45.999974
5253,-61.00002600000005,45.999974
5254,-60.50002600000005,45.999974
5255,-60.00002600000005,45.999974
5256,-59.50002600000005,45.999974
5257,-1.500026000000048,45.999974
5258,-1.000026000000048,46.999974
5259,29.99997399999995,46.499974
5260,30.99997399999995,45.999974
5261,31.99997399999995,45.999974
5262,32.49997399999995,45.999974
5263,32.99997399999995,45.999974
5264,33.49997399999995,45.999974
5265,33.99997399999995,45.999974
5266,34.49997399999995,45.999974
5267,34.99997399999995,45.999974
5268,35.49997399999995,46.999974
5269,35.99997399999995,45.999974
5270,37.99997399999995,45.999974
5271,39.49997399999995,46.499974
5272,48.49997399999995,46.499974
5273,49.49997399999995,47.999974
5274,49.99997399999995,45.999974
5275,50.49997399999995,45.999974
5276,50.99997399999995,45.999974
5277,51.49997399999995,45.999974
5278,51.99997399999995,45.999974
5279,52.49997399999995,45.999974
5280,52.99997399999995,45.999974
5281,56.49997399999995,45.999974
5282,82.99997399999995,47.499974
5283,95.99997399999995,46.999974
5284,103.999974,45.999974
5285,105.499974,45.999974
5286,106.499974,46.999974
5287,111.999974,47.499974
5288,137.499974,45.999974
5289,138.499974,45.999974
5290,141.999974,45.999974
5291,142.499974,45.999974
5292,143.499974,45.999974
5293,143.999974,45.999974
5294,150.499974,45.999974
5295,-123.500026,45.499974
5296,-65.00002600000005,45.499974
5297,-64.00002600000005,45.499974
5298,-63.50002600000005,45.499974
5299,-63.00002600000005,45.499974
5300,-62.50002600000005,45.499974
5301,-62.00002600000005,45.499974
5302,-61.50002600000005,45.499974
5303,-61.00002600000005,45.499974
5304,-60.50002600000005,45.499974
5305,-60.00002600000005,45.499974
5306,-59.50002600000005,45.499974
5307,-1.000026000000048,45.499974
5308,12.49997399999995,46.499974
5309,13.49997399999995,45.999974
5310,13.99997399999995,45.499974
5311,28.99997399999995,46.499974
5312,30.49997399999995,45.499974
5313,32.99997399999995,45.499974
5314,33.49997399999995,45.499974
5315,33.99997399999995,45.499974
5316,34.99997399999995,45.499974
5317,34.99997399999995,45.499974
5318,38.99997399999995,45.999974
5319,47.49997399999995,45.999974
5320,47.99997399999995,45.999974
5321,48.49997399999995,45.999974
5322,49.49997399999995,45.499974
5323,49.99997399999995,45.499974
5324,50.49997399999995,45.499974
5325,50.99997399999995,45.499974
5326,51.49997399999995,45.499974
5327,51.99997399999995,45.499974
5328,52.49997399999995,45.499974
5329,52.99997399999995,45.499974
5330,57.99997399999995,45.499974
5331,63.49997399999995,47.499974
5332,65.99997399999995,45.499974
5333,78.49997399999995,48.999974
5334,86.49997399999995,46.999974
5335,92.99997399999995,46.499974
5336,96.99997399999995,45.499974
5337,99.99997399999995,47.499974
5338,104.499974,46.999974
5339,105.499974,45.499974
5340,108.499974,46.999974
5341,112.499974,44.999974
5342,114.499974,45.499974
5343,118.999974,44.999974
5344,137.499974,45.499974
5345,137.999974,45.499974
5346,141.999974,45.499974
5347,149.999974,45.499974
5348,150.499974,45.499974
5349,-123.500026,44.999974
5350,-67.00002600000005,45.499974
5351,-68.00002600000005,47.999974
5352,-65.50002600000005,44.999974
5353,-65.00002600000005,44.999974
5354,-64.50002600000005,44.999974
5355,-64.00002600000005,44.999974
5356,-63.50002600000005,44.999974
5357,-62.50002600000005,44.999974
5358,-61.00002600000005,44.999974
5359,-1.000026000000048,44.999974
5360,0.499973999999952,42.999974
5361,11.99997399999995,46.499974
5362,12.99997399999995,44.999974
5363,13.99997399999995,44.999974
5364,14.49997399999995,44.999974
5365,14.99997399999995,44.999974
5366,17.49997399999995,49.999974
5367,32.99997399999995,44.999974
5368,33.49997399999995,44.999974
5369,35.49997399999995,44.999974
5370,35.99997399999995,44.999974
5371,36.49997399999995,44.999974
5372,36.99997399999995,44.999974
5373,41.49997399999995,45.499974
5374,46.99997399999995,45.499974
5375,47.49997399999995,45.499974
5376,48.49997399999995,44.999974
5377,48.99997399999995,44.999974
5378,49.49997399999995,44.999974
5379,49.99997399999995,44.999974
5380,50.49997399999995,44.999974
5381,50.99997399999995,44.999974
5382,51.49997399999995,44.999974
5383,51.99997399999995,44.499974
5384,52.49997399999995,45.499974
5385,56.99997399999995,45.999974
5386,60.49997399999995,45.999974
5387,70.99997399999995,49.499974
5388,94.49997399999995,45.999974
5389,97.99997399999995,44.999974
5390,99.49997399999995,44.999974
5391,100.999974,46.999974
5392,101.499974,44.999974
5393,102.499974,44.499974
5394,102.999974,45.999974
5395,105.499974,44.999974
5396,107.499974,45.499974
5397,107.999974,44.999974
5398,108.499974,44.999974
5399,111.499974,46.499974
5400,112.999974,44.999974
5401,116.999974,45.499974
5402,136.499974,44.999974
5403,136.999974,45.499974
5404,140.999974,44.999974
5405,141.499974,44.999974
5406,141.999974,44.999974
5407,142.499974,44.999974
5408,147.999974,44.999974
5409,148.499974,44.999974
5410,148.999974,44.999974
5411,-124.000026,44.499974
5412,-123.500026,44.499974
5413,-67.50002600000005,44.499974
5414,-67.00002600000005,44.999974
5415,-65.50002600000005,44.499974
5416,-65.00002600000005,44.499974
5417,-64.00002600000005,44.499974
5418,-63.50002600000005,44.499974
5419,-63.00002600000005,44.499974
5420,-62.50002600000005,44.499974
5421,-62.00002600000005,44.499974
5422,-1.000026000000048,44.499974
5423,10.99997399999995,45.999974
5424,13.99997399999995,44.499974
5425,14.49997399999995,44.499974
5426,14.99997399999995,44.499974
5427,15.49997399999995,44.499974
5428,28.99997399999995,44.499974
5429,29.99997399999995,44.499974
5430,33.49997399999995,44.499974
5431,33.99997399999995,44.499974
5432,34.49997399999995,44.499974
5433,34.99997399999995,44.499974
5434,35.49997399999995,44.499974
5435,37.49997399999995,44.499974
5436,37.99997399999995,44.499974
5437,42.49997399999995,43.999974
5438,46.99997399999995,44.999974
5439,47.99997399999995,44.499974
5440,48.49997399999995,44.499974
5441,48.99997399999995,44.499974
5442,49.49997399999995,44.499974
5443,49.99997399999995,44.499974
5444,50.49997399999995,44.499974
5445,50.99997399999995,44.499974
5446,51.49997399999995,44.499974
5447,60.49997399999995,41.999974
5448,81.49997399999995,44.499974
5449,80.99997399999995,44.999974
5450,88.99997399999995,44.499974
5451,89.99997399999995,44.499974
5452,90.99997399999995,44.999974
5453,91.49997399999995,44.499974
5454,91.99997399999995,44.499974
5455,92.49997399999995,43.999974
5456,97.49997399999995,45.499974
5457,99.49997399999995,44.499974
5458,103.499974,46.499974
5459,105.499974,44.499974
5460,106.999974,44.499974
5461,107.999974,44.499974
5462,108.999974,44.499974
5463,109.499974,44.499974
5464,110.499974,44.499974
5465,111.499974,44.499974
5466,113.499974,44.499974
5467,135.999974,44.499974
5468,142.499974,44.999974
5469,142.999974,44.499974
5470,143.499974,44.499974
5471,146.999974,44.499974
5472,147.499974,44.499974
5473,147.999974,44.499974
5474,-124.000026,43.999974
5475,-68.50002600000005,46.499974
5476,-68.00002600000005,43.999974
5477,-67.50002600000005,43.999974
5478,-66.00002600000005,43.999974
5479,-65.00002600000005,43.999974
5480,-64.50002600000005,44.499974
5481,-63.50002600000005,43.999974
5482,-1.000026000000048,43.999974
5483,8.499973999999952,43.999974
5484,8.999973999999952,43.999974
5485,9.499973999999952,43.999974
5486,9.999973999999952,43.999974
5487,12.49997399999995,43.999974
5488,12.99997399999995,43.999974
5489,15.49997399999995,43.999974
5490,28.99997399999995,43.999974
5491,33.99997399999995,43.999974
5492,34.49997399999995,43.999974
5493,38.49997399999995,43.999974
5494,38.99997399999995,43.999974
5495,44.49997399999995,43.999974
5496,47.99997399999995,43.999974
5497,48.49997399999995,43.999974
5498,48.99997399999995,43.999974
5499,49.49997399999995,43.999974
5500,49.99997399999995,43.999974
5501,50.49997399999995,43.999974
5502,50.99997399999995,43.999974
5503,70.49997399999995,44.499974
5504,93.49997399999995,43.999974
5505,97.99997399999995,43.999974
5506,101.999974,44.499974
5507,104.999974,43.999974
5508,105.499974,43.499974
5509,110.499974,43.999974
5510,111.499974,43.999974
5511,114.499974,44.999974
5512,135.499974,43.999974
5513,141.999974,43.999974
5514,143.499974,43.499974
5515,143.999974,43.999974
5516,143.999974,43.999974
5517,144.999974,43.999974
5518,145.499974,43.999974
5519,146.499974,43.999974
5520,146.999974,43.999974
5521,-123.000026,43.999974
5522,-70.50002600000005,43.499974
5523,-69.50002600000005,43.999974
5524,-69.00002600000005,43.499974
5525,-66.00002600000005,43.499974
5526,-65.50002600000005,43.499974
5527,-65.00002600000005,43.499974
5528,-64.50002600000005,43.499974
5529,-8.000026000000048,43.499974
5530,-7.500026000000048,43.499974
5531,-7.000026000000048,42.999974
5532,-5.500026000000048,43.499974
5533,-2.600000004804315e-05,43.999974
5534,6.999973999999952,43.499974
5535,7.999973999999952,43.499974
5536,8.499973999999952,43.499974
5537,10.49997399999995,44.499974
5538,12.99997399999995,43.499974
5539,13.99997399999995,43.499974
5540,15.49997399999995,43.499974
5541,15.99997399999995,43.499974
5542,28.49997399999995,43.499974
5543,39.49997399999995,43.499974
5544,46.99997399999995,42.999974
5545,47.99997399999995,43.499974
5546,48.49997399999995,43.499974
5547,48.99997399999995,43.499974
5548,49.49997399999995,43.499974
5549,49.99997399999995,43.499974
5550,50.49997399999995,43.499974
5551,50.99997399999995,43.499974
5552,51.49997399999995,43.499974
5553,91.99997399999995,43.499974
5554,92.49997399999995,43.499974
5555,95.49997399999995,44.999974
5556,97.49997399999995,44.499974
5557,100.999974,44.499974
5558,102.999974,44.499974
5559,104.499974,43.499974
5560,107.999974,43.499974
5561,109.999974,43.999974
5562,110.499974,42.999974
5563,111.499974,43.499974
5564,112.999974,43.499974
5565,134.999974,43.499974
5566,141.499974,43.499974
5567,144.999974,43.499974
5568,145.499974,43.499974
5569,146.499974,43.499974
5570,-124.000026,42.999974
5571,-121.500026,42.999974
5572,-121.000026,42.999974
5573,-119.500026,42.999974
5574,-119.000026,43.999974
5575,-71.00002600000005,42.999974
5576,-70.00002600000005,42.999974
5577,-9.000026000000048,42.999974
5578,-8.500026000000048,42.999974
5579,-7.000026000000048,42.999974
5580,-6.000026000000048,42.999974
5581,-5.000026000000048,42.999974
5582,-4.500026000000048,42.999974
5583,-4.000026000000048,42.999974
5584,-3.500026000000048,42.999974
5585,-3.000026000000048,42.999974
5586,-2.500026000000048,42.999974
5587,-2.000026000000048,42.999974
5588,-1.500026000000048,42.999974
5589,2.499973999999952,42.999974
5590,3.999973999999952,42.999974
5591,4.499973999999952,42.999974
5592,6.499973999999952,46.999974
5593,5.499973999999952,42.999974
5594,5.999973999999952,42.999974
5595,6.499973999999952,42.999974
5596,6.999973999999952,42.999974
5597,10.49997399999995,42.999974
5598,13.49997399999995,42.999974
5599,16.49997399999995,42.999974
5600,16.99997399999995,42.999974
5601,17.99997399999995,43.999974
5602,26.99997399999995,42.999974
5603,28.49997399999995,42.999974
5604,28.99997399999995,42.999974
5605,39.99997399999995,43.499974
5606,40.49997399999995,42.999974
5607,40.99997399999995,42.999974
5608,47.99997399999995,42.999974
5609,48.49997399999995,42.999974
5610,48.99997399999995,42.999974
5611,49.49997399999995,42.999974
5612,49.99997399999995,42.999974
5613,50.49997399999995,42.999974
5614,50.99997399999995,42.999974
5615,51.49997399999995,42.999974
5616,51.99997399999995,44.499974
5617,54.49997399999995,43.999974
5618,57.49997399999995,44.499974
5619,100.999974,42.999974
5620,102.499974,42.999974
5621,103.499974,42.999974
5622,104.999974,42.999974
5623,107.499974,43.999974
5624,111.999974,42.999974
5625,113.499974,41.999974
5626,113.999974,41.999974
5627,114.499974,42.499974
5628,115.499974,43.999974
5629,116.999974,43.499974
5630,131.499974,44.499974
5631,132.499974,42.999974
5632,134.499974,42.999974
5633,134.999974,42.999974
5634,140.499974,42.999974
5635,140.999974,42.999974
5636,141.499974,42.999974
5637,144.499974,42.999974
5638,144.999974,42.999974
5639,145.499974,42.999974
5640,145.999974,42.999974
5641,-124.500026,42.499974
5642,-122.500026,42.499974
5643,-120.500026,42.499974
5644,-120.000026,42.499974
5645,-119.500026,41.999974
5646,-118.000026,41.999974
5647,-71.50002600000005,43.499974
5648,-9.000026000000048,42.499974
5649,-8.500026000000048,42.499974
5650,2.499973999999952,42.499974
5651,8.999973999999952,42.499974
5652,9.499973999999952,42.499974
5653,10.49997399999995,42.499974
5654,10.99997399999995,42.499974
5655,11.49997399999995,42.499974
5656,13.49997399999995,42.499974
5657,14.49997399999995,42.499974
5658,16.99997399999995,42.499974
5659,17.49997399999995,42.499974
5660,17.99997399999995,42.499974
5661,18.49997399999995,42.499974
5662,27.49997399999995,42.499974
5663,41.49997399999995,43.499974
5664,47.49997399999995,42.499974
5665,48.49997399999995,42.499974
5666,48.99997399999995,42.499974
5667,49.49997399999995,42.499974
5668,49.99997399999995,42.499974
5669,50.49997399999995,42.499974
5670,50.99997399999995,42.499974
5671,51.49997399999995,42.499974
5672,51.99997399999995,42.499974
5673,52.49997399999995,42.999974
5674,52.99997399999995,42.499974
5675,88.49997399999995,43.999974
5676,90.99997399999995,41.999974
5677,93.99997399999995,43.499974
5678,99.99997399999995,42.999974
5679,102.999974,42.499974
5680,109.499974,41.999974
5681,111.499974,42.499974
5682,112.499974,41.499974
5683,114.499974,41.999974
5684,115.499974,41.999974
5685,115.999974,42.499974
5686,130.999974,42.499974
5687,131.499974,42.499974
5688,132.499974,42.499974
5689,132.999974,42.499974
5690,133.499974,42.499974
5691,133.999974,42.499974
5692,139.999974,42.499974
5693,140.499974,42.499974
5694,140.999974,42.499974
5695,141.499974,42.499974
5696,141.999974,42.499974
5697,142.999974,42.499974
5698,-124.000026,41.999974
5699,-119.000026,42.999974
5700,-71.00002600000005,41.999974
5701,-7.000026000000048,42.499974
5702,2.499973999999952,41.999974
5703,8.999973999999952,41.999974
5704,9.499973999999952,41.999974
5705,11.49997399999995,41.999974
5706,11.99997399999995,41.999974
5707,13.99997399999995,41.999974
5708,14.49997399999995,41.999974
5709,18.49997399999995,41.999974
5710,18.99997399999995,41.999974
5711,27.49997399999995,41.999974
5712,35.49997399999995,41.999974
5713,41.99997399999995,41.999974
5714,47.99997399999995,41.999974
5715,48.99997399999995,41.999974
5716,49.49997399999995,41.999974
5717,49.99997399999995,41.999974
5718,50.49997399999995,41.999974
5719,50.99997399999995,41.999974
5720,51.49997399999995,41.999974
5721,51.99997399999995,41.999974
5722,52.49997399999995,41.999974
5723,63.49997399999995,42.999974
5724,95.49997399999995,42.999974
5725,97.49997399999995,43.499974
5726,99.99997399999995,41.999974
5727,99.99997399999995,39.999974
5728,101.499974,41.999974
5729,102.999974,41.999974
5730,104.499974,43.499974
5731,106.499974,43.499974
5732,108.999974,41.999974
5733,110.499974,41.499974
5734,130.499974,41.999974
5735,130.499974,42.499974
5736,139.499974,41.999974
5737,139.999974,41.999974
5738,140.499974,41.999974
5739,140.999974,41.999974
5740,141.499974,41.999974
5741,142.499974,41.999974
5742,142.999974,41.999974
5743,143.499974,41.999974
5744,-122.500026,41.499974
5745,-121.500026,41.499974
5746,-121.000026,41.499974
5747,-120.000026,41.999974
5748,-119.500026,41.499974
5749,-119.000026,41.499974
5750,-108.500026,41.999974
5751,-104.500026,49.499974
5752,-71.00002600000005,41.499974
5753,-70.50002600000005,41.499974
5754,-70.00002600000005,41.499974
5755,-69.50002600000005,41.499974
5756,-8.500026000000048,41.499974
5757,2.999973999999952,41.499974
5758,3.499973999999952,41.499974
5759,8.999973999999952,41.499974
5760,9.499973999999952,41.499974
5761,12.49997399999995,43.999974
5762,14.99997399999995,41.499974
5763,15.49997399999995,41.499974
5764,16.49997399999995,41.499974
5765,20.49997399999995,41.499974
5766,27.99997399999995,41.499974
5767,32.49997399999995,41.999974
5768,32.99997399999995,41.499974
5769,33.49997399999995,41.499974
5770,33.99997399999995,41.499974
5771,34.49997399999995,41.499974
5772,34.99997399999995,41.499974
5773,35.49997399999995,41.499974
5774,36.49997399999995,39.499974
5775,36.49997399999995,40.999974
5776,40.49997399999995,39.999974
5777,47.99997399999995,41.499974
5778,49.49997399999995,41.499974
5779,49.99997399999995,41.499974
5780,50.49997399999995,41.499974
5781,50.99997399999995,41.499974
5782,51.49997399999995,41.499974
5783,51.99997399999995,41.499974
5784,52.49997399999995,41.499974
5785,55.49997399999995,43.499974
5786,65.49997399999995,42.499974
5787,88.99997399999995,42.499974
5788,99.49997399999995,40.999974
5789,101.499974,40.999974
5790,114.999974,41.499974
5791,129.999974,41.499974
5792,139.999974,41.499974
5793,140.499974,41.499974
5794,140.999974,41.499974
5795,141.499974,41.499974
5796,-123.500026,40.499974
5797,-119.500026,40.999974
5798,-119.000026,40.999974
5799,-118.500026,40.499974
5800,-111.000026,41.499974
5801,-105.000026,42.999974
5802,-73.00002600000005,40.999974
5803,-72.50002600000005,40.999974
5804,-71.50002600000005,44.999974
5805,-71.50002600000005,40.999974
5806,-71.00002600000005,40.999974
5807,-70.50002600000005,40.999974
5808,-70.00002600000005,40.999974
5809,-4.000026000000048,42.999974
5810,1.499973999999952,40.999974
5811,1.999973999999952,40.999974
5812,2.499973999999952,41.499974
5813,8.499973999999952,40.999974
5814,8.999973999999952,40.999974
5815,9.499973999999952,40.999974
5816,9.999973999999952,40.999974
5817,12.99997399999995,40.999974
5818,13.49997399999995,40.999974
5819,13.99997399999995,41.999974
5820,15.99997399999995,40.499974
5821,16.99997399999995,40.999974
5822,17.49997399999995,40.999974
5823,20.49997399999995,41.499974
5824,28.49997399999995,40.999974
5825,28.99997399999995,40.999974
5826,29.49997399999995,40.999974
5827,29.99997399999995,40.999974
5828,30.49997399999995,40.999974
5829,30.99997399999995,40.999974
5830,31.49997399999995,40.499974
5831,31.99997399999995,40.999974
5832,36.99997399999995,40.999974
5833,37.49997399999995,40.499974
5834,37.99997399999995,40.499974
5835,39.49997399999995,40.999974
5836,40.99997399999995,40.999974
5837,41.49997399999995,40.999974
5838,48.49997399999995,40.999974
5839,49.99997399999995,40.999974
5840,50.49997399999995,40.999974
5841,50.99997399999995,40.999974
5842,51.49997399999995,40.999974
5843,51.99997399999995,40.999974
5844,52.49997399999995,40.999974
5845,52.99997399999995,40.999974
5846,53.99997399999995,41.999974
5847,55.49997399999995,40.999974
5848,93.49997399999995,40.999974
5849,101.999974,40.999974
5850,102.999974,40.999974
5851,103.499974,40.999974
5852,105.999974,41.999974
5853,114.499974,41.999974
5854,129.499974,40.999974
5855,140.499974,40.999974
5856,140.999974,40.999974
5857,141.499974,40.999974
5858,-123.500026,39.999974
5859,-120.500026,40.499974
5860,-119.500026,40.499974
5861,-119.000026,40.499974
5862,-114.500026,40.499974
5863,-113.000026,40.999974
5864,-74.50002600000005,40.499974
5865,-74.00002600000005,43.999974
5866,-73.00002600000005,40.499974
5867,-72.50002600000005,40.499974
5868,-72.00002600000005,40.499974
5869,-8.500026000000048,40.499974
5870,0.999973999999952,42.999974
5871,8.499973999999952,40.499974
5872,8.999973999999952,40.499974
5873,9.999973999999952,40.499974
5874,14.49997399999995,40.499974
5875,14.99997399999995,40.499974
5876,17.49997399999995,40.499974
5877,17.99997399999995,40.499974
5878,18.49997399999995,40.499974
5879,19.99997399999995,40.499974
5880,21.49997399999995,40.499974
5881,21.99997399999995,40.499974
5882,22.49997399999995,42.499974
5883,22.99997399999995,42.999974
5884,24.49997399999995,40.499974
5885,23.99997399999995,41.499974
5886,25.49997399999995,40.499974
5887,25.99997399999995,40.499974
5888,26.99997399999995,42.499974
5889,26.99997399999995,40.499974
5890,27.49997399999995,40.499974
5891,27.99997399999995,40.499974
5892,28.99997399999995,40.499974
5893,29.49997399999995,40.499974
5894,29.99997399999995,40.499974
5895,38.49997399999995,40.499974
5896,39.49997399999995,40.499974
5897,39.99997399999995,40.499974
5898,40.49997399999995,40.499974
5899,49.49997399999995,40.499974
5900,50.49997399999995,40.499974
5901,50.99997399999995,40.499974
5902,51.49997399999995,40.499974
5903,51.99997399999995,40.499974
5904,52.49997399999995,40.499974
5905,52.99997399999995,40.499974
5906,56.99997399999995,40.499974
5907,63.49997399999995,41.499974
5908,65.49997399999995,41.499974
5909,66.99997399999995,41.499974
5910,100.499974,39.499974
5911,104.499974,42.499974
5912,104.999974,39.999974
5913,112.999974,39.999974
5914,112.999974,40.999974
5915,120.999974,40.499974
5916,120.999974,40.999974
5917,121.499974,44.999974
5918,122.499974,40.499974
5919,128.999974,40.499974
5920,129.499974,40.499974
5921,129.999974,40.499974
5922,139.999974,40.499974
5923,140.499974,40.499974
5924,140.999974,40.499974
5925,141.499974,40.499974
5926,141.499974,40.499974
5927,-124.000026,39.999974
5928,-120.000026,39.999974
5929,-118.500026,39.999974
5930,-115.000026,39.999974
5931,-114.500026,40.499974
5932,-74.00002600000005,39.999974
5933,-8.000026000000048,40.499974
5934,-0.500026000000048,39.999974
5935,0.999973999999952,39.999974
5936,8.499973999999952,39.999974
5937,9.999973999999952,39.999974
5938,15.49997399999995,39.999974
5939,15.99997399999995,39.999974
5940,17.49997399999995,39.999974
5941,17.99997399999995,39.999974
5942,18.49997399999995,39.999974
5943,18.99997399999995,39.999974
5944,19.49997399999995,39.999974
5945,19.99997399999995,39.999974
5946,22.49997399999995,40.999974
5947,23.49997399999995,39.999974
5948,23.99997399999995,39.999974
5949,24.49997399999995,39.999974
5950,25.99997399999995,39.999974
5951,26.49997399999995,39.999974
5952,26.99997399999995,39.999974
5953,27.49997399999995,39.999974
5954,27.49997399999995,39.499974
5955,28.49997399999995,40.499974
5956,28.99997399999995,39.999974
5957,45.49997399999995,39.999974
5958,48.99997399999995,40.499974
5959,50.49997399999995,39.999974
5960,50.99997399999995,39.999974
5961,51.49997399999995,39.999974
5962,51.99997399999995,39.999974
5963,52.49997399999995,39.999974
5964,52.99997399999995,39.999974
5965,54.99997399999995,39.999974
5966,58.49997399999995,40.999974
5967,63.49997399999995,39.999974
5968,76.99997399999995,39.999974
5969,86.99997399999995,42.999974
5970,98.49997399999995,40.999974
5971,101.499974,39.499974
5972,103.499974,39.999974
5973,107.999974,39.499974
5974,108.499974,40.499974
5975,119.999974,39.999974
5976,120.999974,39.999974
5977,121.999974,39.999974
5978,122.499974,39.999974
5979,128.499974,39.999974
5980,128.999974,39.999974
5981,139.999974,39.999974
5982,141.999974,39.999974
5983,-123.500026,39.499974
5984,-117.000026,41.999974
5985,-117.500026,38.999974
5986,-116.500026,39.499974
5987,-116.500026,38.499974
5988,-115.500026,38.999974
5989,-115.000026,39.499974
5990,-75.00002600000005,40.999974
5991,-74.00002600000005,39.499974
5992,-9.000026000000048,39.499974
5993,-1.000026000000048,40.499974
5994,0.499973999999952,39.499974
5995,2.499973999999952,39.499974
5996,2.999973999999952,39.499974
5997,3.499973999999952,39.499974
5998,3.999973999999952,39.499974
5999,4.499973999999952,39.499974
6000,8.499973999999952,39.499974
6001,9.999973999999952,39.499974
6002,15.99997399999995,39.499974
6003,16.49997399999995,39.499974
6004,18.49997399999995,39.499974
6005,19.99997399999995,39.499974
6006,20.49997399999995,39.499974
6007,21.99997399999995,38.999974
6008,23.49997399999995,39.499974
6009,23.99997399999995,39.499974
6010,25.49997399999995,39.499974
6011,26.49997399999995,39.499974
6012,49.49997399999995,39.499974
6013,49.99997399999995,39.499974
6014,50.49997399999995,39.499974
6015,50.99997399999995,39.499974
6016,51.49997399999995,39.499974
6017,51.99997399999995,39.499974
6018,52.49997399999995,39.499974
6019,52.99997399999995,39.499974
6020,53.49997399999995,39.499974
6021,102.999974,38.499974
6022,103.999974,39.499974
6023,105.499974,38.999974
6024,119.499974,39.499974
6025,119.999974,39.499974
6026,121.499974,39.499974
6027,121.999974,39.499974
6028,122.999974,39.499974
6029,123.499974,39.499974
6030,123.499974,40.999974
6031,128.499974,41.499974
6032,124.999974,39.499974
6033,125.499974,39.499974
6034,127.499974,39.499974
6035,127.999974,39.499974
6036,140.999974,39.499974
6037,141.999974,39.499974
6038,-123.500026,38.999974
6039,-118.000026,38.999974
6040,-113.500026,38.999974
6041,-93.00002600000005,46.999974
6042,-76.50002600000005,40.999974
6043,-75.00002600000005,38.999974
6044,-74.50002600000005,38.999974
6045,-74.50002600000005,39.499974
6046,-9.000026000000048,38.999974
6047,-1.500026000000048,39.999974
6048,1.499973999999952,38.999974
6049,1.999973999999952,38.999974
6050,2.999973999999952,38.999974
6051,3.499973999999952,38.999974
6052,8.499973999999952,38.999974
6053,8.999973999999952,38.999974
6054,9.499973999999952,39.499974
6055,16.49997399999995,38.999974
6056,16.99997399999995,38.999974
6057,19.99997399999995,38.999974
6058,20.49997399999995,38.999974
6059,20.99997399999995,38.999974
6060,22.99997399999995,38.999974
6061,23.49997399999995,38.999974
6062,23.99997399999995,38.999974
6063,25.99997399999995,38.999974
6064,26.49997399999995,38.999974
6065,26.99997399999995,38.999974
6066,45.49997399999995,42.499974
6067,49.99997399999995,38.999974
6068,50.49997399999995,38.999974
6069,50.99997399999995,38.999974
6070,51.49997399999995,38.999974
6071,51.99997399999995,38.999974
6072,52.49997399999995,38.999974
6073,52.99997399999995,38.999974
6074,53.49997399999995,38.999974
6075,57.99997399999995,40.499974
6076,73.49997399999995,39.499974
6077,104.499974,39.499974
6078,104.999974,38.999974
6079,109.499974,39.999974
6080,117.999974,39.499974
6081,118.499974,38.999974
6082,118.999974,38.999974
6083,118.999974,39.499974
6084,121.499974,38.999974
6085,121.999974,38.999974
6086,122.499974,38.999974
6087,125.499974,38.999974
6088,127.499974,38.999974
6089,127.999974,38.999974
6090,139.999974,38.999974
6091,141.999974,38.999974
6092,-123.500026,38.499974
6093,-123.000026,38.499974
6094,-118.000026,38.499974
6095,-114.000026,38.499974
6096,-112.000026,39.999974
6097,-95.00002600000005,41.999974
6098,-77.00002600000005,38.999974
6099,-76.50002600000005,38.999974
6100,-75.00002600000005,38.499974
6101,-74.50002600000005,38.499974
6102,-2.500026000000048,41.499974
6103,0.499973999999952,38.499974
6104,1.499973999999952,38.499974
6105,1.999973999999952,38.499974
6106,8.999973999999952,38.499974
6107,15.99997399999995,38.499974
6108,16.49997399999995,38.499974
6109,16.99997399999995,38.499974
6110,17.49997399999995,38.499974
6111,20.99997399999995,38.499974
6112,22.49997399999995,38.499974
6113,23.49997399999995,38.499974
6114,23.99997399999995,38.499974
6115,24.49997399999995,38.499974
6116,24.99997399999995,38.499974
6117,25.99997399999995,38.499974
6118,26.49997399999995,38.499974
6119,28.99997399999995,38.499974
6120,30.49997399999995,38.499974
6121,32.99997399999995,39.499974
6122,43.99997399999995,38.499974
6123,48.49997399999995,38.499974
6124,49.49997399999995,38.499974
6125,49.99997399999995,38.499974
6126,50.49997399999995,38.499974
6127,50.99997399999995,38.499974
6128,51.49997399999995,38.499974
6129,51.99997399999995,38.499974
6130,52.49997399999995,38.499974
6131,52.99997399999995,38.499974
6132,53.49997399999995,38.499974
6133,53.99997399999995,38.499974
6134,89.99997399999995,38.499974
6135,92.49997399999995,38.999974
6136,93.49997399999995,38.499974
6137,95.99997399999995,38.499974
6138,102.499974,38.999974
6139,108.499974,38.499974
6140,116.999974,41.499974
6141,121.499974,38.499974
6142,121.999974,38.499974
6143,125.999974,38.499974
6144,128.499974,38.499974
6145,140.499974,38.499974
6146,141.999974,38.499974
6147,-123.000026,38.499974
6148,-122.500026,37.999974
6149,-122.000026,37.999974
6150,-121.000026,40.999974
6151,-119.000026,37.999974
6152,-118.000026,37.999974
6153,-117.500026,37.999974
6154,-116.000026,37.999974
6155,-115.500026,37.999974
6156,-77.50002600000005,38.999974
6157,-76.50002600000005,37.999974
6158,-76.50002600000005,38.499974
6159,-75.50002600000005,37.999974
6160,-75.00002600000005,37.999974
6161,-9.000026000000048,37.999974
6162,-8.000026000000048,37.999974
6163,-2.000026000000048,37.499974
6164,-2.600000004804315e-05,37.999974
6165,12.99997399999995,37.999974
6166,13.49997399999995,37.999974
6167,13.99997399999995,37.999974
6168,14.99997399999995,37.999974
6169,15.49997399999995,37.999974
6170,15.99997399999995,37.999974
6171,16.49997399999995,37.999974
6172,16.99997399999995,37.999974
6173,20.49997399999995,37.999974
6174,20.99997399999995,37.999974
6175,21.49997399999995,39.499974
6176,21.99997399999995,37.999974
6177,22.49997399999995,37.999974
6178,22.99997399999995,37.999974
6179,23.49997399999995,37.999974
6180,23.99997399999995,37.999974
6181,24.49997399999995,37.999974
6182,24.99997399999995,37.999974
6183,25.99997399999995,37.999974
6184,26.49997399999995,37.999974
6185,26.99997399999995,37.999974
6186,27.49997399999995,37.999974
6187,30.99997399999995,37.499974
6188,31.99997399999995,37.999974
6189,35.49997399999995,37.999974
6190,48.99997399999995,37.999974
6191,49.49997399999995,37.999974
6192,49.99997399999995,37.999974
6193,50.49997399999995,37.999974
6194,50.99997399999995,37.999974
6195,51.49997399999995,37.999974
6196,51.99997399999995,37.999974
6197,52.49997399999995,37.999974
6198,52.99997399999995,37.999974
6199,53.49997399999995,37.999974
6200,53.99997399999995,37.999974
6201,74.99997399999995,37.999974
6202,90.99997399999995,38.499974
6203,91.99997399999995,37.999974
6204,94.99997399999995,37.999974
6205,97.49997399999995,37.999974
6206,107.499974,37.999974
6207,116.999974,37.499974
6208,115.999974,36.499974
6209,118.999974,37.999974
6210,124.999974,37.999974
6211,125.499974,37.999974
6212,128.999974,37.999974
6213,138.499974,37.999974
6214,138.999974,37.999974
6215,139.499974,37.999974
6216,140.499974,37.999974
6217,141.499974,38.499974
6218,-122.500026,37.499974
6219,-122.000026,37.499974
6220,-117.500026,37.499974
6221,-117.000026,37.499974
6222,-116.000026,36.999974
6223,-115.500026,37.499974
6224,-115.000026,37.499974
6225,-114.500026,37.499974
6226,-88.50002600000005,39.499974
6227,-76.50002600000005,37.499974
6228,-76.00002600000005,37.499974
6229,-75.50002600000005,37.499974
6230,-75.00002600000005,37.499974
6231,-8.500026000000048,37.499974
6232,-0.500026000000048,37.499974
6233,12.49997399999995,37.499974
6234,12.99997399999995,37.499974
6235,14.49997399999995,37.499974
6236,15.49997399999995,37.499974
6237,15.99997399999995,37.499974
6238,16.49997399999995,37.499974
6239,20.99997399999995,37.499974
6240,21.49997399999995,37.499974
6241,22.99997399999995,37.499974
6242,23.49997399999995,37.499974
6243,23.99997399999995,37.499974
6244,24.49997399999995,37.499974
6245,24.99997399999995,37.499974
6246,25.49997399999995,37.499974
6247,26.49997399999995,37.499974
6248,26.99997399999995,37.499974
6249,29.99997399999995,38.999974
6250,29.99997399999995,37.499974
6251,29.99997399999995,37.499974
6252,31.99997399999995,36.999974
6253,33.49997399999995,36.999974
6254,47.49997399999995,38.499974
6255,48.99997399999995,37.499974
6256,49.49997399999995,37.499974
6257,49.99997399999995,36.499974
6258,50.99997399999995,37.499974
6259,51.49997399999995,37.499974
6260,51.99997399999995,37.499974
6261,52.49997399999995,37.499974
6262,52.99997399999995,37.499974
6263,53.49997399999995,37.499974
6264,53.99997399999995,37.499974
6265,89.49997399999995,37.999974
6266,92.99997399999995,36.999974
6267,95.49997399999995,37.499974
6268,107.499974,37.499974
6269,115.999974,35.999974
6270,120.499974,37.499974
6271,120.999974,37.499974
6272,121.499974,36.999974
6273,125.499974,37.499974
6274,125.999974,37.499974
6275,126.499974,38.499974
6276,127.999974,38.999974
6277,128.999974,37.499974
6278,129.499974,37.499974
6279,130.999974,37.499974
6280,138.499974,37.499974
6281,138.499974,36.999974
6282,139.499974,36.999974
6283,140.999974,37.499974
6284,-122.000026,36.999974
6285,-117.000026,36.999974
6286,-115.500026,36.999974
6287,-78.50002600000005,42.499974
6288,-79.00002600000005,38.499974
6289,-76.00002600000005,36.999974
6290,-75.50002600000005,36.999974
6291,-8.500026000000048,36.999974
6292,-8.000026000000048,36.999974
6293,-2.500026000000048,38.999974
6294,-6.500026000000048,36.999974
6295,-2.000026000000048,36.999974
6296,-1.000026000000048,36.999974
6297,6.499973999999952,36.999974
6298,6.999973999999952,36.499974
6299,7.499973999999952,36.499974
6300,7.999973999999952,36.999974
6301,8.999973999999952,36.999974
6302,9.499973999999952,36.999974
6303,9.999973999999952,36.999974
6304,9.999973999999952,36.999974
6305,10.99997399999995,36.999974
6306,11.49997399999995,36.999974
6307,13.49997399999995,37.499974
6308,13.99997399999995,36.999974
6309,14.99997399999995,37.999974
6310,21.99997399999995,36.999974
6311,22.99997399999995,36.999974
6312,23.49997399999995,36.999974
6313,24.49997399999995,36.999974
6314,24.99997399999995,36.999974
6315,25.49997399999995,36.999974
6316,25.99997399999995,36.999974
6317,26.99997399999995,36.999974
6318,27.49997399999995,36.999974
6319,27.99997399999995,36.999974
6320,50.49997399999995,36.499974
6321,50.99997399999995,36.999974
6322,51.49997399999995,36.999974
6323,51.99997399999995,36.999974
6324,52.49997399999995,36.999974
6325,52.99997399999995,36.999974
6326,53.49997399999995,36.999974
6327,57.49997399999995,38.499974
6328,88.49997399999995,37.499974
6329,91.49997399999995,36.999974
6330,96.49997399999995,37.499974
6331,96.99997399999995,36.999974
6332,118.499974,36.999974
6333,119.499974,36.499974
6334,119.999974,36.499974
6335,120.499974,36.999974
6336,121.999974,36.999974
6337,122.499974,36.999974
6338,122.999974,36.999974
6339,126.999974,36.999974
6340,129.499974,36.999974
6341,136.999974,36.999974
6342,137.499974,36.999974
6343,137.999974,36.999974
6344,138.499974,36.999974
6345,140.999974,36.999974
6346,-122.000026,36.499974
6347,-121.000026,36.999974
6348,-117.500026,36.499974
6349,-115.500026,36.499974
6350,-115.000026,36.499974
6351,-76.00002600000005,36.499974
6352,-7.500026000000048,36.499974
6353,-6.500026000000048,36.499974
6354,-6.000026000000048,36.499974
6355,-4.500026000000048,36.499974
6356,-3.500026000000048,36.499974
6357,-3.000026000000048,36.499974
6358,-2.500026000000048,36.499974
6359,-2.000026000000048,36.499974
6360,-1.500026000000048,36.499974
6361,1.499973999999952,36.499974
6362,1.999973999999952,36.499974
6363,2.499973999999952,36.499974
6364,2.999973999999952,36.499974
6365,3.499973999999952,36.499974
6366,3.499973999999952,36.499974
6367,4.499973999999952,36.499974
6368,4.999973999999952,36.999974
6369,5.499973999999952,36.499974
6370,5.999973999999952,36.499974
6371,6.499973999999952,36.999974
6372,7.499973999999952,36.499974
6373,8.499973999999952,36.499974
6374,9.999973999999952,36.499974
6375,10.99997399999995,36.499974
6376,11.49997399999995,36.499974
6377,11.99997399999995,36.499974
6378,14.49997399999995,36.499974
6379,14.99997399999995,36.499974
6380,15.49997399999995,36.499974
6381,21.99997399999995,36.499974
6382,22.49997399999995,36.499974
6383,22.49997399999995,36.999974
6384,23.49997399999995,36.499974
6385,24.49997399999995,36.499974
6386,24.99997399999995,36.499974
6387,25.49997399999995,36.499974
6388,25.99997399999995,36.499974
6389,26.49997399999995,36.499974
6390,26.99997399999995,36.499974
6391,27.49997399999995,36.499974
6392,27.99997399999995,36.499974
6393,28.49997399999995,36.499974
6394,28.99997399999995,36.999974
6395,30.99997399999995,36.999974
6396,31.49997399999995,36.499974
6397,31.99997399999995,36.499974
6398,34.49997399999995,36.499974
6399,34.99997399999995,36.499974
6400,35.49997399999995,36.499974
6401,35.99997399999995,36.499974
6402,36.49997399999995,36.499974
6403,50.99997399999995,36.499974
6404,51.49997399999995,35.999974
6405,51.99997399999995,35.999974
6406,52.49997399999995,35.999974
6407,52.99997399999995,35.999974
6408,53.49997399999995,35.499974
6409,98.49997399999995,37.499974
6410,99.49997399999995,36.499974
6411,98.99997399999995,38.499974
6412,120.999974,36.499974
6413,121.499974,36.499974
6414,121.999974,36.499974
6415,122.499974,36.499974
6416,126.499974,36.499974
6417,126.999974,36.499974
6418,129.499974,36.499974
6419,136.999974,36.499974
6420,137.499974,35.999974
6421,137.999974,36.499974
6422,140.999974,36.499974
6423,-121.500026,35.999974
6424,-118.500026,36.999974
6425,-118.000026,36.499974
6426,-117.000026,35.999974
6427,-116.500026,37.499974
6428,-115.000026,35.999974
6429,-76.50002600000005,36.499974
6430,-76.00002600000005,35.999974
6431,-75.50002600000005,35.999974
6432,-6.000026000000048,36.499974
6433,-5.500026000000048,35.999974
6434,-5.000026000000048,35.999974
6435,-4.500026000000048,35.999974
6436,0.499973999999952,35.999974
6437,0.999973999999952,35.999974
6438,10.49997399999995,35.999974
6439,22.49997399999995,35.999974
6440,22.99997399999995,35.999974
6441,23.49997399999995,35.999974
6442,25.49997399999995,35.999974
6443,27.99997399999995,35.999974
6444,28.49997399999995,35.999974
6445,29.49997399999995,35.999974
6446,29.99997399999995,35.999974
6447,30.49997399999995,36.499974
6448,30.99997399999995,35.999974
6449,32.49997399999995,35.999974
6450,32.99997399999995,35.999974
6451,33.49997399999995,35.999974
6452,33.99997399999995,36.499974
6453,34.49997399999995,35.999974
6454,36.49997399999995,36.499974
6455,88.49997399999995,35.999974
6456,88.99997399999995,35.499974
6457,89.49997399999995,35.999974
6458,119.999974,35.999974
6459,120.999974,35.999974
6460,126.499974,35.999974
6461,129.499974,35.999974
6462,129.999974,35.999974
6463,133.499974,35.999974
6464,136.499974,35.999974
6465,136.999974,35.999974
6466,140.499974,36.499974
6467,-121.000026,35.499974
6468,-117.500026,35.499974
6469,-117.000026,35.499974
6470,-115.000026,35.499974
6471,-77.00002600000005,35.999974
6472,-76.00002600000005,35.499974
6473,-75.50002600000005,35.499974
6474,-5.500026000000048,35.499974
6475,-5.000026000000048,34.999974
6476,-1.000026000000048,35.499974
6477,-0.500026000000048,35.499974
6478,-1.000026000000048,34.499974
6479,6.499973999999952,35.499974
6480,9.499973999999952,34.999974
6481,14.49997399999995,35.499974
6482,14.99997399999995,35.499974
6483,23.99997399999995,35.499974
6484,24.49997399999995,35.499974
6485,27.49997399999995,35.499974
6486,27.99997399999995,35.499974
6487,34.49997399999995,35.499974
6488,35.99997399999995,35.499974
6489,37.49997399999995,36.999974
6490,41.99997399999995,34.999974
6491,53.99997399999995,35.499974
6492,82.99997399999995,35.499974
6493,83.49997399999995,35.499974
6494,84.49997399999995,35.499974
6495,84.99997399999995,35.499974
6496,86.49997399999995,35.499974
6497,89.49997399999995,35.499974
6498,90.49997399999995,35.499974
6499,90.99997399999995,35.499974
6500,91.99997399999995,35.499974
6501,93.49997399999995,35.499974
6502,119.999974,35.499974
6503,120.499974,35.499974
6504,127.499974,36.999974
6505,129.499974,35.499974
6506,129.999974,35.499974
6507,132.999974,35.499974
6508,133.499974,35.499974
6509,133.999974,35.499974
6510,134.499974,35.499974
6511,134.999974,34.999974
6512,135.499974,34.999974
6513,135.999974,35.499974
6514,136.499974,35.499974
6515,139.499974,35.499974
6516,139.999974,36.999974
6517,-120.500026,34.999974
6518,-119.500026,34.999974
6519,-118.000026,34.999974
6520,-117.000026,34.999974
6521,-117.000026,33.999974
6522,-77.00002600000005,35.499974
6523,-76.00002600000005,34.999974
6524,-6.000026000000048,34.999974
6525,-4.500026000000048,34.999974
6526,-4.000026000000048,34.999974
6527,-3.500026000000048,34.499974
6528,-3.000026000000048,34.499974
6529,-2.500026000000048,34.999974
6530,-2.000026000000048,34.999974
6531,-1.500026000000048,34.999974
6532,-1.500026000000048,34.499974
6533,3.499973999999952,34.999974
6534,5.499973999999952,35.499974
6535,10.99997399999995,34.999974
6536,23.99997399999995,34.999974
6537,24.49997399999995,34.999974
6538,24.99997399999995,34.999974
6539,25.49997399999995,34.999974
6540,25.99997399999995,34.999974
6541,26.49997399999995,34.999974
6542,26.99997399999995,34.999974
6543,27.49997399999995,34.999974
6544,32.49997399999995,34.999974
6545,32.99997399999995,34.999974
6546,33.49997399999995,34.999974
6547,33.99997399999995,34.999974
6548,34.49997399999995,34.999974
6549,35.99997399999995,34.999974
6550,38.99997399999995,34.499974
6551,79.49997399999995,34.999974
6552,80.99997399999995,34.999974
6553,82.99997399999995,34.499974
6554,83.99997399999995,34.999974
6555,84.49997399999995,34.499974
6556,85.99997399999995,35.999974
6557,85.99997399999995,34.499974
6558,87.49997399999995,34.999974
6559,88.49997399999995,34.999974
6560,88.99997399999995,34.999974
6561,89.99997399999995,34.999974
6562,119.499974,34.999974
6563,119.999974,34.999974
6564,126.499974,34.999974
6565,127.999974,34.999974
6566,129.499974,34.999974
6567,132.499974,34.999974
6568,132.999974,34.999974
6569,133.499974,34.999974
6570,133.999974,34.999974
6571,136.999974,34.999974
6572,138.999974,35.499974
6573,139.499974,34.999974
6574,139.999974,34.999974
6575,140.499974,34.999974
6576,-120.500026,34.499974
6577,-118.000026,34.499974
6578,-106.000026,33.999974
6579,-77.00002600000005,34.499974
6580,-77.00002600000005,34.999974
6581,-76.00002600000005,34.499974
6582,-6.000026000000048,34.499974
6583,2.999973999999952,34.499974
6584,10.49997399999995,34.499974
6585,11.49997399999995,34.499974
6586,24.99997399999995,34.499974
6587,25.49997399999995,34.499974
6588,32.49997399999995,34.499974
6589,32.99997399999995,34.499974
6590,33.49997399999995,34.499974
6591,33.99997399999995,34.499974
6592,35.99997399999995,34.499974
6593,39.49997399999995,34.499974
6594,52.99997399999995,35.999974
6595,56.99997399999995,37.499974
6596,57.49997399999995,33.499974
6597,78.99997399999995,34.499974
6598,79.99997399999995,34.499974
6599,80.49997399999995,34.499974
6600,81.49997399999995,34.499974
6601,82.49997399999995,34.499974
6602,83.99997399999995,34.499974
6603,86.49997399999995,33.999974
6604,89.49997399999995,34.999974
6605,90.49997399999995,34.499974
6606,96.49997399999995,34.499974
6607,119.499974,34.499974
6608,119.999974,34.499974
6609,126.499974,34.499974
6610,126.999974,34.499974
6611,127.499974,34.499974
6612,127.499974,34.999974
6613,128.499974,34.499974
6614,128.999974,34.499974
6615,129.499974,34.499974
6616,131.499974,34.499974
6617,131.999974,34.499974
6618,132.499974,34.499974
6619,133.499974,34.499974
6620,134.999974,34.499974
6621,135.499974,34.499974
6622,136.999974,34.499974
6623,137.499974,34.499974
6624,137.999974,34.499974
6625,138.499974,34.499974
6626,138.999974,34.499974
6627,139.499974,34.499974
6628,139.999974,34.499974
6629,-120.000026,33.999974
6630,-119.500026,33.999974
6631,-119.000026,33.999974
6632,-118.500026,34.999974
6633,-116.000026,33.999974
6634,-115.000026,33.999974
6635,-103.500026,39.499974
6636,-89.00002600000005,37.499974
6637,-79.00002600000005,35.999974
6638,-4.000026000000048,33.999974
6639,-0.500026000000048,32.999974
6640,8.499973999999952,35.499974
6641,9.999973999999952,34.999974
6642,35.99997399999995,33.999974
6643,38.49997399999995,34.999974
6644,49.99997399999995,33.999974
6645,49.49997399999995,33.999974
6646,54.49997399999995,33.999974
6647,79.99997399999995,33.999974
6648,80.99997399999995,33.999974
6649,81.99997399999995,34.499974
6650,82.49997399999995,33.999974
6651,82.99997399999995,33.999974
6652,83.99997399999995,33.999974
6653,84.49997399999995,33.999974
6654,84.99997399999995,33.999974
6655,85.49997399999995,33.999974
6656,85.99997399999995,33.999974
6657,87.99997399999995,33.999974
6658,118.999974,34.999974
6659,119.999974,33.999974
6660,126.499974,33.999974
6661,126.999974,33.999974
6662,129.499974,33.999974
6663,130.999974,33.999974
6664,131.499974,33.999974
6665,131.999974,33.999974
6666,132.499974,33.999974
6667,132.999974,33.999974
6668,133.499974,33.999974
6669,133.999974,33.999974
6670,134.499974,33.999974
6671,134.999974,33.999974
6672,135.499974,33.999974
6673,136.499974,33.999974
6674,136.999974,33.999974
6675,-120.000026,33.499974
6676,-119.500026,33.499974
6677,-118.000026,33.499974
6678,-117.500026,33.499974
6679,-115.000026,33.499974
6680,-103.500026,33.499974
6681,-78.50002600000005,33.499974
6682,-78.00002600000005,33.499974
6683,-7.500026000000048,32.999974
6684,-7.000026000000048,32.999974
6685,-6.000026000000048,33.999974
6686,-1.500026000000048,32.999974
6687,10.49997399999995,33.499974
6688,10.49997399999995,33.499974
6689,11.49997399999995,33.499974
6690,35.49997399999995,33.499974
6691,36.99997399999995,33.499974
6692,42.49997399999995,36.499974
6693,52.49997399999995,32.999974
6694,60.49997399999995,34.999974
6695,67.99997399999995,33.499974
6696,80.49997399999995,34.499974
6697,83.49997399999995,33.499974
6698,85.49997399999995,33.499974
6699,85.99997399999995,32.999974
6700,87.49997399999995,33.499974
6701,88.49997399999995,33.499974
6702,88.99997399999995,33.499974
6703,89.99997399999995,33.499974
6704,120.499974,33.499974
6705,120.999974,33.499974
6706,126.999974,33.499974
6707,129.999974,33.499974
6708,130.499974,33.499974
6709,130.999974,33.499974
6710,131.499974,33.499974
6711,131.999974,33.499974
6712,132.499974,33.499974
6713,132.999974,33.499974
6714,133.499974,33.499974
6715,133.999974,33.499974
6716,134.499974,33.499974
6717,134.999974,33.499974
6718,135.499974,33.499974
6719,135.999974,33.499974
6720,136.499974,33.499974
6721,-119.500026,32.999974
6722,-118.000026,32.999974
6723,-117.500026,32.999974
6724,-117.000026,32.999974
6725,-115.500026,33.999974
6726,-80.00002600000005,35.999974
6727,-8.500026000000048,32.999974
6728,-8.000026000000048,33.499974
6729,11.49997399999995,32.499974
6730,11.99997399999995,31.999974
6731,35.49997399999995,33.499974
6732,37.99997399999995,33.999974
6733,56.99997399999995,33.999974
6734,77.99997399999995,32.999974
6735,81.49997399999995,32.999974
6736,82.99997399999995,32.999974
6737,83.99997399999995,32.999974
6738,87.99997399999995,32.999974
6739,88.99997399999995,32.999974
6740,89.49997399999995,33.499974
6741,119.999974,32.999974
6742,126.499974,32.999974
6743,126.999974,32.999974
6744,129.499974,32.999974
6745,129.999974,32.999974
6746,130.499974,32.999974
6747,131.499974,32.999974
6748,132.499974,32.999974
6749,132.999974,32.999974
6750,133.499974,32.999974
6751,133.999974,32.999974
6752,134.499974,32.999974
6753,139.999974,32.999974
6754,-118.000026,32.499974
6755,-116.500026,32.999974
6756,-106.500026,32.499974
6757,-106.000026,33.499974
6758,-103.500026,32.499974
6759,-81.00002600000005,32.999974
6760,-80.50002600000005,32.999974
6761,-79.50002600000005,32.499974
6762,-17.00002600000005,32.499974
6763,-16.50002600000005,32.499974
6764,-8.500026000000048,32.999974
6765,12.49997399999995,31.999974
6766,12.99997399999995,31.999974
6767,13.49997399999995,31.999974
6768,13.99997399999995,32.499974
6769,13.99997399999995,31.999974
6770,20.99997399999995,32.499974
6771,21.49997399999995,32.499974
6772,21.99997399999995,32.499974
6773,22.49997399999995,32.499974
6774,22.99997399999995,32.499974
6775,23.49997399999995,32.499974
6776,34.99997399999995,32.499974
6777,41.99997399999995,30.999974
6778,54.99997399999995,33.499974
6779,59.99997399999995,32.999974
6780,78.49997399999995,32.499974
6781,81.49997399999995,32.499974
6782,82.49997399999995,33.499974
6783,83.49997399999995,31.999974
6784,83.99997399999995,32.499974
6785,84.49997399999995,32.499974
6786,85.49997399999995,32.499974
6787,85.99997399999995,32.499974
6788,87.49997399999995,33.499974
6789,87.49997399999995,32.499974
6790,87.99997399999995,32.499974
6791,88.49997399999995,32.499974
6792,119.999974,32.499974
6793,121.499974,32.499974
6794,128.999974,32.499974
6795,129.499974,32.499974
6796,129.999974,32.499974
6797,130.499974,32.499974
6798,131.499974,32.499974
6799,132.999974,32.499974
6800,-117.000026,31.999974
6801,-115.500026,31.999974
6802,-109.500026,31.999974
6803,-108.500026,31.499974
6804,-81.50002600000005,32.999974
6805,-9.000026000000048,32.499974
6806,14.99997399999995,31.999974
6807,15.49997399999995,31.999974
6808,20.49997399999995,31.999974
6809,22.99997399999995,31.999974
6810,23.99997399999995,31.999974
6811,34.99997399999995,31.999974
6812,51.99997399999995,33.499974
6813,81.99997399999995,31.499974
6814,83.99997399999995,31.499974
6815,85.49997399999995,31.999974
6816,85.99997399999995,31.999974
6817,86.99997399999995,31.999974
6818,87.99997399999995,31.999974
6819,120.499974,31.999974
6820,121.999974,31.999974
6821,130.499974,31.999974
6822,131.499974,31.999974
6823,-116.500026,31.499974
6824,-115.500026,31.499974
6825,-109.500026,43.499974
6826,-114.000026,31.499974
6827,-113.500026,31.499974
6828,-105.000026,32.499974
6829,-103.000026,31.499974
6830,-102.500026,31.499974
6831,-81.50002600000005,31.999974
6832,-9.500026000000048,31.499974
6833,13.49997399999995,30.999974
6834,15.49997399999995,31.499974
6835,19.99997399999995,31.499974
6836,24.49997399999995,31.499974
6837,24.99997399999995,31.499974
6838,25.49997399999995,31.499974
6839,25.99997399999995,31.499974
6840,26.49997399999995,30.999974
6841,31.49997399999995,29.999974
6842,34.99997399999995,31.499974
6843,82.49997399999995,30.999974
6844,85.99997399999995,31.499974
6845,91.49997399999995,33.499974
6846,90.49997399999995,31.499974
6847,91.49997399999995,31.499974
6848,115.499974,34.999974
6849,121.499974,31.499974
6850,121.999974,31.499974
6851,129.999974,31.499974
6852,130.499974,31.499974
6853,130.999974,31.499974
6854,131.499974,31.499974
6855,-116.500026,30.999974
6856,-116.000026,30.999974
6857,-115.000026,30.999974
6858,-114.500026,30.999974
6859,-113.500026,30.999974
6860,-112.000026,32.499974
6861,-107.500026,32.999974
6862,-106.500026,31.499974
6863,-81.50002600000005,31.499974
6864,-9.500026000000048,30.999974
6865,15.99997399999995,29.999974
6866,16.49997399999995,29.499974
6867,16.99997399999995,29.499974
6868,17.49997399999995,29.999974
6869,20.49997399999995,30.999974
6870,26.99997399999995,30.999974
6871,27.49997399999995,30.999974
6872,27.49997399999995,30.499974
6873,28.49997399999995,30.499974
6874,28.99997399999995,30.499974
6875,29.99997399999995,30.499974
6876,30.49997399999995,30.499974
6877,30.99997399999995,29.999974
6878,31.99997399999995,29.999974
6879,32.49997399999995,30.999974
6880,32.99997399999995,30.499974
6881,33.49997399999995,30.499974
6882,33.99997399999995,31.499974
6883,34.49997399999995,30.999974
6884,36.49997399999995,33.499974
6885,39.49997399999995,31.499974
6886,44.49997399999995,37.999974
6887,60.99997399999995,29.499974
6888,83.49997399999995,30.999974
6889,84.99997399999995,30.999974
6890,85.99997399999995,30.999974
6891,86.99997399999995,30.999974
6892,87.49997399999995,31.499974
6893,90.49997399999995,30.999974
6894,90.99997399999995,31.499974
6895,119.999974,30.499974
6896,130.499974,30.999974
6897,130.999974,30.999974
6898,131.499974,30.999974
6899,-116.000026,30.499974
6900,-115.000026,30.499974
6901,-111.000026,30.499974
6902,-84.00002600000005,34.499974
6903,-81.50002600000005,31.499974
6904,-9.500026000000048,30.499974
6905,17.99997399999995,30.499974
6906,17.99997399999995,30.499974
6907,19.99997399999995,30.499974
6908,20.49997399999995,30.499974
6909,29.49997399999995,30.499974
6910,32.49997399999995,30.499974
6911,37.49997399999995,32.499974
6912,43.99997399999995,32.999974
6913,83.99997399999995,30.499974
6914,85.49997399999995,31.499974
6915,89.99997399999995,29.999974
6916,121.499974,30.499974
6917,121.999974,30.499974
6918,130.999974,30.499974
6919,131.499974,30.499974
6920,-115.500026,29.999974
6921,-114.500026,29.999974
6922,-112.500026,29.999974
6923,-105.000026,29.999974
6924,-90.00002600000005,29.999974
6925,-90.00002600000005,31.999974
6926,-89.00002600000005,29.999974
6927,-88.50002600000005,31.999974
6928,-88.00002600000005,29.999974
6929,-87.50002600000005,29.999974
6930,-86.50002600000005,31.499974
6931,-86.50002600000005,29.999974
6932,-86.00002600000005,29.999974
6933,-85.50002600000005,30.999974
6934,-81.50002600000005,29.499974
6935,-9.500026000000048,29.999974
6936,18.99997399999995,29.499974
6937,19.49997399999995,29.999974
6938,22.49997399999995,32.499974
6939,30.49997399999995,29.999974
6940,32.49997399999995,29.999974
6941,32.99997399999995,29.999974
6942,36.99997399999995,29.999974
6943,50.49997399999995,31.499974
6944,49.49997399999995,29.999974
6945,49.99997399999995,29.999974
6946,59.49997399999995,32.499974
6947,84.99997399999995,29.999974
6948,86.49997399999995,29.999974
6949,119.999974,28.999974
6950,121.499974,29.999974
6951,121.999974,29.999974
6952,122.499974,29.999974
6953,130.499974,29.999974
6954,130.999974,29.999974
6955,-115.500026,29.499974
6956,-114.000026,29.499974
6957,-113.500026,29.499974
6958,-112.500026,29.499974
6959,-112.000026,29.499974
6960,-105.500026,29.499974
6961,-96.00002600000005,32.999974
6962,-94.00002600000005,29.499974
6963,-95.00002600000005,32.999974
6964,-93.00002600000005,29.499974
6965,-92.50002600000005,29.499974
6966,-92.00002600000005,29.499974
6967,-91.50002600000005,29.499974
6968,-89.00002600000005,29.499974
6969,-84.00002600000005,33.999974
6970,-84.50002600000005,30.499974
6971,-84.00002600000005,29.499974
6972,-83.50002600000005,29.499974
6973,-83.00002600000005,29.499974
6974,-81.00002600000005,29.499974
6975,-10.00002600000005,29.499974
6976,-9.500026000000048,29.499974
6977,25.49997399999995,31.499974
6978,26.99997399999995,30.999974
6979,31.99997399999995,29.499974
6980,32.99997399999995,29.499974
6981,39.99997399999995,30.999974
6982,47.49997399999995,28.999974
6983,46.99997399999995,29.999974
6984,48.49997399999995,29.999974
6985,50.49997399999995,29.499974
6986,59.99997399999995,30.999974
6987,77.49997399999995,32.999974
6988,85.99997399999995,29.499974
6989,95.49997399999995,35.499974
6990,121.499974,29.499974
6991,122.499974,29.499974
6992,-115.000026,29.499974
6993,-114.500026,28.999974
6994,-113.500026,28.999974
6995,-113.000026,28.999974
6996,-112.000026,28.999974
6997,-107.500026,28.999974
6998,-106.000026,28.999974
6999,-106.000026,29.499974
7000,-95.00002600000005,28.999974
7001,-94.50002600000005,28.999974
7002,-91.50002600000005,29.999974
7003,-90.50002600000005,28.999974
7004,-90.00002600000005,28.999974
7005,-89.50002600000005,28.999974
7006,-89.50002600000005,29.499974
7007,-83.00002600000005,29.499974
7008,-82.50002600000005,28.999974
7009,-81.00002600000005,28.999974
7010,-13.50002600000005,28.999974
7011,-13.00002600000005,28.999974
7012,-9.500026000000048,28.999974
7013,-4.000026000000048,31.999974
7014,16.99997399999995,27.999974
7015,23.99997399999995,29.999974
7016,30.49997399999995,28.499974
7017,32.49997399999995,28.499974
7018,34.99997399999995,28.999974
7019,36.99997399999995,29.499974
7020,47.99997399999995,28.999974
7021,48.49997399999995,28.999974
7022,51.49997399999995,28.999974
7023,52.49997399999995,29.499974
7024,52.99997399999995,30.999974
7025,54.99997399999995,29.499974
7026,55.49997399999995,28.999974
7027,55.99997399999995,29.999974
7028,66.99997399999995,29.499974
7029,74.99997399999995,34.999974
7030,121.499974,28.999974
7031,-114.000026,29.499974
7032,-113.000026,28.499974
7033,-112.500026,28.499974
7034,-112.000026,28.499974
7035,-110.500026,28.999974
7036,-106.500026,28.499974
7037,-104.500026,28.499974
7038,-96.00002600000005,28.499974
7039,-96.00002600000005,28.999974
7040,-95.50002600000005,28.999974
7041,-82.50002600000005,28.499974
7042,-80.50002600000005,28.499974
7043,-17.50002600000005,28.499974
7044,-16.00002600000005,28.499974
7045,-14.00002600000005,28.499974
7046,-13.50002600000005,28.499974
7047,-11.00002600000005,28.499974
7048,-10.50002600000005,28.499974
7049,2.499973999999952,33.999974
7050,32.99997399999995,28.499974
7051,33.49997399999995,28.499974
7052,34.49997399999995,28.999974
7053,48.49997399999995,28.499974
7054,50.99997399999995,28.499974
7055,85.99997399999995,28.499974
7056,109.999974,29.499974
7057,120.499974,28.499974
7058,-115.000026,27.999974
7059,-114.000026,27.999974
7060,-112.500026,27.999974
7061,-111.500026,27.999974
7062,-111.000026,27.999974
7063,-104.500026,27.999974
7064,-97.00002600000005,28.499974
7065,-96.50002600000005,28.499974
7066,-82.50002600000005,27.999974
7067,-80.50002600000005,27.499974
7068,-17.00002600000005,27.999974
7069,-16.50002600000005,27.999974
7070,-16.00002600000005,27.999974
7071,-15.50002600000005,27.999974
7072,-15.00002600000005,27.999974
7073,-14.00002600000005,27.999974
7074,-13.50002600000005,27.999974
7075,-12.00002600000005,27.499974
7076,-11.00002600000005,28.499974
7077,17.49997399999995,27.499974
7078,28.99997399999995,27.499974
7079,32.99997399999995,27.999974
7080,33.99997399999995,27.999974
7081,34.49997399999995,27.999974
7082,34.49997399999995,28.499974
7083,35.49997399999995,27.999974
7084,47.99997399999995,28.999974
7085,52.49997399999995,29.499974
7086,60.99997399999995,27.999974
7087,65.99997399999995,28.999974
7088,89.49997399999995,27.999974
7089,90.49997399999995,27.999974
7090,119.499974,27.499974
7091,121.499974,27.999974
7092,121.999974,27.999974
7093,129.499974,27.999974
7094,129.999974,27.999974
7095,-114.500026,27.499974
7096,-113.500026,27.499974
7097,-112.500026,27.499974
7098,-112.000026,27.499974
7099,-109.500026,31.999974
7100,-104.500026,26.999974
7101,-103.500026,27.999974
7102,-102.500026,27.499974
7103,-97.50002600000005,27.999974
7104,-97.00002600000005,27.999974
7105,-82.50002600000005,27.499974
7106,-80.00002600000005,27.499974
7107,-18.00002600000005,27.499974
7108,-17.50002600000005,27.499974
7109,-15.50002600000005,27.499974
7110,-15.00002600000005,27.499974
7111,-13.00002600000005,27.499974
7112,-12.50002600000005,27.499974
7113,-7.000026000000048,28.999974
7114,8.499973999999952,28.999974
7115,13.49997399999995,28.999974
7116,33.49997399999995,27.499974
7117,34.49997399999995,27.499974
7118,34.99997399999995,27.499974
7119,35.49997399999995,27.499974
7120,46.99997399999995,28.499974
7121,49.49997399999995,27.499974
7122,51.49997399999995,27.499974
7123,51.99997399999995,27.499974
7124,52.49997399999995,27.499974
7125,120.499974,27.499974
7126,128.999974,27.499974
7127,-114.000026,26.999974
7128,-112.000026,26.999974
7129,-110.500026,26.999974
7130,-110.000026,26.999974
7131,-103.000026,26.499974
7132,-98.00002600000005,27.999974
7133,-97.50002600000005,27.499974
7134,-82.50002600000005,26.999974
7135,-80.00002600000005,26.999974
7136,-10.00002600000005,27.499974
7137,18.99997399999995,22.499974
7138,28.49997399999995,27.999974
7139,33.99997399999995,26.999974
7140,36.49997399999995,27.999974
7141,45.49997399999995,24.999974
7142,49.99997399999995,26.999974
7143,52.99997399999995,26.999974
7144,56.49997399999995,28.999974
7145,56.49997399999995,26.999974
7146,57.49997399999995,27.999974
7147,57.49997399999995,29.499974
7148,120.499974,26.999974
7149,120.999974,26.999974
7150,128.999974,26.999974
7151,-113.500026,26.499974
7152,-113.000026,26.499974
7153,-111.500026,26.499974
7154,-109.500026,26.499974
7155,-109.000026,26.499974
7156,-104.500026,26.499974
7157,-104.000026,27.999974
7158,-98.00002600000005,26.499974
7159,-82.00002600000005,26.499974
7160,-81.00002600000005,27.999974
7161,-80.00002600000005,26.499974
7162,-78.50002600000005,26.499974
7163,-78.00002600000005,26.499974
7164,-77.50002600000005,26.499974
7165,-77.00002600000005,26.499974
7166,-13.50002600000005,26.499974
7167,-9.000026000000048,26.499974
7168,-1.500026000000048,31.499974
7169,21.99997399999995,26.499974
7170,33.99997399999995,26.499974
7171,35.99997399999995,26.499974
7172,36.49997399999995,26.499974
7173,48.99997399999995,26.499974
7174,50.49997399999995,26.499974
7175,53.49997399999995,26.499974
7176,53.99997399999995,26.499974
7177,54.49997399999995,26.499974
7178,54.99997399999995,26.499974
7179,54.99997399999995,26.999974
7180,55.99997399999995,26.499974
7181,56.49997399999995,26.499974
7182,57.49997399999995,26.499974
7183,74.99997399999995,26.499974
7184,119.499974,26.499974
7185,120.499974,26.499974
7186,127.999974,26.499974
7187,128.499974,26.499974
7188,-112.500026,26.499974
7189,-112.000026,25.999974
7190,-111.000026,25.999974
7191,-109.000026,25.999974
7192,-102.500026,25.999974
7193,-101.500026,25.999974
7194,-97.00002600000005,25.999974
7195,-81.50002600000005,25.999974
7196,-80.00002600000005,25.999974
7197,-77.00002600000005,25.999974
7198,-13.50002600000005,25.999974
7199,-0.500026000000048,26.999974
7200,4.499973999999952,27.499974
7201,14.99997399999995,25.499974
7202,15.99997399999995,24.999974
7203,33.99997399999995,25.999974
7204,36.49997399999995,25.999974
7205,36.99997399999995,25.999974
7206,49.49997399999995,25.999974
7207,50.99997399999995,25.999974
7208,51.49997399999995,25.999974
7209,56.49997399999995,25.999974
7210,57.49997399999995,25.999974
7211,64.99997399999995,25.999974
7212,118.999974,26.999974
7213,126.999974,25.999974
7214,127.999974,25.999974
7215,-112.000026,25.499974
7216,-111.000026,25.499974
7217,-107.500026,27.999974
7218,-102.000026,25.999974
7219,-105.000026,30.499974
7220,-81.50002600000005,25.499974
7221,-81.00002600000005,25.499974
7222,-80.50002600000005,26.499974
7223,-77.00002600000005,25.499974
7224,-14.00002600000005,25.499974
7225,34.49997399999995,25.499974
7226,37.99997399999995,27.499974
7227,49.49997399999995,24.499974
7228,50.99997399999995,25.499974
7229,51.49997399999995,25.499974
7230,51.99997399999995,25.499974
7231,55.99997399999995,24.499974
7232,56.49997399999995,25.499974
7233,57.49997399999995,25.499974
7234,57.99997399999995,25.499974
7235,58.49997399999995,25.999974
7236,66.49997399999995,26.499974
7237,119.999974,25.499974
7238,-112.000026,24.999974
7239,-110.500026,24.999974
7240,-108.500026,25.499974
7241,-108.000026,25.499974
7242,-103.000026,25.499974
7243,-102.000026,24.999974
7244,-98.00002600000005,24.999974
7245,-97.00002600000005,24.999974
7246,-81.00002600000005,24.999974
7247,-80.50002600000005,24.999974
7248,-80.00002600000005,24.999974
7249,-78.00002600000005,24.999974
7250,-77.00002600000005,24.999974
7251,-76.00002600000005,24.999974
7252,-14.50002600000005,24.999974
7253,-5.000026000000048,24.999974
7254,27.99997399999995,26.499974
7255,30.49997399999995,26.499974
7256,34.49997399999995,24.999974
7257,37.49997399999995,24.999974
7258,50.49997399999995,24.999974
7259,50.99997399999995,24.999974
7260,51.49997399999995,24.999974
7261,55.49997399999995,24.999974
7262,56.49997399999995,24.999974
7263,58.99997399999995,24.999974
7264,59.49997399999995,24.999974
7265,59.99997399999995,24.999974
7266,60.49997399999995,24.999974
7267,60.99997399999995,24.999974
7268,61.49997399999995,26.999974
7269,62.99997399999995,26.999974
7270,62.49997399999995,24.999974
7271,62.99997399999995,24.999974
7272,63.49997399999995,24.999974
7273,63.99997399999995,24.999974
7274,64.49997399999995,24.999974
7275,64.99997399999995,24.999974
7276,65.49997399999995,24.999974
7277,65.99997399999995,26.499974
7278,66.49997399999995,24.999974
7279,118.999974,24.999974
7280,119.499974,24.999974
7281,119.999974,24.999974
7282,121.499974,24.499974
7283,121.999974,24.999974
7284,-112.000026,24.499974
7285,-111.500026,24.499974
7286,-110.500026,24.499974
7287,-108.000026,24.499974
7288,-107.500026,24.499974
7289,-104.500026,24.499974
7290,-101.000026,24.499974
7291,-100.500026,25.499974
7292,-98.50002600000005,25.499974
7293,-78.00002600000005,24.499974
7294,-77.50002600000005,24.499974
7295,-76.00002600000005,24.499974
7296,-75.50002600000005,24.499974
7297,-14.50002600000005,24.499974
7298,-3.500026000000048,28.999974
7299,34.99997399999995,24.499974
7300,37.49997399999995,24.499974
7301,49.99997399999995,23.999974
7302,51.49997399999995,24.499974
7303,51.99997399999995,24.499974
7304,54.99997399999995,24.499974
7305,56.49997399999995,24.499974
7306,66.99997399999995,24.999974
7307,67.49997399999995,24.499974
7308,118.499974,24.499974
7309,118.499974,24.999974
7310,120.999974,24.499974
7311,121.999974,24.499974
7312,125.499974,24.499974
7313,-111.500026,23.999974
7314,-111.000026,23.999974
7315,-110.500026,23.999974
7316,-110.000026,23.999974
7317,-109.500026,23.999974
7318,-107.000026,24.499974
7319,-97.50002600000005,23.999974
7320,-78.00002600000005,23.999974
7321,-77.50002600000005,23.999974
7322,-75.00002600000005,23.999974
7323,-74.00002600000005,23.999974
7324,-15.50002600000005,23.999974
7325,-15.00002600000005,23.999974
7326,35.49997399999995,23.999974
7327,35.99997399999995,23.999974
7328,37.49997399999995,24.499974
7329,37.99997399999995,23.999974
7330,38.49997399999995,23.999974
7331,40.99997399999995,25.499974
7332,51.49997399999995,23.999974
7333,48.99997399999995,24.999974
7334,52.49997399999995,23.999974
7335,52.99997399999995,23.499974
7336,53.49997399999995,23.499974
7337,53.99997399999995,23.499974
7338,55.99997399999995,24.499974
7339,54.99997399999995,23.999974
7340,56.49997399999995,23.999974
7341,56.99997399999995,23.999974
7342,67.49997399999995,23.999974
7343,94.49997399999995,30.999974
7344,117.499974,25.499974
7345,120.499974,23.999974
7346,120.999974,23.999974
7347,121.999974,23.999974
7348,123.999974,23.999974
7349,124.499974,23.999974
7350,-110.500026,23.499974
7351,-110.000026,23.499974
7352,-109.500026,23.499974
7353,-109.000026,23.499974
7354,-106.500026,23.499974
7355,-98.00002600000005,24.499974
7356,-77.50002600000005,23.499974
7357,-75.50002600000005,23.499974
7358,-75.00002600000005,23.499974
7359,-74.50002600000005,23.499974
7360,-15.50002600000005,23.499974
7361,-4.500026000000048,26.999974
7362,-7.500026000000048,23.499974
7363,35.49997399999995,23.499974
7364,38.49997399999995,23.499974
7365,57.49997399999995,22.999974
7366,57.99997399999995,22.999974
7367,58.49997399999995,22.999974
7368,58.99997399999995,23.499974
7369,67.49997399999995,23.499974
7370,69.49997399999995,30.499974
7371,73.99997399999995,25.999974
7372,88.99997399999995,23.999974
7373,117.499974,23.499974
7374,117.999974,23.499974
7375,120.499974,23.499974
7376,121.499974,23.499974
7377,-110.000026,22.999974
7378,-109.500026,22.999974
7379,-109.000026,22.999974
7380,-106.500026,22.999974
7381,-106.000026,22.999974
7382,-102.500026,22.999974
7383,-102.000026,22.499974
7384,-98.00002600000005,22.999974
7385,-82.50002600000005,22.999974
7386,-82.00002600000005,22.999974
7387,-81.50002600000005,22.999974
7388,-81.00002600000005,22.499974
7389,-80.50002600000005,22.499974
7390,-80.00002600000005,22.499974
7391,-75.00002600000005,22.999974
7392,-16.00002600000005,22.999974
7393,-7.500026000000048,21.999974
7394,34.99997399999995,23.999974
7395,39.49997399999995,23.999974
7396,40.99997399999995,22.499974
7397,48.99997399999995,23.999974
7398,58.99997399999995,22.999974
7399,59.49997399999995,22.999974
7400,68.49997399999995,22.999974
7401,68.99997399999995,22.999974
7402,116.499974,22.999974
7403,116.499974,25.999974
7404,117.499974,22.999974
7405,120.499974,22.999974
7406,121.499974,22.999974
7407,-109.500026,22.499974
7408,-106.000026,22.499974
7409,-105.500026,22.499974
7410,-100.500026,24.499974
7411,-97.50002600000005,22.499974
7412,-84.00002600000005,22.499974
7413,-83.50002600000005,22.499974
7414,-83.00002600000005,22.499974
7415,-82.50002600000005,22.499974
7416,-82.00002600000005,22.499974
7417,-81.50002600000005,22.499974
7418,-79.50002600000005,22.499974
7419,-79.00002600000005,22.499974
7420,-78.50002600000005,22.499974
7421,-78.00002600000005,22.499974
7422,-74.50002600000005,22.499974
7423,-74.00002600000005,22.499974
7424,-73.50002600000005,22.499974
7425,-16.00002600000005,22.499974
7426,-12.50002600000005,21.999974
7427,-4.500026000000048,25.999974
7428,-2.000026000000048,24.999974
7429,35.49997399999995,21.999974
7430,35.99997399999995,22.499974
7431,38.99997399999995,22.499974
7432,39.49997399999995,22.499974
7433,40.99997399999995,20.999974
7434,59.49997399999995,22.499974
7435,59.99997399999995,22.499974
7436,68.99997399999995,22.499974
7437,69.49997399999995,22.499974
7438,69.99997399999995,21.999974
7439,70.49997399999995,21.999974
7440,89.49997399999995,23.999974
7441,91.49997399999995,22.999974
7442,104.499974,26.999974
7443,113.999974,22.499974
7444,114.999974,22.499974
7445,115.499974,22.499974
7446,115.999974,22.499974
7447,115.999974,22.999974
7448,120.499974,22.999974
7449,120.999974,22.499974
7450,121.499974,22.499974
7451,-159.5000260000001,21.999974
7452,-159.0000260000001,21.999974
7453,-105.500026,22.499974
7454,-101.500026,21.999974
7455,-99.00002600000003,23.999974
7456,-84.00002600000005,21.999974
7457,-83.50002600000005,21.999974
7458,-83.00002600000005,21.999974
7459,-82.00002600000005,21.999974
7460,-81.50002600000005,21.999974
7461,-81.00002600000005,21.999974
7462,-80.50002600000005,21.999974
7463,-79.00002600000005,21.999974
7464,-78.50002600000005,21.999974
7465,-78.00002600000005,21.499974
7466,-77.50002600000005,21.999974
7467,-74.00002600000005,21.999974
7468,-73.50002600000005,21.999974
7469,-73.00002600000005,21.999974
7470,-72.50002600000005,21.999974
7471,-16.50002600000005,21.999974
7472,-1.000026000000048,23.499974
7473,5.499973999999952,24.499974
7474,36.49997399999995,21.999974
7475,36.99997399999995,21.999974
7476,39.49997399999995,21.999974
7477,59.99997399999995,21.999974
7478,68.99997399999995,21.999974
7479,69.49997399999995,21.999974
7480,73.49997399999995,24.499974
7481,72.99997399999995,22.499974
7482,90.49997399999995,21.999974
7483,90.99997399999995,21.999974
7484,91.49997399999995,21.999974
7485,91.99997399999995,21.999974
7486,113.499974,21.999974
7487,113.999974,21.999974
7488,114.499974,21.999974
7489,120.499974,21.999974
7490,120.999974,21.999974
7491,121.999974,21.999974
7492,-160.0000260000001,21.499974
7493,-159.5000260000001,21.499974
7494,-159.0000260000001,21.499974
7495,-158.0000260000001,21.499974
7496,-157.5000260000001,21.499974
7497,-106.500026,21.499974
7498,-105.500026,21.999974
7499,-103.500026,23.499974
7500,-97.50002600000005,21.499974
7501,-97.00002600000005,21.499974
7502,-88.50002600000005,21.499974
7503,-88.00002600000005,20.999974
7504,-87.50002600000005,20.999974
7505,-87.00002600000005,20.999974
7506,-84.50002600000005,21.499974
7507,-84.00002600000005,21.499974
7508,-83.00002600000005,21.499974
7509,-82.50002600000005,21.499974
7510,-80.00002600000005,21.499974
7511,-79.50002600000005,21.499974
7512,-79.00002600000005,21.499974
7513,-78.50002600000005,21.499974
7514,-77.50002600000005,21.499974
7515,-77.00002600000005,20.999974
7516,-72.50002600000005,21.499974
7517,-71.50002600000005,21.499974
7518,-71.00002600000005,21.499974
7519,-16.50002600000005,21.499974
7520,36.99997399999995,21.499974
7521,38.99997399999995,21.499974
7522,39.49997399999995,21.499974
7523,43.49997399999995,22.499974
7524,53.99997399999995,23.499974
7525,58.99997399999995,22.999974
7526,69.49997399999995,21.499974
7527,69.99997399999995,21.499974
7528,72.49997399999995,21.499974
7529,80.49997399999995,23.499974
7530,85.99997399999995,23.499974
7531,87.99997399999995,21.499974
7532,87.99997399999995,24.499974
7533,88.99997399999995,21.499974
7534,89.49997399999995,21.499974
7535,89.99997399999995,21.499974
7536,90.49997399999995,21.499974
7537,91.99997399999995,21.499974
7538,108.499974,21.999974
7539,108.999974,21.999974
7540,109.499974,21.999974
7541,111.499974,21.499974
7542,111.999974,21.499974
7543,112.499974,21.499974
7544,112.999974,21.499974
7545,120.999974,21.499974
7546,-158.0000260000001,20.999974
7547,-157.5000260000001,20.999974
7548,-157.0000260000001,20.999974
7549,-156.5000260000001,20.999974
7550,-106.000026,20.999974
7551,-105.000026,20.999974
7552,-97.50002600000005,20.999974
7553,-90.00002600000005,20.999974
7554,-89.50002600000005,19.999974
7555,-89.00002600000005,21.499974
7556,-88.50002600000005,20.999974
7557,-86.50002600000005,20.999974
7558,-78.50002600000005,20.999974
7559,-76.50002600000005,20.999974
7560,-76.00002600000005,20.999974
7561,-75.50002600000005,20.999974
7562,-73.50002600000005,20.999974
7563,-73.00002600000005,20.999974
7564,-17.00002600000005,20.999974
7565,-6.000026000000048,22.499974
7566,2.999973999999952,21.999974
7567,36.99997399999995,20.999974
7568,39.49997399999995,21.499974
7569,51.99997399999995,21.499974
7570,58.99997399999995,20.999974
7571,58.99997399999995,21.499974
7572,69.99997399999995,20.999974
7573,70.49997399999995,20.999974
7574,71.99997399999995,20.999974
7575,71.99997399999995,21.499974
7576,77.99997399999995,21.499974
7577,86.99997399999995,20.999974
7578,92.49997399999995,20.999974
7579,107.499974,20.999974
7580,107.999974,20.999974
7581,109.499974,20.999974
7582,109.999974,20.999974
7583,110.499974,20.999974
7584,110.999974,20.999974
7585,-157.0000260000001,20.499974
7586,-156.5000260000001,20.499974
7587,-156.0000260000001,20.499974
7588,-104.500026,20.499974
7589,-98.50002600000005,20.999974
7590,-97.50002600000005,20.499974
7591,-90.00002600000005,20.499974
7592,-87.50002600000005,20.499974
7593,-78.00002600000005,20.499974
7594,-77.50002600000005,20.499974
7595,-76.50002600000005,20.499974
7596,-75.50002600000005,19.999974
7597,-75.00002600000005,20.499974
7598,-74.50002600000005,20.499974
7599,-73.50002600000005,20.499974
7600,-17.00002600000005,20.499974
7601,-16.50002600000005,20.499974
7602,-16.00002600000005,20.499974
7603,-11.50002600000005,21.999974
7604,15.49997399999995,22.999974
7605,37.49997399999995,20.499974
7606,39.49997399999995,20.999974
7607,39.99997399999995,20.499974
7608,58.49997399999995,22.499974
7609,58.99997399999995,20.499974
7610,70.49997399999995,20.499974
7611,70.99997399999995,20.499974
7612,71.49997399999995,20.499974
7613,71.99997399999995,20.499974
7614,72.99997399999995,20.499974
7615,85.49997399999995,22.499974
7616,92.49997399999995,20.499974
7617,105.999974,22.499974
7618,107.499974,20.499974
7619,109.999974,20.499974
7620,110.499974,20.499974
7621,121.999974,20.499974
7622,-155.5000260000001,19.999974
7623,-155.0000260000001,19.999974
7624,-105.500026,19.999974
7625,-105.000026,19.999974
7626,-97.50002600000005,19.499974
7627,-97.00002600000005,19.999974
7628,-90.00002600000005,19.999974
7629,-88.00002600000005,19.999974
7630,-86.50002600000005,19.999974
7631,-77.50002600000005,19.999974
7632,-77.00002600000005,19.999974
7633,-76.00002600000005,19.999974
7634,-74.50002600000005,19.999974
7635,-74.00002600000005,19.999974
7636,-16.00002600000005,19.999974
7637,36.99997399999995,19.999974
7638,39.99997399999995,19.999974
7639,40.49997399999995,19.999974
7640,50.49997399999995,16.999974
7641,57.49997399999995,21.999974
7642,58.49997399999995,19.999974
7643,58.99997399999995,19.999974
7644,72.99997399999995,19.999974
7645,84.99997399999995,20.499974
7646,92.99997399999995,19.999974
7647,93.49997399999995,21.499974
7648,105.999974,20.999974
7649,106.499974,20.499974
7650,109.999974,19.499974
7651,109.999974,19.499974
7652,110.999974,19.999974
7653,121.999974,19.999974
7654,-156.0000260000001,19.499974
7655,-155.5000260000001,19.499974
7656,-155.0000260000001,19.499974
7657,-154.5000260000001,19.499974
7658,-105.000026,19.499974
7659,-101.500026,19.499974
7660,-101.000026,19.499974
7661,-99.00002600000003,18.999974
7662,-98.00002600000005,19.499974
7663,-96.50002600000005,19.499974
7664,-90.50002600000005,19.499974
7665,-89.50002600000005,19.499974
7666,-87.00002600000005,19.499974
7667,-77.50002600000005,19.499974
7668,-77.00002600000005,19.499974
7669,-76.50002600000005,19.499974
7670,-75.50002600000005,19.499974
7671,-75.00002600000005,19.499974
7672,-73.00002600000005,19.499974
7673,-72.50002600000005,19.499974
7674,-72.00002600000005,19.499974
7675,-71.50002600000005,19.499974
7676,-71.00002600000005,19.499974
7677,-70.50002600000005,19.499974
7678,-70.00002600000005,19.499974
7679,-69.50002600000005,19.499974
7680,-16.00002600000005,19.999974
7681,19.49997399999995,21.999974
7682,36.99997399999995,18.999974
7683,40.99997399999995,19.499974
7684,52.49997399999995,16.499974
7685,56.99997399999995,20.499974
7686,72.99997399999995,19.499974
7687,85.49997399999995,19.499974
7688,85.99997399999995,19.499974
7689,86.49997399999995,19.499974
7690,93.49997399999995,19.499974
7691,93.99997399999995,20.499974
7692,103.999974,21.499974
7693,109.499974,19.499974
7694,110.999974,19.499974
7695,111.499974,19.499974
7696,121.999974,19.499974
7697,-155.5000260000001,18.999974
7698,-155.0000260000001,18.999974
7699,-154.5000260000001,18.999974
7700,-105.000026,18.999974
7701,-104.500026,18.999974
7702,-97.50002600000005,18.999974
7703,-96.50002600000005,18.999974
7704,-91.00002600000005,18.999974
7705,-90.00002600000005,19.499974
7706,-89.00002600000005,18.499974
7707,-71.50002600000005,18.999974
7708,-70.00002600000005,18.999974
7709,-69.00002600000005,18.999974
7710,-68.50002600000005,18.999974
7711,-16.00002600000005,19.499974
7712,37.49997399999995,18.999974
7713,40.99997399999995,19.499974
7714,41.49997399999995,19.499974
7715,57.49997399999995,18.999974
7716,72.99997399999995,18.999974
7717,84.99997399999995,19.499974
7718,85.49997399999995,18.999974
7719,93.99997399999995,18.999974
7720,105.999974,18.999974
7721,109.499974,18.999974
7722,110.499974,18.999974
7723,121.499974,18.999974
7724,-155.5000260000001,18.499974
7725,-110.500026,18.499974
7726,-104.000026,18.999974
7727,-103.500026,18.999974
7728,-95.50002600000005,18.999974
7729,-95.00002600000005,18.499974
7730,-94.50002600000005,18.499974
7731,-92.50002600000005,18.499974
7732,-92.00002600000005,17.999974
7733,-91.50002600000005,17.999974
7734,-90.50002600000005,18.999974
7735,-88.00002600000005,18.499974
7736,-87.50002600000005,18.499974
7737,-77.50002600000005,18.499974
7738,-74.00002600000005,18.499974
7739,-73.50002600000005,18.499974
7740,-73.00002600000005,18.499974
7741,-72.50002600000005,18.499974
7742,-72.00002600000005,18.499974
7743,-68.50002600000005,18.499974
7744,-68.00002600000005,18.499974
7745,-13.00002600000005,21.499974
7746,37.49997399999995,18.499974
7747,41.99997399999995,19.499974
7748,55.99997399999995,17.999974
7749,57.49997399999995,18.499974
7750,57.99997399999995,18.499974
7751,72.99997399999995,18.499974
7752,84.49997399999995,18.499974
7753,84.99997399999995,18.499974
7754,93.99997399999995,18.499974
7755,94.49997399999995,18.499974
7756,104.499974,19.999974
7757,108.999974,18.499974
7758,110.499974,18.499974
7759,120.999974,18.499974
7760,121.499974,17.999974
7761,121.999974,18.499974
7762,-103.500026,17.999974
7763,-103.000026,17.999974
7764,-102.500026,17.999974
7765,-94.50002600000005,17.999974
7766,-94.00002600000005,16.999974
7767,-93.50002600000005,17.499974
7768,-93.00002600000005,17.999974
7769,-89.50002600000005,17.499974
7770,-87.50002600000005,17.999974
7771,-78.00002600000005,17.999974
7772,-77.50002600000005,17.999974
7773,-77.00002600000005,17.999974
7774,-76.50002600000005,17.999974
7775,-76.00002600000005,17.999974
7776,-74.00002600000005,17.999974
7777,-73.50002600000005,17.999974
7778,-73.00002600000005,17.999974
7779,-72.50002600000005,17.999974
7780,-72.00002600000005,17.999974
7781,-71.50002600000005,17.999974
7782,-71.00002600000005,17.999974
7783,-70.50002600000005,17.999974
7784,-70.00002600000005,17.999974
7785,-69.50002600000005,17.999974
7786,-69.00002600000005,17.999974
7787,-68.50002600000005,17.999974
7788,-68.00002600000005,17.999974
7789,-67.50002600000005,17.999974
7790,-67.00002600000005,17.999974
7791,-66.50002600000005,17.999974
7792,-66.00002600000005,17.999974
7793,-65.50002600000005,17.999974
7794,-65.00002600000005,17.999974
7795,-64.50002600000005,17.999974
7796,-63.00002600000005,17.999974
7797,-16.00002600000005,17.999974
7798,3.999973999999952,19.999974
7799,4.999973999999952,19.499974
7800,5.499973999999952,20.499974
7801,7.499973999999952,23.999974
7802,20.99997399999995,17.999974
7803,23.49997399999995,19.999974
7804,35.49997399999995,18.499974
7805,37.99997399999995,17.499974
7806,38.99997399999995,17.999974
7807,41.49997399999995,17.999974
7808,41.99997399999995,17.999974
7809,56.49997399999995,17.999974
7810,72.99997399999995,17.999974
7811,83.49997399999995,18.499974
7812,83.99997399999995,18.499974
7813,94.49997399999995,17.999974
7814,106.499974,17.999974
7815,108.999974,17.999974
7816,109.499974,17.999974
7817,109.999974,17.999974
7818,109.999974,18.499974
7819,120.999974,17.999974
7820,121.499974,15.999974
7821,122.499974,17.999974
7822,-100.500026,19.999974
7823,-101.500026,17.499974
7824,-88.50002600000005,17.499974
7825,-77.50002600000005,17.499974
7826,-77.00002600000005,17.499974
7827,-76.50002600000005,17.499974
7828,-76.00002600000005,17.499974
7829,-71.50002600000005,17.499974
7830,-71.00002600000005,17.499974
7831,-66.00002600000005,17.499974
7832,-64.50002600000005,17.499974
7833,-61.50002600000005,17.499974
7834,-16.00002600000005,17.499974
7835,-12.00002600000005,17.499974
7836,-2.600000004804315e-05,21.999974
7837,3.499973999999952,19.499974
7838,35.49997399999995,17.999974
7839,38.49997399999995,17.499974
7840,41.99997399999995,17.499974
7841,42.49997399999995,17.499974
7842,55.49997399999995,17.499974
7843,55.99997399999995,17.499974
7844,56.49997399999995,17.499974
7845,73.49997399999995,17.499974
7846,83.49997399999995,17.499974
7847,83.49997399999995,17.999974
7848,94.49997399999995,17.499974
7849,106.499974,17.499974
7850,120.999974,17.499974
7851,122.499974,17.499974
7852,-101.000026,16.999974
7853,-100.500026,16.999974
7854,-88.00002600000005,16.999974
7855,-62.50002600000005,16.999974
7856,-61.50002600000005,16.999974
7857,-25.00002600000005,16.999974
7858,-15.00002600000005,17.999974
7859,-13.50002600000005,16.499974
7860,-11.50002600000005,16.999974
7861,25.99997399999995,20.499974
7862,35.49997399999995,17.499974
7863,38.49997399999995,16.999974
7864,42.49997399999995,17.499974
7865,54.49997399999995,16.999974
7866,54.99997399999995,16.999974
7867,55.49997399999995,16.999974
7868,73.49997399999995,16.999974
7869,82.99997399999995,16.999974
7870,94.99997399999995,16.999974
7871,96.49997399999995,20.499974
7872,97.49997399999995,16.999974
7873,106.499974,16.999974
7874,107.499974,16.999974
7875,120.499974,16.999974
7876,122.499974,16.999974
7877,-100.000026,16.499974
7878,-99.50002600000003,16.499974
7879,-99.00002600000003,16.499974
7880,-98.50002600000005,16.499974
7881,-88.00002600000005,16.499974
7882,-62.00002600000005,16.499974
7883,-25.00002600000005,16.499974
7884,-24.50002600000005,16.499974
7885,-24.00002600000005,16.499974
7886,-22.50002600000005,16.499974
7887,-16.00002600000005,16.499974
7888,19.49997399999995,20.499974
7889,35.99997399999995,16.499974
7890,36.49997399999995,16.999974
7891,38.99997399999995,16.499974
7892,41.99997399999995,16.499974
7893,42.49997399999995,16.999974
7894,42.99997399999995,16.499974
7895,52.99997399999995,16.499974
7896,53.49997399999995,16.499974
7897,53.99997399999995,16.499974
7898,73.49997399999995,16.499974
7899,82.49997399999995,16.499974
7900,94.49997399999995,16.499974
7901,96.99997399999995,16.499974
7902,97.49997399999995,16.499974
7903,106.999974,16.499974
7904,107.999974,15.999974
7905,120.499974,16.499974
7906,122.499974,16.499974
7907,-98.50002600000005,15.999974
7908,-98.00002600000005,15.999974
7909,-97.50002600000005,15.999974
7910,-95.50002600000005,16.999974
7911,-95.00002600000005,16.499974
7912,-94.00002600000005,15.999974
7913,-93.50002600000005,15.999974
7914,-89.00002600000005,15.999974
7915,-88.00002600000005,15.999974
7916,-86.00002600000005,15.999974
7917,-61.50002600000005,15.999974
7918,-61.00002600000005,15.999974
7919,-22.50002600000005,15.999974
7920,-12.00002600000005,17.499974
7921,-8.000026000000048,18.499974
7922,38.99997399999995,15.999974
7923,40.49997399999995,15.999974
7924,42.99997399999995,15.999974
7925,51.99997399999995,16.999974
7926,52.99997399999995,15.999974
7927,73.49997399999995,15.999974
7928,81.49997399999995,15.999974
7929,80.49997399999995,22.499974
7930,82.49997399999995,15.999974
7931,94.49997399999995,15.999974
7932,95.99997399999995,15.999974
7933,96.49997399999995,15.999974
7934,98.99997399999995,24.999974
7935,108.499974,15.999974
7936,119.999974,15.999974
7937,120.499974,15.499974
7938,122.499974,15.999974
7939,-97.00002600000005,15.499974
7940,-96.50002600000005,15.499974
7941,-96.00002600000005,15.499974
7942,-95.50002600000005,15.499974
7943,-93.50002600000005,15.499974
7944,-93.00002600000005,15.499974
7945,-90.00002600000005,14.999974
7946,-89.00002600000005,14.999974
7947,-87.50002600000005,15.499974
7948,-87.00002600000005,15.499974
7949,-86.50002600000005,15.499974
7950,-86.00002600000005,15.499974
7951,-86.00002600000005,15.499974
7952,-85.50002600000005,15.499974
7953,-85.00002600000005,15.499974
7954,-85.00002600000005,14.999974
7955,-84.00002600000005,15.499974
7956,-61.00002600000005,15.499974
7957,-16.50002600000005,15.499974
7958,-6.000026000000048,15.499974
7959,-5.500026000000048,15.499974
7960,32.49997399999995,14.999974
7961,38.99997399999995,15.499974
7962,40.49997399999995,15.499974
7963,42.99997399999995,15.499974
7964,51.99997399999995,15.499974
7965,73.99997399999995,15.499974
7966,79.99997399999995,16.499974
7967,73.99997399999995,19.499974
7968,81.49997399999995,15.499974
7969,94.49997399999995,15.499974
7970,94.99997399999995,15.499974
7971,97.99997399999995,28.499974
7972,95.99997399999995,15.499974
7973,97.99997399999995,15.499974
7974,107.999974,14.999974
7975,108.999974,15.499974
7976,119.999974,15.499974
7977,121.999974,15.499974
7978,-93.00002600000005,14.999974
7979,-92.50002600000005,14.999974
7980,-83.50002600000005,14.999974
7981,-83.00002600000005,14.999974
7982,-61.00002600000005,14.999974
7983,-24.00002600000005,14.999974
7984,-23.50002600000005,14.999974
7985,-23.00002600000005,14.999974
7986,-17.00002600000005,14.999974
7987,-7.500026000000048,14.999974
7988,-6.000026000000048,13.999974
7989,33.49997399999995,15.999974
7990,39.49997399999995,14.999974
7991,40.49997399999995,14.999974
7992,42.99997399999995,14.999974
7993,50.99997399999995,14.999974
7994,50.99997399999995,15.499974
7995,51.49997399999995,15.499974
7996,73.99997399999995,14.999974
7997,79.49997399999995,14.999974
7998,97.99997399999995,14.999974
7999,108.999974,14.499974
8000,119.999974,14.999974
8001,121.499974,14.999974
8002,-92.50002600000005,14.499974
8003,-92.00002600000005,14.499974
8004,-86.00002600000005,12.999974
8005,-61.00002600000005,14.499974
8006,-60.50002600000005,14.499974
8007,-24.50002600000005,14.499974
8008,-24.00002600000005,14.499974
8009,-23.50002600000005,14.499974
8010,-17.00002600000005,14.499974
8011,-7.500026000000048,13.499974
8012,40.99997399999995,14.499974
8013,41.49997399999995,13.999974
8014,42.99997399999995,14.499974
8015,43.99997399999995,14.999974
8016,48.99997399999995,14.499974
8017,49.99997399999995,14.499974
8018,50.49997399999995,14.499974
8019,74.49997399999995,14.499974
8020,79.49997399999995,14.499974
8021,97.99997399999995,14.499974
8022,109.499974,14.499974
8023,120.499974,14.499974
8024,120.999974,15.499974
8025,121.999974,14.499974
8026,122.499974,14.499974
8027,-92.00002600000005,13.999974
8028,-91.50002600000005,13.999974
8029,-83.00002600000005,13.999974
8030,-60.50002600000005,13.999974
8031,-16.50002600000005,13.999974
8032,40.49997399999995,14.999974
8033,41.99997399999995,13.499974
8034,42.99997399999995,13.999974
8035,43.49997399999995,13.999974
8036,48.49997399999995,13.999974
8037,48.49997399999995,14.499974
8038,74.49997399999995,13.999974
8039,78.99997399999995,14.999974
8040,98.49997399999995,13.999974
8041,109.499974,13.999974
8042,120.499974,13.999974
8043,120.999974,13.999974
8044,121.999974,13.999974
8045,122.499974,13.999974
8046,122.999974,13.999974
8047,123.499974,13.999974
8048,124.499974,13.999974
8049,-91.00002600000005,13.499974
8050,-90.50002600000005,13.499974
8051,-90.00002600000005,13.499974
8052,-89.50002600000005,13.499974
8053,-83.50002600000005,14.499974
8054,-61.00002600000005,13.499974
8055,-60.50002600000005,13.499974
8056,-16.50002600000005,13.999974
8057,42.49997399999995,13.499974
8058,42.99997399999995,13.499974
8059,43.49997399999995,13.499974
8060,47.49997399999995,13.499974
8061,47.49997399999995,14.999974
8062,74.99997399999995,13.499974
8063,79.49997399999995,13.499974
8064,98.49997399999995,13.499974
8065,102.499974,13.499974
8066,108.999974,13.999974
8067,120.499974,13.499974
8068,120.999974,13.499974
8069,121.499974,13.499974
8070,121.999974,13.499974
8071,122.499974,13.499974
8072,122.999974,13.499974
8073,123.499974,13.499974
8074,123.999974,13.499974
8075,124.499974,13.499974
8076,-89.00002600000005,12.999974
8077,-88.00002600000005,13.999974
8078,-88.00002600000005,12.999974
8079,-87.50002600000005,12.999974
8080,-87.00002600000005,13.999974
8081,-84.00002600000005,13.499974
8082,-61.00002600000005,12.999974
8083,-59.50002600000005,12.999974
8084,-59.00002600000005,12.999974
8085,-12.00002600000005,11.999974
8086,7.499973999999952,25.499974
8087,14.49997399999995,12.999974
8088,26.99997399999995,15.499974
8089,42.49997399999995,12.999974
8090,43.49997399999995,12.999974
8091,45.49997399999995,14.499974
8092,45.99997399999995,12.999974
8093,46.49997399999995,12.999974
8094,46.99997399999995,13.499974
8095,74.99997399999995,12.999974
8096,79.99997399999995,12.999974
8097,92.99997399999995,12.999974
8098,93.49997399999995,12.999974
8099,98.49997399999995,12.999974
8100,99.99997399999995,12.999974
8101,99.99997399999995,13.499974
8102,98.99997399999995,19.999974
8103,108.999974,13.999974
8104,120.499974,12.999974
8105,120.999974,12.999974
8106,121.499974,12.999974
8107,121.999974,12.999974
8108,122.499974,12.999974
8109,122.999974,12.999974
8110,123.499974,12.999974
8111,123.999974,12.999974
8112,124.499974,12.999974
8113,-87.50002600000005,12.499974
8114,-87.00002600000005,12.499974
8115,-84.00002600000005,13.499974
8116,-15.00002600000005,13.499974
8117,23.99997399999995,14.999974
8118,20.99997399999995,12.499974
8119,26.49997399999995,14.999974
8120,42.99997399999995,12.499974
8121,43.49997399999995,12.499974
8122,43.99997399999995,12.499974
8123,44.49997399999995,12.499974
8124,44.99997399999995,12.499974
8125,44.99997399999995,12.999974
8126,53.49997399999995,12.499974
8127,53.99997399999995,12.499974
8128,54.49997399999995,12.499974
8129,74.99997399999995,12.499974
8130,79.49997399999995,13.499974
8131,92.99997399999995,12.499974
8132,98.49997399999995,12.499974
8133,98.99997399999995,12.499974
8134,99.99997399999995,12.499974
8135,100.999974,12.499974
8136,101.499974,12.499974
8137,101.999974,12.499974
8138,109.499974,12.499974
8139,120.999974,12.499974
8140,121.499974,12.499974
8141,121.999974,12.499974
8142,122.499974,12.499974
8143,123.499974,12.499974
8144,123.999974,12.499974
8145,124.499974,12.499974
8146,124.999974,12.499974
8147,125.499974,12.499974
8148,-87.00002600000005,11.999974
8149,-86.50002600000005,11.999974
8150,-84.50002600000005,11.999974
8151,-72.00002600000005,11.999974
8152,-71.50002600000005,11.999974
8153,-71.00002600000005,11.999974
8154,-70.00002600000005,11.999974
8155,-69.50002600000005,11.999974
8156,-69.00002600000005,11.999974
8157,-68.50002600000005,11.999974
8158,-68.00002600000005,11.999974
8159,-61.50002600000005,11.999974
8160,-16.50002600000005,11.999974
8161,24.99997399999995,14.499974
8162,25.99997399999995,13.999974
8163,41.49997399999995,11.999974
8164,43.49997399999995,11.999974
8165,52.49997399999995,11.999974
8166,53.49997399999995,11.999974
8167,53.99997399999995,11.999974
8168,54.49997399999995,11.999974
8169,75.49997399999995,11.999974
8170,79.49997399999995,11.999974
8171,80.49997399999995,11.999974
8172,92.99997399999995,11.999974
8173,97.99997399999995,11.999974
8174,98.49997399999995,11.999974
8175,98.99997399999995,12.999974
8176,99.99997399999995,11.999974
8177,102.499974,11.999974
8178,102.999974,11.999974
8179,108.999974,11.999974
8180,119.999974,11.999974
8181,120.499974,11.999974
8182,121.499974,11.999974
8183,121.999974,11.999974
8184,122.499974,11.999974
8185,122.999974,11.999974
8186,123.499974,11.999974
8187,123.999974,11.999974
8188,124.499974,11.999974
8189,124.999974,11.999974
8190,125.499974,11.999974
8191,-86.50002600000005,11.499974
8192,-86.00002600000005,11.499974
8193,-84.00002600000005,11.499974
8194,-72.50002600000005,10.499974
8195,-72.00002600000005,11.499974
8196,-71.50002600000005,11.499974
8197,-71.00002600000005,11.499974
8198,-70.00002600000005,11.499974
8199,-69.50002600000005,11.499974
8200,-16.00002600000005,11.499974
8201,-13.50002600000005,12.999974
8202,42.49997399999995,10.999974
8203,42.99997399999995,10.999974
8204,43.49997399999995,11.499974
8205,50.49997399999995,11.499974
8206,50.99997399999995,11.499974
8207,51.49997399999995,11.499974
8208,75.49997399999995,11.499974
8209,78.99997399999995,11.999974
8210,92.99997399999995,11.499974
8211,98.49997399999995,11.499974
8212,98.99997399999995,11.499974
8213,99.99997399999995,11.499974
8214,102.999974,11.499974
8215,109.499974,11.499974
8216,119.999974,11.499974
8217,120.499974,11.499974
8218,121.999974,11.499974
8219,122.499974,11.499974
8220,122.999974,11.499974
8221,123.499974,11.499974
8222,123.999974,11.499974
8223,124.499974,11.499974
8224,124.999974,11.499974
8225,125.499974,11.499974
8226,-86.00002600000005,10.999974
8227,-85.50002600000005,10.999974
8228,-84.00002600000005,10.999974
8229,-74.50002600000005,10.999974
8230,-74.00002600000005,11.499974
8231,-73.50002600000005,10.999974
8232,-73.00002600000005,10.999974
8233,-72.00002600000005,10.499974
8234,-70.50002600000005,10.499974
8235,-70.00002600000005,10.499974
8236,-69.50002600000005,10.999974
8237,-69.00002600000005,10.999974
8238,-68.50002600000005,10.999974
8239,-68.50002600000005,10.999974
8240,-64.00002600000005,10.999974
8241,-63.50002600000005,10.999974
8242,-60.50002600000005,10.999974
8243,-16.00002600000005,10.999974
8244,-15.50002600000005,10.999974
8245,-15.00002600000005,10.999974
8246,41.99997399999995,11.499974
8247,42.99997399999995,10.999974
8248,42.99997399999995,10.499974
8249,47.49997399999995,10.999974
8250,47.99997399999995,10.999974
8251,48.49997399999995,10.999974
8252,48.99997399999995,10.999974
8253,49.49997399999995,10.999974
8254,49.99997399999995,10.999974
8255,51.49997399999995,10.999974
8256,75.99997399999995,10.999974
8257,78.99997399999995,11.499974
8258,98.99997399999995,10.999974
8259,99.49997399999995,10.999974
8260,99.99997399999995,10.999974
8261,102.999974,10.999974
8262,103.499974,10.999974
8263,108.999974,10.999974
8264,108.999974,11.499974
8265,119.499974,10.999974
8266,119.999974,10.999974
8267,122.499974,10.999974
8268,122.999974,10.999974
8269,123.499974,10.999974
8270,123.999974,10.999974
8271,124.499974,10.999974
8272,124.999974,10.999974
8273,125.499974,10.999974
8274,125.999974,10.999974
8275,-85.50002600000005,10.499974
8276,-86.00002600000005,12.999974
8277,-75.00002600000005,10.499974
8278,-71.50002600000005,10.499974
8279,-71.00002600000005,10.499974
8280,-68.50002600000005,9.999973999999995
8281,-67.00002600000005,10.499974
8282,-66.50002600000005,10.499974
8283,-66.00002600000005,10.499974
8284,-65.00002600000005,10.499974
8285,-64.00002600000005,10.499974
8286,-63.50002600000005,10.499974
8287,-63.00002600000005,10.499974
8288,-62.50002600000005,10.499974
8289,-62.00002600000005,10.499974
8290,-61.50002600000005,10.499974
8291,-61.00002600000005,10.499974
8292,-60.50002600000005,10.499974
8293,-15.00002600000005,10.499974
8294,-14.50002600000005,10.499974
8295,43.99997399999995,10.499974
8296,43.99997399999995,10.499974
8297,45.49997399999995,10.999974
8298,45.99997399999995,10.499974
8299,46.49997399999995,9.999973999999995
8300,46.99997399999995,9.999973999999995
8301,50.99997399999995,10.499974
8302,75.99997399999995,10.499974
8303,77.49997399999995,12.999974
8304,92.49997399999995,10.499974
8305,92.99997399999995,10.499974
8306,98.49997399999995,10.499974
8307,98.99997399999995,10.499974
8308,99.49997399999995,10.499974
8309,103.499974,10.999974
8310,103.999974,10.499974
8311,107.499974,12.499974
8312,107.999974,10.499974
8313,108.499974,10.499974
8314,119.499974,10.499974
8315,119.999974,10.499974
8316,121.999974,10.499974
8317,122.499974,10.499974
8318,122.999974,10.499974
8319,123.499974,10.499974
8320,123.999974,10.499974
8321,124.499974,10.499974
8322,124.999974,10.499974
8323,125.499974,10.499974
8324,-85.50002600000005,9.999973999999995
8325,-85.00002600000005,9.999973999999995
8326,-83.50002600000005,9.499973999999995
8327,-75.50002600000005,9.999973999999995
8328,-72.50002600000005,9.999973999999995
8329,-71.00002600000005,9.999973999999995
8330,-67.50002600000005,9.999973999999995
8331,-66.50002600000005,9.999973999999995
8332,-65.00002600000005,10.499974
8333,-64.50002600000005,9.999973999999995
8334,-64.00002600000005,9.999973999999995
8335,-63.00002600000005,9.999973999999995
8336,-62.00002600000005,9.999973999999995
8337,-61.50002600000005,9.999973999999995
8338,-61.00002600000005,9.999973999999995
8339,-14.50002600000005,9.999973999999995
8340,-14.00002600000005,10.499974
8341,43.99997399999995,9.999973999999995
8342,44.49997399999995,9.499973999999995
8343,50.49997399999995,10.999974
8344,76.99997399999995,9.999973999999995
8345,79.49997399999995,9.999973999999995
8346,79.99997399999995,9.999973999999995
8347,98.49997399999995,9.999973999999995
8348,98.99997399999995,9.999973999999995
8349,99.49997399999995,9.999973999999995
8350,103.999974,9.999973999999995
8351,104.499974,9.999973999999995
8352,104.999974,9.999973999999995
8353,98.99997399999995,27.999974
8354,107.499974,9.999973999999995
8355,118.999974,9.999973999999995
8356,119.499974,9.999973999999995
8357,119.999974,9.999973999999995
8358,121.999974,9.999973999999995
8359,122.999974,9.999973999999995
8360,123.499974,9.999973999999995
8361,123.999974,9.999973999999995
8362,124.499974,9.999973999999995
8363,124.999974,9.999973999999995
8364,125.499974,9.999973999999995
8365,125.999974,9.999973999999995
8366,-85.50002600000005,9.499973999999995
8367,-85.00002600000005,9.499973999999995
8368,-84.50002600000005,9.499973999999995
8369,-83.00002600000005,9.499973999999995
8370,-79.50002600000005,9.499973999999995
8371,-79.00002600000005,9.499973999999995
8372,-75.50002600000005,9.499973999999995
8373,-72.50002600000005,9.499973999999995
8374,-71.00002600000005,9.499973999999995
8375,-62.50002600000005,8.999973999999995
8376,-61.50002600000005,8.999973999999995
8377,-61.00002600000005,8.999973999999995
8378,-13.00002600000005,10.499974
8379,50.49997399999995,9.499973999999995
8380,76.49997399999995,9.499973999999995
8381,78.99997399999995,10.499974
8382,79.99997399999995,9.499973999999995
8383,80.49997399999995,9.499973999999995
8384,98.49997399999995,9.499973999999995
8385,98.99997399999995,9.499973999999995
8386,99.49997399999995,9.499973999999995
8387,99.99997399999995,9.499973999999995
8388,100.499974,9.499973999999995
8389,104.999974,9.499973999999995
8390,105.499974,9.499973999999995
8391,106.999974,9.499973999999995
8392,118.499974,9.499973999999995
8393,118.999974,9.499973999999995
8394,122.499974,9.499973999999995
8395,122.999974,9.499973999999995
8396,123.499974,9.499973999999995
8397,123.999974,9.499973999999995
8398,124.499974,9.499973999999995
8399,124.999974,9.499973999999995
8400,125.499974,9.499973999999995
8401,125.999974,9.499973999999995
8402,126.499974,9.499973999999995
8403,-84.00002600000005,8.999973999999995
8404,-83.50002600000005,8.999973999999995
8405,-82.50002600000005,8.999973999999995
8406,-81.50002600000005,8.999973999999995
8407,-80.50002600000005,8.999973999999995
8408,-80.00002600000005,8.999973999999995
8409,-79.50002600000005,8.999973999999995
8410,-79.00002600000005,8.999973999999995
8411,-78.50002600000005,8.999973999999995
8412,-78.00002600000005,8.999973999999995
8413,-77.50002600000005,8.999973999999995
8414,-76.00002600000005,8.999973999999995
8415,-76.00002600000005,6.999973999999995
8416,-71.50002600000005,9.499973999999995
8417,-71.00002600000005,8.999973999999995
8418,-60.50002600000005,8.999973999999995
8419,-13.00002600000005,8.999973999999995
8420,29.49997399999995,11.999974
8421,29.99997399999995,11.999974
8422,34.49997399999995,9.499973999999995
8423,49.99997399999995,9.999973999999995
8424,76.49997399999995,8.999973999999995
8425,77.99997399999995,9.999973999999995
8426,78.49997399999995,9.499973999999995
8427,79.49997399999995,8.999973999999995
8428,79.99997399999995,8.999973999999995
8429,80.49997399999995,8.999973999999995
8430,80.99997399999995,8.999973999999995
8431,92.99997399999995,8.999973999999995
8432,98.49997399999995,8.999973999999995
8433,98.99997399999995,8.999973999999995
8434,99.49997399999995,8.499973999999995
8435,99.99997399999995,8.999973999999995
8436,100.499974,8.999973999999995
8437,104.999974,8.999973999999995
8438,105.999974,8.999973999999995
8439,106.499974,8.999973999999995
8440,117.999974,8.999973999999995
8441,118.499974,8.999973999999995
8442,118.999974,8.999973999999995
8443,122.999974,8.999973999999995
8444,123.499974,8.999973999999995
8445,123.999974,8.999973999999995
8446,124.999974,8.999973999999995
8447,125.999974,7.999973999999995
8448,125.999974,8.999973999999995
8449,-83.50002600000005,8.999973999999995
8450,-83.00002600000005,8.499973999999995
8451,-81.50002600000005,8.499973999999995
8452,-81.00002600000005,8.499973999999995
8453,-80.50002600000005,8.499973999999995
8454,-79.50002600000005,8.499973999999995
8455,-78.50002600000005,8.499973999999995
8456,-77.50002600000005,8.499973999999995
8457,-77.00002600000005,8.499973999999995
8458,-76.50002600000005,8.499973999999995
8459,-76.00002600000005,8.499973999999995
8460,-69.00002600000005,10.499974
8461,-60.00002600000005,8.499973999999995
8462,-13.00002600000005,8.499973999999995
8463,30.99997399999995,7.499973999999995
8464,49.99997399999995,8.499973999999995
8465,76.99997399999995,8.499973999999995
8466,77.49997399999995,8.499973999999995
8467,79.99997399999995,8.499973999999995
8468,80.99997399999995,7.999973999999995
8469,98.49997399999995,8.499973999999995
8470,99.99997399999995,8.499973999999995
8471,104.999974,8.499973999999995
8472,105.499974,8.499973999999995
8473,117.499974,8.499973999999995
8474,117.999974,8.499973999999995
8475,123.499974,8.499973999999995
8476,123.999974,8.499973999999995
8477,124.499974,8.499973999999995
8478,124.999974,7.999973999999995
8479,126.499974,8.499973999999995
8480,-83.50002600000005,7.999973999999995
8481,-83.00002600000005,7.999973999999995
8482,-82.50002600000005,7.999973999999995
8483,-82.00002600000005,7.999973999999995
8484,-81.50002600000005,7.999973999999995
8485,-80.50002600000005,7.999973999999995
8486,-79.50002600000005,7.999973999999995
8487,-78.50002600000005,7.999973999999995
8488,-78.00002600000005,8.999973999999995
8489,-77.00002600000005,7.999973999999995
8490,-76.50002600000005,7.499973999999995
8491,-60.00002600000005,7.499973999999995
8492,-60.00002600000005,6.999973999999995
8493,-12.50002600000005,8.499973999999995
8494,1.999973999999952,20.499974
8495,45.49997399999995,9.499973999999995
8496,50.49997399999995,7.999973999999995
8497,76.99997399999995,7.999973999999995
8498,77.49997399999995,7.999973999999995
8499,77.99997399999995,7.999973999999995
8500,78.49997399999995,7.999973999999995
8501,79.99997399999995,7.999973999999995
8502,80.99997399999995,7.999973999999995
8503,93.49997399999995,7.999973999999995
8504,98.49997399999995,7.999973999999995
8505,98.99997399999995,7.999973999999995
8506,99.99997399999995,7.999973999999995
8507,117.499974,7.999973999999995
8508,122.499974,7.999973999999995
8509,122.999974,7.999973999999995
8510,123.499974,7.999973999999995
8511,124.499974,7.499973999999995
8512,126.499974,7.999973999999995
8513,-81.50002600000005,7.499973999999995
8514,-81.00002600000005,7.499973999999995
8515,-80.50002600000005,7.499973999999995
8516,-80.00002600000005,7.499973999999995
8517,-78.00002600000005,7.499973999999995
8518,-58.50002600000005,7.499973999999995
8519,-12.50002600000005,7.499973999999995
8520,11.99997399999995,11.499974
8521,38.99997399999995,8.499973999999995
8522,49.49997399999995,7.499973999999995
8523,79.99997399999995,7.499973999999995
8524,81.49997399999995,7.499973999999995
8525,93.49997399999995,7.499973999999995
8526,98.49997399999995,7.499973999999995
8527,99.49997399999995,7.499973999999995
8528,100.499974,7.499973999999995
8529,117.499974,7.499973999999995
8530,122.499974,7.499973999999995
8531,122.999974,7.499973999999995
8532,123.499974,7.499973999999995
8533,123.999974,7.499973999999995
8534,126.999974,7.499973999999995
8535,-81.50002600000005,6.999973999999995
8536,-80.50002600000005,6.999973999999995
8537,-80.00002600000005,6.999973999999995
8538,-78.00002600000005,6.999973999999995
8539,-77.50002600000005,6.999973999999995
8540,-58.50002600000005,6.999973999999995
8541,-12.00002600000005,7.499973999999995
8542,-11.50002600000005,7.499973999999995
8543,49.49997399999995,6.999973999999995
8544,49.99997399999995,6.999973999999995
8545,79.99997399999995,6.999973999999995
8546,81.49997399999995,6.999973999999995
8547,93.99997399999995,6.999973999999995
8548,99.49997399999995,6.999973999999995
8549,99.99997399999995,6.999973999999995
8550,100.499974,6.499973999999995
8551,100.999974,6.499973999999995
8552,116.999974,6.999973999999995
8553,117.499974,6.999973999999995
8554,121.999974,6.999973999999995
8555,122.499974,6.999973999999995
8556,122.999974,6.999973999999995
8557,123.499974,6.999973999999995
8558,124.999974,6.999973999999995
8559,125.499974,6.999973999999995
8560,126.499974,6.999973999999995
8561,-77.50002600000005,6.499973999999995
8562,-77.00002600000005,6.499973999999995
8563,-61.50002600000005,7.999973999999995
8564,-58.00002600000005,5.499973999999995
8565,-57.50002600000005,6.499973999999995
8566,-11.50002600000005,6.999973999999995
8567,-11.00002600000005,6.999973999999995
8568,48.99997399999995,7.499973999999995
8569,79.99997399999995,6.499973999999995
8570,81.99997399999995,6.499973999999995
8571,93.99997399999995,6.499973999999995
8572,99.99997399999995,6.499973999999995
8573,101.499974,5.499973999999995
8574,101.999974,5.999973999999995
8575,116.999974,6.499973999999995
8576,117.499974,6.499973999999995
8577,121.999974,6.499973999999995
8578,122.499974,6.499973999999995
8579,124.499974,6.499973999999995
8580,125.499974,6.499973999999995
8581,125.999974,6.499973999999995
8582,126.499974,6.499973999999995
8583,-77.00002600000005,5.999973999999995
8584,-58.00002600000005,3.999973999999995
8585,-57.00002600000005,4.499973999999995
8586,-10.50002600000005,5.999973999999995
8587,-10.00002600000005,5.999973999999995
8588,0.999973999999952,7.499973999999995
8589,1.499973999999952,6.999973999999995
8590,1.999973999999952,6.999973999999995
8591,2.999973999999952,7.499973999999995
8592,3.499973999999952,5.999973999999995
8593,3.999973999999952,5.999973999999995
8594,4.499973999999952,8.499973999999995
8595,37.99997399999995,6.499973999999995
8596,48.49997399999995,5.999973999999995
8597,80.49997399999995,5.999973999999995
8598,80.99997399999995,5.999973999999995
8599,81.49997399999995,5.999973999999995
8600,81.99997399999995,5.999973999999995
8601,99.99997399999995,5.999973999999995
8602,100.499974,5.999973999999995
8603,101.999974,4.499973999999995
8604,116.499974,5.999973999999995
8605,116.999974,5.999973999999995
8606,120.999974,5.999973999999995
8607,121.499974,5.999973999999995
8608,121.999974,5.999973999999995
8609,122.499974,5.999973999999995
8610,124.499974,5.999973999999995
8611,125.499974,5.999973999999995
8612,125.999974,5.999973999999995
8613,126.499974,5.999973999999995
8614,-77.00002600000005,5.499973999999995
8615,-56.50002600000005,4.499973999999995
8616,-56.00002600000005,3.999973999999995
8617,-55.50002600000005,3.999973999999995
8618,-55.50002600000005,3.999973999999995
8619,-54.50002600000005,4.999973999999995
8620,-54.00002600000005,4.499973999999995
8621,-53.50002600000005,3.999973999999995
8622,-10.00002600000005,5.999973999999995
8623,-9.500026000000048,5.499973999999995
8624,0.499973999999952,5.499973999999995
8625,-2.500026000000048,14.499974
8626,4.999973999999952,5.499973999999995
8627,5.999973999999952,6.999973999999995
8628,48.49997399999995,5.499973999999995
8629,95.49997399999995,5.499973999999995
8630,95.99997399999995,5.499973999999995
8631,100.499974,5.499973999999995
8632,102.999974,5.499973999999995
8633,115.999974,5.499973999999995
8634,116.999974,5.499973999999995
8635,117.999974,5.499973999999995
8636,118.999974,5.499973999999995
8637,120.999974,5.499973999999995
8638,121.499974,5.499973999999995
8639,124.999974,5.499973999999995
8640,125.499974,5.499973999999995
8641,125.999974,5.499973999999995
8642,-77.00002600000005,4.999973999999995
8643,-53.00002600000005,3.999973999999995
8644,-52.50002600000005,4.499973999999995
8645,-9.500026000000048,5.499973999999995
8646,-9.000026000000048,5.499973999999995
8647,-5.500026000000048,4.999973999999995
8648,-5.500026000000048,5.999973999999995
8649,-5.000026000000048,9.999973999999995
8650,-4.000026000000048,4.999973999999995
8651,-4.500026000000048,10.999974
8652,-3.000026000000048,6.499973999999995
8653,-2.500026000000048,6.499973999999995
8654,-1.000026000000048,4.999973999999995
8655,-0.500026000000048,4.999973999999995
8656,-2.600000004804315e-05,4.999973999999995
8657,5.999973999999952,5.499973999999995
8658,48.49997399999995,4.999973999999995
8659,48.99997399999995,4.999973999999995
8660,95.49997399999995,4.999973999999995
8661,96.49997399999995,4.999973999999995
8662,96.99997399999995,4.499973999999995
8663,97.49997399999995,4.999973999999995
8664,97.49997399999995,4.999973999999995
8665,100.499974,4.999973999999995
8666,102.999974,4.499973999999995
8667,115.999974,4.999973999999995
8668,117.999974,4.999973999999995
8669,119.499974,4.999973999999995
8670,119.999974,4.999973999999995
8671,120.499974,4.999973999999995
8672,-77.00002600000005,4.499973999999995
8673,-52.50002600000005,3.499973999999995
8674,-8.500026000000048,4.499973999999995
8675,-8.000026000000048,4.499973999999995
8676,-6.500026000000048,4.499973999999995
8677,-7.000026000000048,8.499973999999995
8678,-2.000026000000048,4.499973999999995
8679,-1.000026000000048,6.999973999999995
8680,5.499973999999952,4.499973999999995
8681,8.999973999999952,6.999973999999995
8682,8.999973999999952,4.499973999999995
8683,34.99997399999995,3.499973999999995
8684,36.99997399999995,3.999973999999995
8685,48.49997399999995,4.499973999999995
8686,95.49997399999995,4.499973999999995
8687,95.99997399999995,4.499973999999995
8688,97.99997399999995,4.499973999999995
8689,100.499974,4.499973999999995
8690,100.999974,4.499973999999995
8691,103.499974,4.499973999999995
8692,114.499974,4.499973999999995
8693,114.999974,4.999973999999995
8694,115.499974,4.499973999999995
8695,118.999974,4.499973999999995
8696,-77.00002600000005,3.999973999999995
8697,-53.00002600000005,1.999973999999995
8698,-51.00002600000005,3.999973999999995
8699,-8.000026000000048,6.999973999999995
8700,-7.000026000000048,3.999973999999995
8701,5.999973999999952,3.999973999999995
8702,6.499973999999952,5.499973999999995
8703,6.999973999999952,3.999973999999995
8704,7.499973999999952,3.999973999999995
8705,7.999973999999952,3.999973999999995
8706,8.999973999999952,4.499973999999995
8707,9.499973999999952,4.499973999999995
8708,10.49997399999995,5.499973999999995
8709,47.99997399999995,3.999973999999995
8710,95.99997399999995,3.999973999999995
8711,96.49997399999995,3.999973999999995
8712,98.49997399999995,3.999973999999995
8713,100.999974,3.999973999999995
8714,103.499974,3.999973999999995
8715,108.499974,3.999973999999995
8716,113.999974,3.999973999999995
8717,117.499974,3.999973999999995
8718,118.499974,3.999973999999995
8719,118.999974,3.999973999999995
8720,126.999974,3.999973999999995
8721,-77.00002600000005,3.499973999999995
8722,-51.00002600000005,3.499973999999995
8723,8.999973999999952,3.499973999999995
8724,10.49997399999995,3.999973999999995
8725,45.49997399999995,9.499973999999995
8726,96.49997399999995,3.999973999999995
8727,96.99997399999995,3.499973999999995
8728,98.99997399999995,2.999973999999995
8729,99.49997399999995,3.499973999999995
8730,100.999974,3.999973999999995
8731,101.499974,3.499973999999995
8732,103.499974,3.499973999999995
8733,108.499974,3.499973999999995
8734,113.499974,3.499973999999995
8735,113.999974,3.499973999999995
8736,116.499974,4.999973999999995
8737,125.499974,3.499973999999995
8738,125.999974,3.499973999999995
8739,126.999974,3.499973999999995
8740,-77.50002600000005,2.999973999999995
8741,-77.00002600000005,2.999973999999995
8742,-51.50002600000005,2.999973999999995
8743,8.499973999999952,2.999973999999995
8744,8.999973999999952,2.999973999999995
8745,9.999973999999952,2.999973999999995
8746,37.49997399999995,8.999973999999995
8747,37.99997399999995,2.999973999999995
8748,46.99997399999995,2.999973999999995
8749,97.49997399999995,2.999973999999995
8750,99.49997399999995,2.999973999999995
8751,98.99997399999995,1.999973999999995
8752,101.499974,2.999973999999995
8753,102.499974,4.999973999999995
8754,106.499974,2.999973999999995
8755,112.999974,2.999973999999995
8756,113.499974,2.999973999999995
8757,116.499974,3.999973999999995
8758,125.999974,2.999973999999995
8759,-78.00002600000005,1.999973999999995
8760,-77.50002600000005,1.999973999999995
8761,-51.00002600000005,2.499973999999995
8762,9.999973999999952,2.499973999999995
8763,46.49997399999995,2.499973999999995
8764,46.99997399999995,2.499973999999995
8765,95.99997399999995,2.499973999999995
8766,97.49997399999995,2.499973999999995
8767,100.499974,1.999973999999995
8768,101.499974,2.499973999999995
8769,101.999974,2.499973999999995
8770,103.499974,1.999973999999995
8771,104.499974,2.499973999999995
8772,105.999974,2.499973999999995
8773,108.999974,2.499973999999995
8774,111.499974,2.499973999999995
8775,111.999974,2.499973999999995
8776,112.499974,2.499973999999995
8777,112.999974,2.499973999999995
8778,113.499974,2.499973999999995
8779,115.999974,3.499973999999995
8780,125.499974,2.499973999999995
8781,128.499974,2.499973999999995
8782,128.999974,2.499973999999995
8783,-78.50002600000005,1.999973999999995
8784,-51.00002600000005,1.499973999999995
8785,-50.00002600000005,1.999973999999995
8786,12.49997399999995,1.999973999999995
8787,45.99997399999995,1.999973999999995
8788,46.49997399999995,1.999973999999995
8789,97.49997399999995,1.999973999999995
8790,97.99997399999995,3.499973999999995
8791,98.49997399999995,1.999973999999995
8792,100.999974,2.499973999999995
8793,101.499974,1.999973999999995
8794,101.999974,1.999973999999995
8795,102.499974,1.999973999999995
8796,102.999974,2.499973999999995
8797,104.499974,1.999973999999995
8798,109.999974,1.999973999999995
8799,114.499974,1.999973999999995
8800,117.499974,1.499973999999995
8801,127.999974,1.999973999999995
8802,128.499974,1.999973999999995
8803,128.999974,1.999973999999995
8804,-78.50002600000005,1.499973999999995
8805,-50.00002600000005,1.499973999999995
8806,7.499973999999952,1.499973999999995
8807,11.49997399999995,1.499973999999995
8808,45.49997399999995,1.499973999999995
8809,98.99997399999995,1.499973999999995
8810,101.999974,1.499973999999995
8811,102.499974,1.499973999999995
8812,102.999974,1.499973999999995
8813,103.499974,1.499973999999995
8814,104.499974,1.499973999999995
8815,109.499974,1.499973999999995
8816,109.999974,1.499973999999995
8817,110.499974,0.9999739999999946
8818,110.999974,1.999973999999995
8819,111.499974,1.499973999999995
8820,118.499974,1.499973999999995
8821,124.999974,1.499973999999995
8822,125.499974,1.499973999999995
8823,127.999974,1.499973999999995
8824,128.999974,1.499973999999995
8825,-79.00002600000005,0.4999739999999946
8826,-78.50002600000005,0.4999739999999946
8827,-51.00002600000005,0.9999739999999946
8828,9.999973999999952,0.9999739999999946
8829,44.49997399999995,0.9999739999999946
8830,44.99997399999995,0.9999739999999946
8831,97.49997399999995,0.9999739999999946
8832,97.99997399999995,0.9999739999999946
8833,99.49997399999995,0.9999739999999946
8834,100.999974,0.4999739999999946
8835,102.999974,0.9999739999999946
8836,103.499974,0.9999739999999946
8837,103.999974,0.9999739999999946
8838,103.999974,1.499973999999995
8839,104.999974,0.9999739999999946
8840,109.499974,0.9999739999999946
8841,118.999974,0.9999739999999946
8842,120.999974,0.9999739999999946
8843,121.499974,0.4999739999999946
8844,121.999974,0.9999739999999946
8845,122.499974,0.9999739999999946
8846,124.499974,0.9999739999999946
8847,124.999974,0.9999739999999946
8848,125.499974,0.9999739999999946
8849,127.499974,0.9999739999999946
8850,127.999974,0.9999739999999946
8851,128.499974,0.9999739999999946
8852,128.999974,0.9999739999999946
8853,-90.50002600000005,0.4999739999999946
8854,-80.00002600000005,0.4999739999999946
8855,-79.50002600000005,-2.600000000541058e-05
8856,-50.50002600000005,0.4999739999999946
8857,-49.50002600000005,0.4999739999999946
8858,9.499973999999952,0.4999739999999946
8859,35.99997399999995,-0.5000260000000054
8860,40.99997399999995,7.499973999999995
8861,39.49997399999995,7.499973999999995
8862,43.99997399999995,0.4999739999999946
8863,97.49997399999995,0.4999739999999946
8864,97.99997399999995,0.4999739999999946
8865,98.99997399999995,0.4999739999999946
8866,99.49997399999995,0.4999739999999946
8867,102.999974,0.4999739999999946
8868,102.999974,0.4999739999999946
8869,103.999974,0.4999739999999946
8870,104.499974,0.4999739999999946
8871,104.999974,0.4999739999999946
8872,108.999974,0.4999739999999946
8873,117.499974,0.4999739999999946
8874,117.999974,0.9999739999999946
8875,118.999974,0.4999739999999946
8876,120.499974,0.4999739999999946
8877,120.999974,0.4999739999999946
8878,122.499974,0.4999739999999946
8879,123.499974,0.4999739999999946
8880,123.999974,0.4999739999999946
8881,124.499974,0.4999739999999946
8882,124.999974,0.4999739999999946
8883,127.499974,0.4999739999999946
8884,127.999974,0.4999739999999946
8885,128.499974,0.4999739999999946
8886,128.999974,0.4999739999999946
8887,-91.00002600000005,-2.600000000541058e-05
8888,-90.00002600000005,-2.600000000541058e-05
8889,-80.00002600000005,-2.600000000541058e-05
8890,-53.50002600000005,2.499973999999995
8891,-49.50002600000005,-2.600000000541058e-05
8892,-49.00002600000005,-2.600000000541058e-05
8893,6.999973999999952,-2.600000000541058e-05
8894,9.999973999999952,-2.600000000541058e-05
8895,39.99997399999995,4.499973999999995
8896,42.49997399999995,0.4999739999999946
8897,43.49997399999995,-2.600000000541058e-05
8898,98.99997399999995,-2.600000000541058e-05
8899,99.49997399999995,-2.600000000541058e-05
8900,103.499974,-2.600000000541058e-05
8901,108.999974,-2.600000000541058e-05
8902,109.499974,-2.600000000541058e-05
8903,117.999974,-2.600000000541058e-05
8904,119.999974,-2.600000000541058e-05
8905,120.499974,-2.600000000541058e-05
8906,120.999974,-2.600000000541058e-05
8907,121.499974,-2.600000000541058e-05
8908,121.999974,-2.600000000541058e-05
8909,122.499974,-2.600000000541058e-05
8910,122.999974,-2.600000000541058e-05
8911,123.499974,-2.600000000541058e-05
8912,123.999974,-2.600000000541058e-05
8913,124.499974,-2.600000000541058e-05
8914,127.499974,-2.600000000541058e-05
8915,127.999974,-2.600000000541058e-05
8916,128.499974,-2.600000000541058e-05
8917,128.999974,-2.600000000541058e-05
8918,-91.50002600000005,-0.5000260000000054
8919,-91.00002600000005,-0.5000260000000054
8920,-90.50002600000005,-0.5000260000000054
8921,-80.00002600000005,-0.5000260000000054
8922,-50.00002600000005,-1.000026000000005
8923,-49.50002600000005,-1.000026000000005
8924,-49.00002600000005,-0.5000260000000054
8925,-48.50002600000005,-0.5000260000000054
8926,-48.00002600000005,-0.5000260000000054
8927,9.499973999999952,-0.5000260000000054
8928,23.49997399999995,8.999973999999995
8929,30.49997399999995,1.999973999999995
8930,42.49997399999995,-0.5000260000000054
8931,98.49997399999995,-0.5000260000000054
8932,98.99997399999995,-0.5000260000000054
8933,99.99997399999995,0.4999739999999946
8934,102.499974,-0.5000260000000054
8935,104.499974,-0.5000260000000054
8936,104.999974,-0.5000260000000054
8937,112.499974,-0.5000260000000054
8938,117.499974,0.4999739999999946
8939,119.999974,-0.5000260000000054
8940,120.499974,-0.5000260000000054
8941,121.999974,-0.5000260000000054
8942,122.499974,-0.5000260000000054
8943,127.499974,-0.5000260000000054
8944,127.999974,-0.5000260000000054
8945,128.499974,-0.5000260000000054
8946,130.499974,-0.5000260000000054
8947,130.999974,-0.5000260000000054
8948,131.499974,-0.5000260000000054
8949,132.499974,-0.5000260000000054
8950,132.999974,-0.5000260000000054
8951,-91.00002600000005,-1.000026000000005
8952,-90.50002600000005,-1.000026000000005
8953,-90.00002600000005,-1.000026000000005
8954,-89.50002600000005,-1.000026000000005
8955,-89.00002600000005,-1.000026000000005
8956,-80.50002600000005,-1.000026000000005
8957,-59.50002600000005,3.499973999999995
8958,-49.00002600000005,-1.000026000000005
8959,-48.00002600000005,-1.000026000000005
8960,-47.50002600000005,-1.500026000000005
8961,-47.00002600000005,-1.500026000000005
8962,-46.50002600000005,-1.500026000000005
8963,-46.00002600000005,-1.000026000000005
8964,8.999973999999952,-1.000026000000005
8965,14.99997399999995,6.499973999999995
8966,36.49997399999995,-1.000026000000005
8967,40.49997399999995,-1.000026000000005
8968,41.99997399999995,-0.5000260000000054
8969,98.49997399999995,-1.000026000000005
8970,98.99997399999995,-1.000026000000005
8971,100.499974,-1.000026000000005
8972,103.499974,-1.000026000000005
8973,103.999974,-1.000026000000005
8974,104.499974,-1.000026000000005
8975,109.499974,-1.000026000000005
8976,116.999974,0.4999739999999946
8977,119.999974,-1.000026000000005
8978,120.499974,-1.000026000000005
8979,121.499974,-1.000026000000005
8980,121.999974,-1.000026000000005
8981,122.499974,-1.000026000000005
8982,122.999974,-1.000026000000005
8983,123.499974,-1.000026000000005
8984,127.499974,-1.000026000000005
8985,127.999974,-1.000026000000005
8986,128.499974,-1.000026000000005
8987,130.499974,-1.000026000000005
8988,130.999974,-1.000026000000005
8989,131.499974,-1.000026000000005
8990,131.999974,-1.000026000000005
8991,133.499974,-1.000026000000005
8992,133.999974,-1.500026000000005
8993,134.499974,-1.000026000000005
8994,135.499974,-1.000026000000005
8995,135.999974,-1.000026000000005
8996,136.499974,-1.000026000000005
8997,-91.00002600000005,-1.500026000000005
8998,-90.00002600000005,-1.500026000000005
8999,-89.50002600000005,-1.500026000000005
9000,-80.50002600000005,-1.500026000000005
9001,-65.50002600000005,2.499973999999995
9002,-48.50002600000005,-1.000026000000005
9003,-48.00002600000005,-1.500026000000005
9004,-47.50002600000005,-5.000026000000005
9005,-45.50002600000005,-2.000026000000005
9006,-45.00002600000005,-1.500026000000005
9007,13.99997399999995,2.499973999999995
9008,17.49997399999995,-1.000026000000005
9009,41.49997399999995,-1.500026000000005
9010,98.99997399999995,-1.500026000000005
9011,99.49997399999995,-1.500026000000005
9012,100.499974,-1.500026000000005
9013,100.999974,-1.500026000000005
9014,103.499974,-1.500026000000005
9015,109.499974,-1.500026000000005
9016,109.999974,-1.500026000000005
9017,116.999974,-1.500026000000005
9018,117.499974,-1.500026000000005
9019,119.999974,-1.000026000000005
9020,120.999974,-2.000026000000005
9021,121.499974,-1.500026000000005
9022,122.499974,-1.500026000000005
9023,122.999974,-1.500026000000005
9024,123.499974,-1.500026000000005
9025,127.499974,-1.500026000000005
9026,127.999974,-1.500026000000005
9027,129.999974,-1.500026000000005
9028,130.999974,-1.500026000000005
9029,131.499974,-1.500026000000005
9030,134.499974,-1.500026000000005
9031,134.999974,-1.500026000000005
9032,135.999974,-1.500026000000005
9033,136.499974,-1.500026000000005
9034,149.999974,-1.500026000000005
9035,-80.50002600000005,-2.000026000000005
9036,-55.00002600000005,1.999973999999995
9037,-52.00002600000005,-2.000026000000005
9038,-46.00002600000005,-3.500026000000005
9039,-44.50002600000005,-2.000026000000005
9040,9.499973999999952,-2.000026000000005
9041,40.99997399999995,-1.500026000000005
9042,41.99997399999995,-2.000026000000005
9043,98.99997399999995,-2.000026000000005
9044,99.49997399999995,-2.000026000000005
9045,100.999974,-2.000026000000005
9046,104.499974,-2.000026000000005
9047,105.499974,-2.000026000000005
9048,105.999974,-2.000026000000005
9049,106.499974,-2.000026000000005
9050,108.999974,-2.000026000000005
9051,110.499974,-1.500026000000005
9052,115.999974,-2.000026000000005
9053,119.499974,-2.000026000000005
9054,121.999974,-2.000026000000005
9055,122.499974,-2.000026000000005
9056,122.999974,-2.000026000000005
9057,123.499974,-2.000026000000005
9058,123.999974,-2.000026000000005
9059,124.499974,-2.000026000000005
9060,124.999974,-2.000026000000005
9061,125.499974,-2.000026000000005
9062,125.999974,-2.000026000000005
9063,126.499974,-2.000026000000005
9064,127.499974,-2.000026000000005
9065,127.999974,-2.000026000000005
9066,128.499974,-2.000026000000005
9067,129.999974,-2.000026000000005
9068,130.499974,-2.000026000000005
9069,131.499974,-1.500026000000005
9070,131.999974,-2.000026000000005
9071,134.499974,-2.000026000000005
9072,135.499974,-2.000026000000005
9073,135.999974,-2.000026000000005
9074,136.499974,-2.000026000000005
9075,136.999974,-2.000026000000005
9076,137.499974,-2.500026000000005
9077,137.999974,-1.500026000000005
9078,138.499974,-2.000026000000005
9079,138.999974,-2.500026000000005
9080,146.999974,-2.000026000000005
9081,147.499974,-2.000026000000005
9082,-80.50002600000005,-2.500026000000005
9083,-79.00002600000005,-1.500026000000005
9084,-76.50002600000005,0.9999739999999946
9085,-74.50002600000005,2.499973999999995
9086,-55.50002600000005,-0.5000260000000054
9087,-45.00002600000005,-2.500026000000005
9088,-44.00002600000005,-2.500026000000005
9089,-43.50002600000005,-2.500026000000005
9090,-43.00002600000005,-3.000026000000005
9091,9.499973999999952,-2.500026000000005
9092,35.49997399999995,-3.000026000000005
9093,40.99997399999995,-2.500026000000005
9094,40.99997399999995,-2.000026000000005
9095,99.99997399999995,-2.500026000000005
9096,100.999974,-2.500026000000005
9097,101.499974,-2.500026000000005
9098,103.999974,-1.500026000000005
9099,105.499974,-3.000026000000005
9100,105.999974,-2.500026000000005
9101,106.499974,-2.500026000000005
9102,110.499974,-2.000026000000005
9103,116.499974,-2.500026000000005
9104,116.999974,-2.500026000000005
9105,119.499974,-3.000026000000005
9106,121.499974,-1.500026000000005
9107,124.499974,-2.500026000000005
9108,125.999974,-2.500026000000005
9109,126.499974,-2.500026000000005
9110,129.999974,-2.500026000000005
9111,130.499974,-2.500026000000005
9112,132.499974,-2.500026000000005
9113,132.999974,-2.500026000000005
9114,133.499974,-2.500026000000005
9115,133.999974,-2.000026000000005
9116,134.499974,-2.500026000000005
9117,136.499974,-2.500026000000005
9118,136.999974,-2.500026000000005
9119,139.499974,-2.500026000000005
9120,139.999974,-3.000026000000005
9121,140.499974,-3.000026000000005
9122,146.999974,-2.500026000000005
9123,147.499974,-2.500026000000005
9124,147.999974,-2.500026000000005
9125,150.499974,-2.500026000000005
9126,-80.00002600000005,-3.000026000000005
9127,-79.50002600000005,-3.000026000000005
9128,-62.00002600000005,-1.000026000000005
9129,-55.00002600000005,-14.00002600000001
9130,-44.50002600000005,-5.500026000000005
9131,-44.00002600000005,-3.500026000000005
9132,-43.50002600000005,-3.000026000000005
9133,-43.00002600000005,-3.000026000000005
9134,-42.00002600000005,-3.000026000000005
9135,-41.50002600000005,-3.000026000000005
9136,-41.00002600000005,-3.500026000000005
9137,-40.50002600000005,-4.000026000000005
9138,-40.00002600000005,-3.500026000000005
9139,-39.50002600000005,-3.000026000000005
9140,9.999973999999952,-2.500026000000005
9141,11.99997399999995,-3.000026000000005
9142,15.99997399999995,1.499973999999995
9143,38.99997399999995,-3.000026000000005
9144,40.49997399999995,-2.500026000000005
9145,99.99997399999995,-3.000026000000005
9146,100.499974,-3.000026000000005
9147,101.499974,-3.000026000000005
9148,105.999974,-3.000026000000005
9149,106.499974,-3.000026000000005
9150,106.999974,-3.000026000000005
9151,107.499974,-3.000026000000005
9152,107.999974,-3.000026000000005
9153,108.499974,-3.000026000000005
9154,110.499974,-2.500026000000005
9155,111.499974,-2.500026000000005
9156,111.999974,-3.000026000000005
9157,115.999974,-3.000026000000005
9158,118.999974,-3.000026000000005
9159,120.499974,-3.000026000000005
9160,120.999974,-2.000026000000005
9161,122.499974,-3.000026000000005
9162,128.499974,-3.000026000000005
9163,128.999974,-3.000026000000005
9164,129.499974,-3.000026000000005
9165,129.999974,-3.000026000000005
9166,132.499974,-3.000026000000005
9167,132.999974,-3.000026000000005
9168,134.999974,-3.000026000000005
9169,135.999974,-3.000026000000005
9170,136.499974,-3.000026000000005
9171,140.999974,-3.000026000000005
9172,141.499974,-3.000026000000005
9173,141.999974,-3.000026000000005
9174,150.499974,-3.000026000000005
9175,150.999974,-3.000026000000005
9176,151.499974,-3.000026000000005
9177,151.999974,-3.000026000000005
9178,152.499974,-3.000026000000005
9179,-80.00002600000005,-3.000026000000005
9180,-79.50002600000005,-3.500026000000005
9181,-61.00002600000005,-2.500026000000005
9182,-59.50002600000005,-2.500026000000005
9183,-39.50002600000005,-4.000026000000005
9184,-39.00002600000005,-4.500026000000005
9185,-38.50002600000005,-3.500026000000005
9186,10.49997399999995,-3.500026000000005
9187,10.99997399999995,-3.500026000000005
9188,18.99997399999995,-12.00002600000001
9189,36.49997399999995,-3.500026000000005
9190,37.49997399999995,-1.000026000000005
9191,100.499974,-3.500026000000005
9192,101.999974,-2.500026000000005
9193,105.499974,-3.500026000000005
9194,106.499974,-3.500026000000005
9195,106.999974,-3.500026000000005
9196,107.999974,-3.500026000000005
9197,108.499974,-3.500026000000005
9198,110.999974,-2.500026000000005
9199,111.499974,-3.500026000000005
9200,111.999974,-3.500026000000005
9201,111.999974,-1.500026000000005
9202,112.499974,-1.500026000000005
9203,112.999974,-0.5000260000000054
9204,113.499974,-1.000026000000005
9205,113.999974,-1.000026000000005
9206,114.999974,0.4999739999999946
9207,115.999974,-3.500026000000005
9208,118.999974,-3.500026000000005
9209,120.499974,-3.500026000000005
9210,120.999974,-3.500026000000005
9211,121.999974,-3.500026000000005
9212,126.499974,-3.500026000000005
9213,126.999974,-3.500026000000005
9214,127.499974,-3.500026000000005
9215,127.999974,-3.500026000000005
9216,128.499974,-3.500026000000005
9217,128.999974,-3.500026000000005
9218,129.499974,-3.500026000000005
9219,129.999974,-3.500026000000005
9220,130.499974,-3.500026000000005
9221,130.999974,-3.500026000000005
9222,132.499974,-3.500026000000005
9223,132.999974,-3.500026000000005
9224,133.999974,-3.500026000000005
9225,134.999974,-3.500026000000005
9226,135.499974,-4.000026000000005
9227,135.999974,-4.000026000000005
9228,142.499974,-3.500026000000005
9229,142.999974,-3.500026000000005
9230,143.499974,-3.500026000000005
9231,151.499974,-3.500026000000005
9232,151.999974,-3.500026000000005
9233,152.499974,-3.500026000000005
9234,152.999974,-3.500026000000005
9235,153.499974,-3.500026000000005
9236,-80.50002600000005,-4.000026000000005
9237,-64.00002600000005,-2.000026000000005
9238,-60.00002600000005,-7.500026000000005
9239,-38.50002600000005,-4.000026000000005
9240,-38.00002600000005,-4.000026000000005
9241,10.99997399999995,-4.000026000000005
9242,11.49997399999995,-4.000026000000005
9243,35.49997399999995,-4.000026000000005
9244,35.99997399999995,-3.000026000000005
9245,39.99997399999995,-4.000026000000005
9246,102.499974,-4.000026000000005
9247,105.999974,-4.000026000000005
9248,111.999974,-4.000026000000005
9249,114.999974,-4.000026000000005
9250,115.499974,-4.000026000000005
9251,115.999974,-4.000026000000005
9252,116.499974,-4.000026000000005
9253,118.999974,-4.000026000000005
9254,119.499974,-4.000026000000005
9255,120.499974,-4.000026000000005
9256,120.999974,-4.000026000000005
9257,121.499974,-4.000026000000005
9258,121.499974,-3.500026000000005
9259,123.499974,-4.000026000000005
9260,126.499974,-4.000026000000005
9261,126.999974,-4.000026000000005
9262,127.499974,-4.000026000000005
9263,127.999974,-4.000026000000005
9264,128.499974,-4.000026000000005
9265,128.999974,-4.000026000000005
9266,130.499974,-4.000026000000005
9267,130.999974,-4.000026000000005
9268,132.999974,-4.000026000000005
9269,133.499974,-4.000026000000005
9270,133.999974,-4.000026000000005
9271,134.499974,-4.000026000000005
9272,143.999974,-4.000026000000005
9273,144.499974,-5.500026000000005
9274,144.999974,-4.000026000000005
9275,152.499974,-4.000026000000005
9276,152.999974,-4.000026000000005
9277,-81.00002600000005,-4.500026000000005
9278,-63.00002600000005,-6.500026000000005
9279,-39.00002600000005,-5.000026000000005
9280,-38.00002600000005,-5.000026000000005
9281,11.49997399999995,-4.000026000000005
9282,12.99997399999995,-2.000026000000005
9283,39.49997399999995,-3.500026000000005
9284,102.499974,-4.500026000000005
9285,102.999974,-4.500026000000005
9286,103.499974,-4.500026000000005
9287,105.499974,-3.500026000000005
9288,114.999974,-4.500026000000005
9289,116.499974,-4.500026000000005
9290,119.999974,-4.500026000000005
9291,120.499974,-4.500026000000005
9292,121.999974,-4.500026000000005
9293,122.499974,-4.500026000000005
9294,122.999974,-4.500026000000005
9295,123.499974,-4.500026000000005
9296,132.999974,-4.500026000000005
9297,133.499974,-4.500026000000005
9298,134.999974,-4.500026000000005
9299,135.499974,-4.500026000000005
9300,135.999974,-4.500026000000005
9301,145.499974,-4.500026000000005
9302,151.999974,-4.500026000000005
9303,152.499974,-4.500026000000005
9304,152.999974,-4.500026000000005
9305,153.499974,-4.500026000000005
9306,153.999974,-4.500026000000005
9307,-80.50002600000005,-4.500026000000005
9308,-78.00002600000005,-1.000026000000005
9309,-38.00002600000005,-6.000026000000005
9310,-36.50002600000005,-5.000026000000005
9311,11.99997399999995,-5.000026000000005
9312,36.99997399999995,-5.000026000000005
9313,37.49997399999995,-5.500026000000005
9314,38.99997399999995,-5.000026000000005
9315,39.99997399999995,-5.000026000000005
9316,103.499974,-5.000026000000005
9317,105.499974,-5.000026000000005
9318,119.999974,-5.000026000000005
9319,120.499974,-5.000026000000005
9320,121.499974,-5.000026000000005
9321,121.999974,-5.000026000000005
9322,122.499974,-5.000026000000005
9323,122.999974,-5.000026000000005
9324,123.499974,-5.000026000000005
9325,135.999974,-5.000026000000005
9326,136.499974,-5.000026000000005
9327,136.999974,-5.000026000000005
9328,145.999974,-5.000026000000005
9329,146.499974,-5.000026000000005
9330,150.499974,-5.000026000000005
9331,151.499974,-5.000026000000005
9332,151.999974,-5.000026000000005
9333,152.499974,-5.000026000000005
9334,152.999974,-5.000026000000005
9335,153.499974,-5.000026000000005
9336,-81.00002600000005,-5.500026000000005
9337,-74.50002600000005,-7.000026000000005
9338,-47.50002600000005,-5.000026000000005
9339,-36.50002600000005,-6.000026000000005
9340,-36.00002600000005,-5.500026000000005
9341,-35.50002600000005,-5.500026000000005
9342,-35.00002600000005,-5.500026000000005
9343,12.49997399999995,-5.500026000000005
9344,36.99997399999995,-6.000026000000005
9345,37.49997399999995,-3.500026000000005
9346,39.99997399999995,-5.500026000000005
9347,102.499974,-5.500026000000005
9348,103.999974,-5.500026000000005
9349,104.999974,-5.500026000000005
9350,119.499974,-5.500026000000005
9351,120.499974,-5.500026000000005
9352,121.999974,-5.500026000000005
9353,122.499974,-5.500026000000005
9354,122.999974,-5.500026000000005
9355,123.499974,-5.500026000000005
9356,133.499974,-5.500026000000005
9357,134.499974,-5.500026000000005
9358,134.999974,-5.500026000000005
9359,137.499974,-5.500026000000005
9360,137.999974,-5.500026000000005
9361,138.499974,-4.000026000000005
9362,145.999974,-5.500026000000005
9363,147.499974,-5.500026000000005
9364,147.999974,-5.500026000000005
9365,148.499974,-5.500026000000005
9366,148.999974,-5.500026000000005
9367,149.499974,-6.000026000000005
9368,149.999974,-6.000026000000005
9369,150.499974,-5.500026000000005
9370,150.499974,-5.500026000000005
9371,151.499974,-5.500026000000005
9372,152.499974,-5.500026000000005
9373,154.999974,-5.500026000000005
9374,-80.00002600000005,-4.500026000000005
9375,-48.00002600000005,-5.500026000000005
9376,-36.00002600000005,-6.000026000000005
9377,12.49997399999995,-6.000026000000005
9378,29.49997399999995,-3.000026000000005
9379,38.49997399999995,-6.000026000000005
9380,39.49997399999995,-6.000026000000005
9381,104.499974,-6.000026000000005
9382,104.499974,-5.500026000000005
9383,105.499974,-6.000026000000005
9384,105.999974,-6.000026000000005
9385,106.499974,-6.500026000000005
9386,107.499974,-6.000026000000005
9387,112.999974,-6.000026000000005
9388,119.499974,-6.000026000000005
9389,119.999974,-6.000026000000005
9390,120.499974,-6.000026000000005
9391,122.999974,-6.000026000000005
9392,132.999974,-6.000026000000005
9393,133.499974,-6.000026000000005
9394,134.499974,-6.000026000000005
9395,134.999974,-6.000026000000005
9396,138.999974,-3.500026000000005
9397,146.499974,-6.000026000000005
9398,146.999974,-6.500026000000005
9399,147.499974,-6.000026000000005
9400,147.999974,-6.000026000000005
9401,148.499974,-6.000026000000005
9402,148.999974,-6.000026000000005
9403,151.499974,-6.000026000000005
9404,151.999974,-6.000026000000005
9405,154.999974,-6.000026000000005
9406,155.499974,-6.000026000000005
9407,-81.00002600000005,-6.500026000000005
9408,-80.50002600000005,-6.500026000000005
9409,-35.50002600000005,-6.500026000000005
9410,-34.50002600000005,-6.500026000000005
9411,12.49997399999995,-6.000026000000005
9412,26.99997399999995,-6.000026000000005
9413,35.49997399999995,-6.000026000000005
9414,36.49997399999995,-5.500026000000005
9415,39.49997399999995,-6.500026000000005
9416,39.99997399999995,-6.500026000000005
9417,105.999974,-6.500026000000005
9418,106.999974,-7.000026000000005
9419,107.499974,-6.000026000000005
9420,107.999974,-6.500026000000005
9421,108.499974,-7.000026000000005
9422,110.999974,-6.500026000000005
9423,120.499974,-6.500026000000005
9424,134.499974,-6.500026000000005
9425,134.999974,-6.500026000000005
9426,138.499974,-6.500026000000005
9427,147.999974,-6.500026000000005
9428,149.499974,-6.500026000000005
9429,149.999974,-6.500026000000005
9430,150.499974,-6.500026000000005
9431,150.999974,-6.500026000000005
9432,154.999974,-6.500026000000005
9433,155.499974,-6.500026000000005
9434,155.999974,-6.500026000000005
9435,-80.00002600000005,-6.500026000000005
9436,-79.50002600000005,-7.000026000000005
9437,-35.00002600000005,-7.000026000000005
9438,12.99997399999995,-7.000026000000005
9439,38.99997399999995,-7.000026000000005
9440,105.499974,-7.000026000000005
9441,105.999974,-7.000026000000005
9442,106.499974,-7.000026000000005
9443,108.999974,-7.000026000000005
9444,109.499974,-7.000026000000005
9445,109.999974,-7.000026000000005
9446,110.499974,-7.000026000000005
9447,110.999974,-7.500026000000005
9448,111.499974,-7.000026000000005
9449,111.999974,-7.000026000000005
9450,112.499974,-7.000026000000005
9451,112.499974,-7.000026000000005
9452,113.499974,-7.000026000000005
9453,113.999974,-7.000026000000005
9454,114.499974,-7.000026000000005
9455,115.499974,-7.000026000000005
9456,131.999974,-7.000026000000005
9457,134.499974,-7.000026000000005
9458,134.999974,-7.000026000000005
9459,138.999974,-7.000026000000005
9460,146.499974,-6.000026000000005
9461,147.499974,-7.000026000000005
9462,147.499974,-6.500026000000005
9463,155.499974,-7.000026000000005
9464,155.999974,-7.000026000000005
9465,156.499974,-7.000026000000005
9466,156.999974,-7.000026000000005
9467,157.499974,-7.000026000000005
9468,-79.50002600000005,-7.500026000000005
9469,-36.50002600000005,-8.000026000000005
9470,12.99997399999995,-7.500026000000005
9471,39.49997399999995,-7.500026000000005
9472,106.499974,-7.500026000000005
9473,106.999974,-7.500026000000005
9474,107.499974,-7.500026000000005
9475,107.999974,-7.500026000000005
9476,112.999974,-7.500026000000005
9477,113.499974,-7.500026000000005
9478,113.999974,-7.500026000000005
9479,114.499974,-7.500026000000005
9480,120.999974,-7.500026000000005
9481,121.999974,-7.500026000000005
9482,128.999974,-7.500026000000005
9483,131.499974,-7.500026000000005
9484,131.999974,-7.500026000000005
9485,138.499974,-7.500026000000005
9486,138.999974,-7.500026000000005
9487,139.999974,-7.000026000000005
9488,146.999974,-7.500026000000005
9489,155.999974,-7.500026000000005
9490,156.999974,-7.500026000000005
9491,157.499974,-7.500026000000005
9492,157.999974,-7.500026000000005
9493,-79.00002600000005,-8.000026000000005
9494,-35.00002600000005,-8.000026000000005
9495,14.99997399999995,-7.000026000000005
9496,34.99997399999995,-6.000026000000005
9497,39.99997399999995,-8.000026000000005
9498,107.999974,-8.000026000000005
9499,108.499974,-8.000026000000005
9500,108.999974,-7.500026000000005
9501,109.499974,-8.000026000000005
9502,109.999974,-8.000026000000005
9503,111.999974,-8.000026000000005
9504,113.499974,-8.000026000000005
9505,113.999974,-8.000026000000005
9506,114.499974,-8.000026000000005
9507,125.999974,-8.000026000000005
9508,126.499974,-8.000026000000005
9509,126.999974,-8.000026000000005
9510,127.499974,-8.000026000000005
9511,129.999974,-8.000026000000005
9512,130.999974,-8.000026000000005
9513,131.499974,-8.000026000000005
9514,131.999974,-8.000026000000005
9515,137.999974,-8.000026000000005
9516,138.499974,-8.000026000000005
9517,143.499974,-7.500026000000005
9518,143.499974,-6.000026000000005
9519,144.999974,-8.000026000000005
9520,144.499974,-5.500026000000005
9521,145.999974,-8.000026000000005
9522,147.499974,-8.000026000000005
9523,147.499974,-8.500026000000005
9524,156.999974,-8.000026000000005
9525,157.499974,-8.000026000000005
9526,157.999974,-8.000026000000005
9527,158.999974,-8.000026000000005
9528,159.499974,-8.000026000000005
9529,-79.00002600000005,-8.500026000000005
9530,-78.50002600000005,-8.500026000000005
9531,-36.50002600000005,-8.500026000000005
9532,13.49997399999995,-8.500026000000005
9533,33.49997399999995,-7.500026000000005
9534,39.49997399999995,-8.500026000000005
9535,110.499974,-8.500026000000005
9536,110.999974,-8.500026000000005
9537,111.499974,-8.500026000000005
9538,111.999974,-8.500026000000005
9539,112.499974,-8.500026000000005
9540,112.999974,-8.500026000000005
9541,113.499974,-8.500026000000005
9542,113.999974,-8.500026000000005
9543,114.499974,-8.500026000000005
9544,114.999974,-8.500026000000005
9545,115.499974,-8.500026000000005
9546,115.999974,-8.500026000000005
9547,116.499974,-8.500026000000005
9548,116.999974,-8.500026000000005
9549,117.499974,-8.500026000000005
9550,117.999974,-8.500026000000005
9551,118.499974,-8.500026000000005
9552,118.999974,-8.500026000000005
9553,119.499974,-8.500026000000005
9554,119.999974,-8.500026000000005
9555,120.499974,-8.500026000000005
9556,120.999974,-8.500026000000005
9557,121.499974,-8.500026000000005
9558,122.999974,-8.500026000000005
9559,123.499974,-8.500026000000005
9560,123.999974,-8.500026000000005
9561,124.499974,-8.500026000000005
9562,124.999974,-8.500026000000005
9563,125.499974,-8.500026000000005
9564,125.999974,-8.500026000000005
9565,126.499974,-8.500026000000005
9566,126.999974,-8.500026000000005
9567,127.499974,-8.500026000000005
9568,127.999974,-8.500026000000005
9569,128.499974,-8.500026000000005
9570,128.999974,-8.500026000000005
9571,129.999974,-8.500026000000005
9572,130.999974,-8.500026000000005
9573,131.499974,-8.500026000000005
9574,137.999974,-8.500026000000005
9575,138.499974,-8.500026000000005
9576,138.999974,-8.500026000000005
9577,139.499974,-8.500026000000005
9578,139.999974,-8.000026000000005
9579,140.499974,-8.000026000000005
9580,143.499974,-5.500026000000005
9581,143.499974,-8.000026000000005
9582,146.499974,-8.500026000000005
9583,147.999974,-8.500026000000005
9584,151.499974,-8.500026000000005
9585,156.999974,-8.500026000000005
9586,157.499974,-8.500026000000005
9587,157.999974,-8.500026000000005
9588,159.499974,-8.500026000000005
9589,159.999974,-8.500026000000005
9590,160.999974,-8.500026000000005
9591,-77.50002600000005,-9.500026000000005
9592,-36.00002600000005,-9.000026000000005
9593,-34.50002600000005,-9.000026000000005
9594,13.49997399999995,-9.000026000000005
9595,37.99997399999995,-10.00002600000001
9596,113.999974,-9.000026000000005
9597,114.499974,-9.000026000000005
9598,114.999974,-9.000026000000005
9599,115.499974,-9.000026000000005
9600,115.999974,-9.000026000000005
9601,116.499974,-9.000026000000005
9602,116.999974,-9.000026000000005
9603,117.499974,-9.000026000000005
9604,117.999974,-9.000026000000005
9605,118.499974,-9.000026000000005
9606,118.999974,-9.000026000000005
9607,119.499974,-9.000026000000005
9608,119.999974,-9.000026000000005
9609,120.499974,-9.000026000000005
9610,120.999974,-9.000026000000005
9611,121.499974,-9.000026000000005
9612,121.999974,-9.000026000000005
9613,122.499974,-9.000026000000005
9614,122.999974,-9.000026000000005
9615,123.499974,-9.000026000000005
9616,123.999974,-9.000026000000005
9617,124.499974,-9.000026000000005
9618,124.999974,-9.000026000000005
9619,125.499974,-9.000026000000005
9620,125.999974,-9.000026000000005
9621,126.499974,-9.000026000000005
9622,126.999974,-9.000026000000005
9623,127.499974,-9.000026000000005
9624,140.499974,-8.500026000000005
9625,140.999974,-9.000026000000005
9626,143.499974,-9.000026000000005
9627,143.999974,-9.000026000000005
9628,146.499974,-9.000026000000005
9629,146.999974,-9.000026000000005
9630,148.499974,-9.000026000000005
9631,151.499974,-9.000026000000005
9632,152.999974,-9.000026000000005
9633,157.499974,-9.000026000000005
9634,157.999974,-9.000026000000005
9635,158.499974,-9.000026000000005
9636,160.999974,-9.000026000000005
9637,161.499974,-9.000026000000005
9638,-78.50002600000005,-9.500026000000005
9639,-35.50002600000005,-9.500026000000005
9640,-35.00002600000005,-9.500026000000005
9641,15.99997399999995,-8.000026000000005
9642,39.49997399999995,-9.500026000000005
9643,116.999974,-9.500026000000005
9644,117.499974,-9.500026000000005
9645,119.499974,-9.500026000000005
9646,119.999974,-9.500026000000005
9647,120.499974,-9.500026000000005
9648,123.999974,-9.500026000000005
9649,124.499974,-9.500026000000005
9650,125.499974,-9.500026000000005
9651,125.999974,-9.500026000000005
9652,126.499974,-9.500026000000005
9653,140.999974,-9.500026000000005
9654,141.499974,-9.500026000000005
9655,141.999974,-9.500026000000005
9656,142.499974,-9.000026000000005
9657,142.999974,-9.500026000000005
9658,143.499974,-9.500026000000005
9659,147.499974,-8.500026000000005
9660,148.999974,-9.500026000000005
9661,149.499974,-9.500026000000005
9662,150.499974,-9.500026000000005
9663,150.999974,-9.500026000000005
9664,152.999974,-9.500026000000005
9665,159.499974,-9.500026000000005
9666,159.999974,-9.500026000000005
9667,160.499974,-9.500026000000005
9668,160.999974,-9.500026000000005
9669,161.499974,-9.500026000000005
9670,-78.00002600000005,-10.00002600000001
9671,-36.00002600000005,-9.500026000000005
9672,13.49997399999995,-10.00002600000001
9673,39.99997399999995,-10.00002600000001
9674,118.999974,-10.00002600000001
9675,119.499974,-10.00002600000001
9676,119.999974,-10.00002600000001
9677,120.499974,-10.00002600000001
9678,120.999974,-10.00002600000001
9679,123.999974,-10.00002600000001
9680,124.999974,-10.00002600000001
9681,147.499974,-10.00002600000001
9682,149.499974,-10.00002600000001
9683,149.999974,-10.00002600000001
9684,150.999974,-10.00002600000001
9685,151.499974,-10.00002600000001
9686,159.999974,-10.00002600000001
9687,160.499974,-10.00002600000001
9688,160.999974,-10.00002600000001
9689,161.499974,-10.00002600000001
9690,161.999974,-10.00002600000001
9691,-78.00002600000005,-10.50002600000001
9692,-37.00002600000005,-8.000026000000005
9693,13.99997399999995,-9.500026000000005
9694,38.99997399999995,-10.50002600000001
9695,37.49997399999995,-13.00002600000001
9696,120.499974,-10.50002600000001
9697,120.999974,-10.50002600000001
9698,121.999974,-10.50002600000001
9699,123.499974,-10.50002600000001
9700,123.999974,-10.50002600000001
9701,124.499974,-10.50002600000001
9702,142.499974,-10.50002600000001
9703,147.999974,-10.50002600000001
9704,148.499974,-10.50002600000001
9705,148.999974,-10.50002600000001
9706,149.499974,-10.50002600000001
9707,149.999974,-10.50002600000001
9708,150.499974,-10.50002600000001
9709,150.999974,-10.50002600000001
9710,151.499974,-10.50002600000001
9711,161.499974,-10.50002600000001
9712,161.999974,-10.50002600000001
9713,162.499974,-10.50002600000001
9714,-77.50002600000005,-11.00002600000001
9715,-65.50002600000005,-11.50002600000001
9716,-65.00002600000005,-12.00002600000001
9717,-37.00002600000005,-11.00002600000001
9718,-37.00002600000005,-10.50002600000001
9719,14.99997399999995,-11.50002600000001
9720,40.99997399999995,-11.00002600000001
9721,121.999974,-11.00002600000001
9722,122.999974,-11.00002600000001
9723,123.499974,-11.00002600000001
9724,142.499974,-11.00002600000001
9725,142.999974,-11.00002600000001
9726,149.999974,-11.00002600000001
9727,150.499974,-11.00002600000001
9728,150.999974,-11.00002600000001
9729,152.999974,-11.00002600000001
9730,161.999974,-11.00002600000001
9731,162.499974,-11.00002600000001
9732,165.999974,-11.00002600000001
9733,166.499974,-11.00002600000001
9734,-77.00002600000005,-11.00002600000001
9735,-37.50002600000005,-11.00002600000001
9736,14.49997399999995,-11.50002600000001
9737,39.99997399999995,-11.50002600000001
9738,43.49997399999995,-11.50002600000001
9739,130.499974,-11.50002600000001
9740,130.999974,-11.50002600000001
9741,131.499974,-11.50002600000001
9742,131.999974,-11.50002600000001
9743,132.499974,-11.50002600000001
9744,132.999974,-11.50002600000001
9745,136.999974,-11.50002600000001
9746,142.499974,-11.50002600000001
9747,142.999974,-11.50002600000001
9748,153.499974,-11.50002600000001
9749,154.499974,-11.50002600000001
9750,-77.00002600000005,-11.50002600000001
9751,-38.00002600000005,-11.50002600000001
9752,-37.50002600000005,-11.50002600000001
9753,14.49997399999995,-12.00002600000001
9754,37.49997399999995,-13.50002600000001
9755,43.49997399999995,-12.00002600000001
9756,130.499974,-12.00002600000001
9757,130.999974,-12.00002600000001
9758,131.499974,-12.00002600000001
9759,132.499974,-12.00002600000001
9760,132.999974,-12.00002600000001
9761,133.499974,-12.00002600000001
9762,133.999974,-12.50002600000001
9763,134.499974,-12.00002600000001
9764,135.999974,-12.00002600000001
9765,136.499974,-12.00002600000001
9766,141.999974,-12.00002600000001
9767,142.999974,-12.00002600000001
9768,143.499974,-12.00002600000001
9769,153.499974,-12.00002600000001
9770,153.999974,-12.00002600000001
9771,160.499974,-12.00002600000001
9772,160.999974,-12.00002600000001
9773,166.999974,-12.00002600000001
9774,-77.00002600000005,-12.00002600000001
9775,-76.50002600000005,-12.50002600000001
9776,-65.00002600000005,-14.00002600000001
9777,-63.00002600000005,-11.00002600000001
9778,-38.00002600000005,-12.00002600000001
9779,14.49997399999995,-12.00002600000001
9780,40.49997399999995,-12.50002600000001
9781,43.99997399999995,-12.50002600000001
9782,44.49997399999995,-12.50002600000001
9783,44.99997399999995,-12.50002600000001
9784,48.99997399999995,-12.50002600000001
9785,49.49997399999995,-12.50002600000001
9786,49.99997399999995,-12.50002600000001
9787,130.999974,-12.50002600000001
9788,131.499974,-13.50002600000001
9789,131.999974,-13.50002600000001
9790,132.499974,-12.00002600000001
9791,132.999974,-12.50002600000001
9792,133.999974,-13.50002600000001
9793,134.999974,-13.00002600000001
9794,134.999974,-13.50002600000001
9795,135.999974,-12.50002600000001
9796,136.499974,-12.50002600000001
9797,136.999974,-12.50002600000001
9798,142.999974,-12.50002600000001
9799,143.499974,-12.50002600000001
9800,-76.50002600000005,-13.00002600000001
9801,-39.00002600000005,-12.00002600000001
9802,-38.00002600000005,-12.50002600000001
9803,13.99997399999995,-12.50002600000001
9804,38.99997399999995,-13.00002600000001
9805,45.49997399999995,-13.00002600000001
9806,48.99997399999995,-13.00002600000001
9807,49.49997399999995,-13.00002600000001
9808,130.499974,-13.00002600000001
9809,136.999974,-13.00002600000001
9810,141.999974,-13.00002600000001
9811,143.499974,-13.00002600000001
9812,-76.00002600000005,-13.50002600000001
9813,-40.00002600000005,-13.50002600000001
9814,12.99997399999995,-13.50002600000001
9815,36.49997399999995,-15.50002600000001
9816,48.49997399999995,-13.50002600000001
9817,49.49997399999995,-13.50002600000001
9818,49.99997399999995,-13.50002600000001
9819,130.999974,-13.00002600000001
9820,135.999974,-13.50002600000001
9821,136.499974,-13.50002600000001
9822,143.499974,-13.50002600000001
9823,143.999974,-13.50002600000001
9824,-172.5000260000001,-14.00002600000001
9825,-172.0000260000001,-14.00002600000001
9826,-171.5000260000001,-14.00002600000001
9827,-75.50002600000005,-13.50002600000001
9828,-39.50002600000005,-14.00002600000001
9829,12.99997399999995,-14.00002600000001
9830,40.49997399999995,-14.00002600000001
9831,47.99997399999995,-14.00002600000001
9832,48.49997399999995,-14.00002600000001
9833,49.99997399999995,-14.00002600000001
9834,126.499974,-14.00002600000001
9835,126.999974,-14.50002600000001
9836,127.499974,-14.50002600000001
9837,129.999974,-14.00002600000001
9838,135.999974,-14.00002600000001
9839,136.499974,-14.00002600000001
9840,136.999974,-14.00002600000001
9841,141.999974,-14.00002600000001
9842,143.999974,-14.00002600000001
9843,167.499974,-14.00002600000001
9844,-171.5000260000001,-14.50002600000001
9845,-171.0000260000001,-14.50002600000001
9846,-170.5000260000001,-14.50002600000001
9847,-76.00002600000005,-14.50002600000001
9848,-41.50002600000005,-13.00002600000001
9849,13.49997399999995,-14.50002600000001
9850,38.99997399999995,-14.50002600000001
9851,47.99997399999995,-14.50002600000001
9852,49.49997399999995,-14.50002600000001
9853,125.999974,-14.50002600000001
9854,126.499974,-14.50002600000001
9855,127.499974,-15.00002600000001
9856,129.499974,-14.50002600000001
9857,129.999974,-14.50002600000001
9858,135.499974,-14.00002600000001
9859,136.499974,-14.50002600000001
9860,136.999974,-14.50002600000001
9861,141.999974,-14.50002600000001
9862,143.999974,-15.50002600000001
9863,144.499974,-14.50002600000001
9864,144.999974,-14.50002600000001
9865,167.499974,-14.50002600000001
9866,167.999974,-14.50002600000001
9867,-75.50002600000005,-14.00002600000001
9868,-39.50002600000005,-15.50002600000001
9869,12.49997399999995,-15.00002600000001
9870,40.99997399999995,-15.00002600000001
9871,47.49997399999995,-15.00002600000001
9872,48.49997399999995,-14.50002600000001
9873,49.99997399999995,-15.00002600000001
9874,125.499974,-15.00002600000001
9875,125.999974,-15.00002600000001
9876,128.499974,-15.00002600000001
9877,128.999974,-15.00002600000001
9878,129.499974,-15.00002600000001
9879,129.999974,-15.00002600000001
9880,134.499974,-13.00002600000001
9881,135.499974,-15.00002600000001
9882,141.999974,-15.00002600000001
9883,144.999974,-15.00002600000001
9884,145.499974,-15.00002600000001
9885,166.999974,-15.00002600000001
9886,-75.00002600000005,-15.50002600000001
9887,-39.00002600000005,-15.50002600000001
9888,13.49997399999995,-15.50002600000001
9889,35.49997399999995,-16.00002600000001
9890,40.49997399999995,-14.50002600000001
9891,46.99997399999995,-16.00002600000001
9892,48.99997399999995,-15.50002600000001
9893,49.49997399999995,-14.50002600000001
9894,50.49997399999995,-15.50002600000001
9895,124.999974,-15.50002600000001
9896,125.999974,-15.50002600000001
9897,128.499974,-15.00002600000001
9898,129.499974,-16.00002600000001
9899,130.999974,-15.00002600000001
9900,135.999974,-15.50002600000001
9901,135.999974,-15.50002600000001
9902,143.499974,-15.00002600000001
9903,145.499974,-15.50002600000001
9904,166.999974,-15.50002600000001
9905,167.499974,-15.50002600000001
9906,167.999974,-15.50002600000001
9907,168.499974,-15.50002600000001
9908,-74.50002600000005,-16.00002600000001
9909,-74.00002600000005,-16.00002600000001
9910,-40.00002600000005,-15.00002600000001
9911,13.99997399999995,-16.00002600000001
9912,39.99997399999995,-15.00002600000001
9913,45.49997399999995,-16.50002600000001
9914,45.99997399999995,-15.50002600000001
9915,46.49997399999995,-16.00002600000001
9916,49.49997399999995,-16.00002600000001
9917,50.49997399999995,-16.00002600000001
9918,124.499974,-16.00002600000001
9919,124.999974,-16.00002600000001
9920,136.499974,-17.00002600000001
9921,137.499974,-16.00002600000001
9922,141.499974,-16.00002600000001
9923,145.499974,-16.00002600000001
9924,166.999974,-16.00002600000001
9925,167.499974,-16.00002600000001
9926,168.499974,-16.00002600000001
9927,-73.50002600000005,-16.50002600000001
9928,-73.00002600000005,-14.50002600000001
9929,-39.00002600000005,-16.50002600000001
9930,11.99997399999995,-16.50002600000001
9931,39.49997399999995,-16.00002600000001
9932,40.49997399999995,-16.50002600000001
9933,44.49997399999995,-16.50002600000001
9934,44.99997399999995,-16.50002600000001
9935,49.49997399999995,-16.50002600000001
9936,122.999974,-16.50002600000001
9937,123.999974,-16.50002600000001
9938,125.999974,-16.50002600000001
9939,136.999974,-17.50002600000001
9940,137.999974,-16.50002600000001
9941,139.499974,-16.50002600000001
9942,139.999974,-16.50002600000001
9943,142.499974,-16.00002600000001
9944,145.499974,-16.50002600000001
9945,167.499974,-16.50002600000001
9946,167.999974,-16.50002600000001
9947,168.499974,-16.50002600000001
9948,179.499974,-16.50002600000001
9949,179.999974,-16.50002600000001
9950,-179.5000260000001,-17.00002600000001
9951,-71.00002600000005,-15.50002600000001
9952,-72.00002600000005,-16.50002600000001
9953,-39.50002600000005,-17.00002600000001
9954,11.99997399999995,-17.00002600000001
9955,38.99997399999995,-16.50002600000001
9956,39.49997399999995,-16.50002600000001
9957,45.49997399999995,-17.00002600000001
9958,49.49997399999995,-17.00002600000001
9959,122.999974,-17.00002600000001
9960,123.499974,-17.00002600000001
9961,123.999974,-17.00002600000001
9962,137.999974,-17.00002600000001
9963,137.999974,-17.50002600000001
9964,138.999974,-17.50002600000001
9965,139.499974,-17.00002600000001
9966,142.499974,-17.50002600000001
9967,145.999974,-17.00002600000001
9968,167.499974,-17.00002600000001
9969,167.999974,-17.00002600000001
9970,168.499974,-17.00002600000001
9971,178.999974,-17.00002600000001
9972,179.499974,-17.00002600000001
9973,179.999974,-17.00002600000001
9974,-178.5000260000001,-17.50002600000001
9975,-70.50002600000005,-16.00002600000001
9976,-40.00002600000005,-17.00002600000001
9977,15.99997399999995,-14.00002600000001
9978,37.99997399999995,-17.00002600000001
9979,38.49997399999995,-17.50002600000001
9980,37.99997399999995,-15.50002600000001
9981,44.49997399999995,-17.50002600000001
9982,48.99997399999995,-16.50002600000001
9983,122.499974,-17.50002600000001
9984,126.499974,-16.50002600000001
9985,125.499974,-17.50002600000001
9986,139.499974,-17.50002600000001
9987,141.499974,-17.00002600000001
9988,145.999974,-17.50002600000001
9989,146.499974,-17.50002600000001
9990,177.999974,-17.50002600000001
9991,178.499974,-17.50002600000001
9992,179.499974,-17.50002600000001
9993,-71.00002600000005,-18.00002600000001
9994,-70.50002600000005,-17.50002600000001
9995,-40.00002600000005,-17.50002600000001
9996,11.99997399999995,-18.00002600000001
9997,36.49997399999995,-16.50002600000001
9998,36.99997399999995,-17.00002600000001
9999,37.99997399999995,-18.00002600000001
10000,44.99997399999995,-18.00002600000001
10001,49.49997399999995,-18.00002600000001
10002,122.499974,-18.00002600000001
10003,134.999974,-16.50002600000001
10004,139.999974,-18.00002600000001
10005,140.499974,-18.50002600000001
10006,140.999974,-19.00002600000001
10007,145.999974,-18.00002600000001
10008,168.499974,-18.00002600000001
10009,168.999974,-18.00002600000001
10010,177.499974,-18.00002600000001
10011,178.999974,-18.00002600000001
10012,-70.50002600000005,-18.00002600000001
10013,-70.00002600000005,-18.50002600000001
10014,-40.50002600000005,-17.00002600000001
10015,-39.00002600000005,-18.50002600000001
10016,11.99997399999995,-18.50002600000001
10017,36.99997399999995,-18.50002600000001
10018,44.49997399999995,-18.50002600000001
10019,48.99997399999995,-18.00002600000001
10020,121.999974,-18.50002600000001
10021,122.499974,-18.50002600000001
10022,136.999974,-18.00002600000001
10023,146.499974,-18.50002600000001
10024,177.499974,-18.00002600000001
10025,177.999974,-18.50002600000001
10026,178.499974,-18.50002600000001
10027,178.499974,-18.00002600000001
10028,179.499974,-18.50002600000001
10029,-173.5000260000001,-19.00002600000001
10030,-70.00002600000005,-19.00002600000001
10031,-40.50002600000005,-18.00002600000001
10032,12.49997399999995,-18.50002600000001
10033,16.49997399999995,-15.00002600000001
10034,35.49997399999995,-18.00002600000001
10035,33.99997399999995,-9.000026000000005
10036,44.49997399999995,-19.00002600000001
10037,48.99997399999995,-18.00002600000001
10038,121.999974,-19.00002600000001
10039,145.999974,-18.50002600000001
10040,169.499974,-19.00002600000001
10041,178.499974,-19.00002600000001
10042,-70.00002600000005,-19.50002600000001
10043,-70.00002600000005,-14.00002600000001
10044,-39.50002600000005,-19.50002600000001
10045,13.49997399999995,-17.50002600000001
10046,35.49997399999995,-19.50002600000001
10047,35.99997399999995,-19.50002600000001
10048,45.49997399999995,-18.00002600000001
10049,48.99997399999995,-19.50002600000001
10050,122.999974,-18.50002600000001
10051,146.999974,-19.50002600000001
10052,146.999974,-19.50002600000001
10053,169.499974,-19.50002600000001
10054,178.499974,-19.50002600000001
10055,-70.00002600000005,-20.00002600000001
10056,-59.00002600000005,-18.00002600000001
10057,-40.00002600000005,-20.00002600000001
10058,-40.00002600000005,-19.50002600000001
10059,12.99997399999995,-19.50002600000001
10060,13.49997399999995,-20.00002600000001
10061,33.99997399999995,-17.50002600000001
10062,35.49997399999995,-20.00002600000001
10063,46.99997399999995,-19.50002600000001
10064,48.49997399999995,-19.00002600000001
10065,119.999974,-20.00002600000001
10066,120.499974,-20.50002600000001
10067,120.999974,-20.50002600000001
10068,124.999974,-19.00002600000001
10069,145.999974,-18.50002600000001
10070,148.499974,-21.50002600000001
10071,169.499974,-20.00002600000001
10072,-70.00002600000005,-20.00002600000001
10073,-68.50002600000005,-20.50002600000001
10074,-67.00002600000005,-19.50002600000001
10075,-40.50002600000005,-20.50002600000001
10076,13.49997399999995,-20.50002600000001
10077,34.49997399999995,-20.50002600000001
10078,44.99997399999995,-21.00002600000001
10079,48.49997399999995,-20.50002600000001
10080,57.49997399999995,-20.50002600000001
10081,118.499974,-21.00002600000001
10082,118.999974,-21.50002600000001
10083,119.999974,-20.00002600000001
10084,128.499974,-20.50002600000001
10085,136.499974,-20.00002600000001
10086,148.999974,-20.50002600000001
10087,164.499974,-20.50002600000001
10088,164.999974,-20.50002600000001
10089,166.999974,-20.50002600000001
10090,169.999974,-20.50002600000001
10091,171.499974,-20.50002600000001
10092,-70.00002600000005,-21.00002600000001
10093,-69.50002600000005,-21.00002600000001
10094,-68.50002600000005,-21.00002600000001
10095,-68.00002600000005,-21.00002600000001
10096,-67.50002600000005,-21.00002600000001
10097,-41.00002600000005,-21.00002600000001
10098,-40.00002600000005,-21.00002600000001
10099,13.99997399999995,-20.50002600000001
10100,16.99997399999995,-13.50002600000001
10101,33.99997399999995,-21.00002600000001
10102,34.99997399999995,-21.00002600000001
10103,43.99997399999995,-21.00002600000001
10104,48.49997399999995,-21.00002600000001
10105,55.49997399999995,-21.00002600000001
10106,55.99997399999995,-21.00002600000001
10107,115.499974,-21.00002600000001
10108,116.999974,-21.50002600000001
10109,116.999974,-21.00002600000001
10110,117.499974,-21.50002600000001
10111,117.999974,-21.50002600000001
10112,148.999974,-21.00002600000001
10113,164.499974,-21.00002600000001
10114,164.999974,-21.00002600000001
10115,165.499974,-21.00002600000001
10116,167.499974,-21.00002600000001
10117,-175.0000260000001,-21.50002600000001
10118,-70.00002600000005,-21.50002600000001
10119,-69.50002600000005,-21.50002600000001
10120,-68.00002600000005,-21.50002600000001
10121,-41.50002600000005,-21.00002600000001
10122,13.99997399999995,-21.50002600000001
10123,34.99997399999995,-21.50002600000001
10124,46.49997399999995,-20.50002600000001
10125,47.99997399999995,-20.50002600000001
10126,55.49997399999995,-21.50002600000001
10127,55.99997399999995,-21.50002600000001
10128,115.999974,-21.00002600000001
10129,129.499974,-20.50002600000001
10130,148.999974,-21.50002600000001
10131,164.999974,-21.50002600000001
10132,165.499974,-21.50002600000001
10133,165.999974,-21.50002600000001
10134,166.499974,-21.50002600000001
10135,167.499974,-21.50002600000001
10136,167.999974,-21.50002600000001
10137,168.499974,-21.50002600000001
10138,-68.50002600000005,-21.50002600000001
10139,-68.00002600000005,-22.00002600000001
10140,-67.50002600000005,-22.00002600000001
10141,-44.50002600000005,-22.50002600000001
10142,13.99997399999995,-22.00002600000001
10143,34.99997399999995,-23.00002600000001
10144,43.49997399999995,-22.00002600000001
10145,47.99997399999995,-22.00002600000001
10146,113.999974,-22.00002600000001
10147,114.499974,-22.00002600000001
10148,114.999974,-22.00002600000001
10149,115.499974,-22.00002600000001
10150,149.499974,-22.00002600000001
10151,165.499974,-22.00002600000001
10152,165.999974,-22.00002600000001
10153,166.499974,-22.00002600000001
10154,166.999974,-22.00002600000001
10155,167.999974,-22.00002600000001
10156,168.499974,-22.00002600000001
10157,-70.00002600000005,-22.50002600000001
10158,-67.50002600000005,-22.50002600000001
10159,-66.00002600000005,-22.50002600000001
10160,-41.50002600000005,-22.50002600000001
10161,-41.00002600000005,-22.50002600000001
10162,14.49997399999995,-22.50002600000001
10163,35.99997399999995,-22.50002600000001
10164,43.49997399999995,-22.50002600000001
10165,47.49997399999995,-22.50002600000001
10166,48.49997399999995,-22.50002600000001
10167,113.999974,-22.50002600000001
10168,114.499974,-23.00002600000001
10169,114.999974,-23.00002600000001
10170,121.999974,-23.00002600000001
10171,130.499974,-21.50002600000001
10172,149.999974,-23.00002600000001
10173,150.499974,-23.00002600000001
10174,150.999974,-22.50002600000001
10175,166.499974,-22.50002600000001
10176,166.999974,-22.50002600000001
10177,167.499974,-22.50002600000001
10178,-70.00002600000005,-23.00002600000001
10179,-69.50002600000005,-23.00002600000001
10180,-67.50002600000005,-23.00002600000001
10181,-66.50002600000005,-23.00002600000001
10182,-44.00002600000005,-23.00002600000001
10183,-43.50002600000005,-23.00002600000001
10184,-43.00002600000005,-23.00002600000001
10185,-42.50002600000005,-23.00002600000001
10186,-42.00002600000005,-23.00002600000001
10187,-41.50002600000005,-23.00002600000001
10188,14.49997399999995,-23.00002600000001
10189,35.99997399999995,-23.00002600000001
10190,43.49997399999995,-23.00002600000001
10191,47.49997399999995,-23.00002600000001
10192,113.999974,-23.00002600000001
10193,150.999974,-23.00002600000001
10194,167.999974,-23.00002600000001
10195,-70.50002600000005,-23.50002600000001
10196,-70.00002600000005,-23.50002600000001
10197,-67.00002600000005,-23.50002600000001
10198,-44.50002600000005,-23.50002600000001
10199,-44.00002600000005,-23.50002600000001
10200,-43.50002600000005,-23.50002600000001
10201,15.49997399999995,-23.50002600000001
10202,34.99997399999995,-23.50002600000001
10203,43.99997399999995,-23.00002600000001
10204,46.99997399999995,-22.50002600000001
10205,113.999974,-23.50002600000001
10206,123.499974,-23.00002600000001
10207,128.499974,-24.00002600000001
10208,148.999974,-21.50002600000001
10209,-70.00002600000005,-24.50002600000001
10210,-68.50002600000005,-24.00002600000001
10211,-68.00002600000005,-22.50002600000001
10212,-67.50002600000005,-24.00002600000001
10213,-66.50002600000005,-24.50002600000001
10214,-66.00002600000005,-24.50002600000001
10215,-46.00002600000005,-24.00002600000001
10216,-45.50002600000005,-24.00002600000001
10217,-45.00002600000005,-24.00002600000001
10218,14.99997399999995,-24.00002600000001
10219,35.49997399999995,-24.00002600000001
10220,45.99997399999995,-22.50002600000001
10221,47.49997399999995,-24.00002600000001
10222,113.499974,-24.00002600000001
10223,151.499974,-24.50002600000001
10224,-70.50002600000005,-24.50002600000001
10225,-69.00002600000005,-24.50002600000001
10226,-68.50002600000005,-24.50002600000001
10227,-67.50002600000005,-24.50002600000001
10228,-67.00002600000005,-24.50002600000001
10229,-46.50002600000005,-24.50002600000001
10230,14.99997399999995,-24.50002600000001
10231,35.49997399999995,-24.50002600000001
10232,43.99997399999995,-24.50002600000001
10233,46.99997399999995,-24.50002600000001
10234,113.499974,-24.50002600000001
10235,130.999974,-23.00002600000001
10236,151.999974,-24.50002600000001
10237,-70.50002600000005,-25.00002600000001
10238,-69.50002600000005,-25.00002600000001
10239,-68.50002600000005,-25.00002600000001
10240,-68.00002600000005,-25.00002600000001
10241,-67.50002600000005,-25.50002600000001
10242,-67.00002600000005,-25.00002600000001
10243,-66.50002600000005,-25.00002600000001
10244,-47.50002600000005,-25.00002600000001
10245,-48.00002600000005,-24.50002600000001
10246,14.99997399999995,-25.00002600000001
10247,34.49997399999995,-25.00002600000001
10248,34.99997399999995,-24.50002600000001
10249,35.49997399999995,-25.00002600000001
10250,43.99997399999995,-25.00002600000001
10251,47.49997399999995,-25.00002600000001
10252,113.499974,-24.50002600000001
10253,116.499974,-23.50002600000001
10254,151.999974,-26.50002600000001
10255,153.499974,-25.00002600000001
10256,-70.50002600000005,-25.50002600000001
10257,-68.50002600000005,-25.50002600000001
10258,-68.00002600000005,-25.50002600000001
10259,-66.50002600000005,-25.50002600000001
10260,-48.50002600000005,-25.50002600000001
10261,-48.00002600000005,-25.50002600000001
10262,-47.50002600000005,-25.50002600000001
10263,14.99997399999995,-25.50002600000001
10264,33.49997399999995,-25.50002600000001
10265,29.49997399999995,-20.00002600000001
10266,44.49997399999995,-25.50002600000001
10267,44.99997399999995,-25.50002600000001
10268,45.49997399999995,-25.50002600000001
10269,46.49997399999995,-25.00002600000001
10270,46.99997399999995,-25.50002600000001
10271,113.999974,-25.50002600000001
10272,152.999974,-26.50002600000001
10273,153.499974,-25.50002600000001
10274,-70.50002600000005,-26.00002600000001
10275,-68.50002600000005,-26.00002600000001
10276,-68.00002600000005,-26.00002600000001
10277,-48.50002600000005,-26.00002600000001
10278,-48.00002600000005,-26.00002600000001
10279,14.99997399999995,-26.00002600000001
10280,32.49997399999995,-24.00002600000001
10281,45.49997399999995,-26.00002600000001
10282,45.99997399999995,-26.00002600000001
10283,112.999974,-26.00002600000001
10284,113.499974,-26.00002600000001
10285,113.999974,-26.00002600000001
10286,114.999974,-25.00002600000001
10287,120.999974,-26.00002600000001
10288,153.499974,-26.00002600000001
10289,-70.50002600000005,-26.50002600000001
10290,-68.50002600000005,-26.50002600000001
10291,-68.00002600000005,-26.00002600000001
10292,-67.50002600000005,-26.50002600000001
10293,-67.00002600000005,-26.50002600000001
10294,-48.50002600000005,-26.50002600000001
10295,16.49997399999995,-26.50002600000001
10296,32.49997399999995,-25.50002600000001
10297,113.499974,-26.50002600000001
10298,113.999974,-26.50002600000001
10299,114.999974,-26.00002600000001
10300,121.499974,-25.00002600000001
10301,153.499974,-26.50002600000001
10302,-70.50002600000005,-27.00002600000001
10303,-69.00002600000005,-27.00002600000001
10304,-68.50002600000005,-27.00002600000001
10305,-68.00002600000005,-27.00002600000001
10306,-67.50002600000005,-27.00002600000001
10307,-67.00002600000005,-27.00002600000001
10308,-55.00002600000005,-14.50002600000001
10309,-49.00002600000005,-27.00002600000001
10310,15.49997399999995,-27.00002600000001
10311,32.99997399999995,-27.00002600000001
10312,113.499974,-27.00002600000001
10313,113.999974,-27.00002600000001
10314,153.499974,-27.00002600000001
10315,-69.00002600000005,-27.50002600000001
10316,-47.50002600000005,-16.00002600000001
10317,-49.00002600000005,-27.50002600000001
10318,-48.00002600000005,-27.50002600000001
10319,15.49997399999995,-27.50002600000001
10320,32.99997399999995,-27.50002600000001
10321,113.999974,-27.50002600000001
10322,152.499974,-26.50002600000001
10323,-70.50002600000005,-28.00002600000001
10324,-68.50002600000005,-28.00002600000001
10325,-48.50002600000005,-28.00002600000001
10326,-48.00002600000005,-28.00002600000001
10327,15.99997399999995,-28.00002600000001
10328,18.49997399999995,-21.50002600000001
10329,31.99997399999995,-28.00002600000001
10330,114.499974,-28.00002600000001
10331,135.499974,-23.00002600000001
10332,137.999974,-19.00002600000001
10333,152.999974,-28.00002600000001
10334,-71.00002600000005,-28.50002600000001
10335,-66.50002600000005,-27.00002600000001
10336,-49.00002600000005,-28.50002600000001
10337,15.99997399999995,-28.50002600000001
10338,16.49997399999995,-28.50002600000001
10339,31.49997399999995,-27.50002600000001
10340,114.499974,-28.50002600000001
10341,135.999974,-27.50002600000001
10342,145.499974,-21.50002600000001
10343,153.499974,-28.50002600000001
10344,-70.00002600000005,-29.00002600000001
10345,-49.00002600000005,-29.00002600000001
10346,-48.50002600000005,-29.00002600000001
10347,16.49997399999995,-28.50002600000001
10348,16.99997399999995,-29.00002600000001
10349,28.49997399999995,-26.00002600000001
10350,31.49997399999995,-29.00002600000001
10351,114.999974,-29.00002600000001
10352,119.999974,-29.50002600000001
10353,152.999974,-29.00002600000001
10354,-71.00002600000005,-29.50002600000001
10355,-67.00002600000005,-28.50002600000001
10356,-65.50002600000005,-29.00002600000001
10357,-64.50002600000005,-28.00002600000001
10358,-49.50002600000005,-29.50002600000001
10359,16.99997399999995,-29.50002600000001
10360,30.49997399999995,-27.50002600000001
10361,31.99997399999995,-29.50002600000001
10362,114.999974,-29.50002600000001
10363,116.999974,-29.50002600000001
10364,141.499974,-29.50002600000001
10365,153.499974,-29.50002600000001
10366,-70.00002600000005,-30.00002600000001
10367,-67.00002600000005,-29.00002600000001
10368,-66.00002600000005,-30.50002600000001
10369,-65.00002600000005,-32.00002600000001
10370,-49.50002600000005,-30.00002600000001
10371,18.49997399999995,-30.00002600000001
10372,30.49997399999995,-30.00002600000001
10373,114.999974,-30.00002600000001
10374,144.999974,-24.50002600000001
10375,152.499974,-28.50002600000001
10376,-71.50002600000005,-30.50002600000001
10377,-71.00002600000005,-30.50002600000001
10378,-50.00002600000005,-30.50002600000001
10379,17.49997399999995,-30.50002600000001
10380,29.99997399999995,-30.00002600000001
10381,115.499974,-30.50002600000001
10382,116.999974,-30.50002600000001
10383,153.499974,-30.50002600000001
10384,-70.50002600000005,-30.00002600000001
10385,-65.00002600000005,-26.50002600000001
10386,-50.00002600000005,-31.00002600000001
10387,17.99997399999995,-31.00002600000001
10388,29.99997399999995,-30.50002600000001
10389,30.99997399999995,-31.00002600000001
10390,115.499974,-31.00002600000001
10391,151.999974,-30.00002600000001
10392,-71.50002600000005,-31.50002600000001
10393,-68.00002600000005,-31.50002600000001
10394,-50.50002600000005,-31.50002600000001
10395,17.99997399999995,-31.50002600000001
10396,29.99997399999995,-31.50002600000001
10397,29.99997399999995,-31.00002600000001
10398,115.999974,-31.00002600000001
10399,152.499974,-31.50002600000001
10400,-71.50002600000005,-32.00002600000001
10401,-67.50002600000005,-30.50002600000001
10402,-66.50002600000005,-31.50002600000001
10403,-51.00002600000005,-32.00002600000001
10404,19.99997399999995,-32.00002600000001
10405,28.99997399999995,-32.00002600000001
10406,29.49997399999995,-31.50002600000001
10407,119.499974,-29.50002600000001
10408,121.999974,-32.50002600000001
10409,127.499974,-30.50002600000001
10410,128.499974,-29.50002600000001
10411,129.499974,-32.00002600000001
10412,129.999974,-32.00002600000001
10413,129.999974,-26.00002600000001
10414,129.999974,-30.00002600000001
10415,130.499974,-27.50002600000001
10416,131.999974,-32.00002600000001
10417,151.999974,-32.00002600000001
10418,-71.50002600000005,-32.50002600000001
10419,-51.00002600000005,-28.00002600000001
10420,-51.50002600000005,-32.50002600000001
10421,18.49997399999995,-32.50002600000001
10422,28.49997399999995,-32.00002600000001
10423,29.49997399999995,-32.50002600000001
10424,115.999974,-32.50002600000001
10425,120.999974,-31.00002600000001
10426,124.999974,-25.00002600000001
10427,126.499974,-32.50002600000001
10428,126.999974,-32.50002600000001
10429,127.499974,-32.50002600000001
10430,127.999974,-32.50002600000001
10431,128.499974,-32.50002600000001
10432,132.499974,-32.50002600000001
10433,132.999974,-30.00002600000001
10434,133.499974,-32.50002600000001
10435,130.499974,-25.50002600000001
10436,152.499974,-32.50002600000001
10437,-71.50002600000005,-33.00002600000001
10438,-52.00002600000005,-33.00002600000001
10439,17.99997399999995,-33.00002600000001
10440,18.99997399999995,-33.00002600000001
10441,27.99997399999995,-33.00002600000001
10442,27.99997399999995,-31.50002600000001
10443,115.999974,-33.00002600000001
10444,124.499974,-32.50002600000001
10445,120.499974,-26.00002600000001
10446,125.499974,-33.00002600000001
10447,134.499974,-33.00002600000001
10448,136.999974,-33.00002600000001
10449,137.999974,-30.00002600000001
10450,151.499974,-31.50002600000001
10451,152.499974,-33.00002600000001
10452,-71.50002600000005,-33.50002600000001
10453,-52.50002600000005,-33.50002600000001
10454,18.49997399999995,-33.50002600000001
10455,25.99997399999995,-31.00002600000001
10456,27.99997399999995,-33.50002600000001
10457,115.999974,-33.50002600000001
10458,123.999974,-33.00002600000001
10459,134.499974,-33.50002600000001
10460,134.999974,-33.50002600000001
10461,137.499974,-33.50002600000001
10462,138.999974,-33.00002600000001
10463,150.999974,-32.50002600000001
10464,151.999974,-33.50002600000001
10465,-78.50002600000005,-34.00002600000001
10466,-71.50002600000005,-34.00002600000001
10467,-53.00002600000005,-26.00002600000001
10468,-53.00002600000005,-34.00002600000001
10469,18.49997399999995,-34.00002600000001
10470,22.99997399999995,-34.00002600000001
10471,23.99997399999995,-34.00002600000001
10472,23.99997399999995,-32.50002600000001
10473,25.49997399999995,-33.50002600000001
10474,25.99997399999995,-33.50002600000001
10475,26.99997399999995,-34.00002600000001
10476,114.999974,-34.00002600000001
10477,115.499974,-34.00002600000001
10478,119.999974,-34.00002600000001
10479,119.999974,-33.50002600000001
10480,120.499974,-33.50002600000001
10481,121.499974,-33.50002600000001
10482,121.999974,-34.00002600000001
10483,122.499974,-33.50002600000001
10484,122.999974,-34.00002600000001
10485,123.499974,-33.50002600000001
10486,123.999974,-34.00002600000001
10487,134.999974,-34.00002600000001
10488,135.999974,-32.50002600000001
10489,136.499974,-34.00002600000001
10490,137.499974,-34.00002600000001
10491,137.999974,-34.00002600000001
10492,147.999974,-24.50002600000001
10493,150.499974,-34.50002600000001
10494,-70.00002600000005,-34.50002600000001
10495,-63.50002600000005,-23.50002600000001
10496,-57.50002600000005,-34.50002600000001
10497,-57.00002600000005,-34.50002600000001
10498,-53.50002600000005,-34.50002600000001
10499,18.49997399999995,-34.50002600000001
10500,18.99997399999995,-34.50002600000001
10501,19.49997399999995,-34.50002600000001
10502,19.49997399999995,-33.00002600000001
10503,21.49997399999995,-34.50002600000001
10504,22.49997399999995,-32.50002600000001
10505,22.49997399999995,-34.50002600000001
10506,23.49997399999995,-34.50002600000001
10507,24.49997399999995,-34.50002600000001
10508,24.99997399999995,-34.50002600000001
10509,115.499974,-34.00002600000001
10510,115.999974,-34.50002600000001
10511,118.499974,-33.50002600000001
10512,118.999974,-34.00002600000001
10513,119.499974,-34.00002600000001
10514,135.499974,-34.50002600000001
10515,135.999974,-34.50002600000001
10516,137.499974,-34.50002600000001
10517,137.999974,-34.50002600000001
10518,138.499974,-34.50002600000001
10519,145.499974,-32.00002600000001
10520,151.499974,-34.50002600000001
10521,172.999974,-34.50002600000001
10522,-71.00002600000005,-35.00002600000001
10523,-58.50002600000005,-35.00002600000001
10524,-57.50002600000005,-35.00002600000001
10525,-56.50002600000005,-35.00002600000001
10526,-56.50002600000005,-33.50002600000001
10527,-55.50002600000005,-35.00002600000001
10528,-55.00002600000005,-35.00002600000001
10529,-54.50002600000005,-35.00002600000001
10530,-54.00002600000005,-35.00002600000001
10531,19.49997399999995,-35.00002600000001
10532,19.99997399999995,-35.00002600000001
10533,20.49997399999995,-35.00002600000001
10534,115.999974,-35.00002600000001
10535,116.499974,-35.00002600000001
10536,118.499974,-35.00002600000001
10537,118.999974,-35.00002600000001
10538,135.499974,-35.00002600000001
10539,135.999974,-35.00002600000001
10540,137.499974,-35.00002600000001
10541,137.999974,-35.00002600000001
10542,138.499974,-35.00002600000001
10543,149.999974,-36.00002600000001
10544,172.999974,-35.00002600000001
10545,173.499974,-35.00002600000001
10546,173.999974,-35.00002600000001
10547,-71.00002600000005,-35.00002600000001
10548,-65.00002600000005,-33.00002600000001
10549,-57.50002600000005,-35.50002600000001
10550,-57.00002600000005,-35.50002600000001
10551,116.999974,-34.50002600000001
10552,117.499974,-35.50002600000001
10553,117.999974,-35.50002600000001
10554,136.999974,-35.50002600000001
10555,137.499974,-35.50002600000001
10556,137.999974,-35.50002600000001
10557,138.499974,-35.50002600000001
10558,150.499974,-35.50002600000001
10559,150.999974,-35.50002600000001
10560,173.499974,-35.50002600000001
10561,173.999974,-35.50002600000001
10562,174.499974,-35.50002600000001
10563,-72.50002600000005,-36.00002600000001
10564,-69.50002600000005,-35.00002600000001
10565,-64.50002600000005,-37.00002600000001
10566,-61.00002600000005,-34.00002600000001
10567,136.999974,-36.00002600000001
10568,137.499974,-36.00002600000001
10569,137.999974,-36.00002600000001
10570,138.499974,-36.00002600000001
10571,138.999974,-36.00002600000001
10572,141.499974,-32.00002600000001
10573,139.999974,-36.00002600000001
10574,150.499974,-36.00002600000001
10575,173.499974,-36.00002600000001
10576,173.999974,-36.00002600000001
10577,174.499974,-36.00002600000001
10578,174.999974,-36.00002600000001
10579,-72.00002600000005,-36.00002600000001
10580,-59.50002600000005,-37.50002600000001
10581,-57.00002600000005,-36.50002600000001
10582,137.499974,-36.50002600000001
10583,141.499974,-36.50002600000001
10584,149.999974,-36.50002600000001
10585,173.999974,-36.50002600000001
10586,174.499974,-36.50002600000001
10587,174.999974,-36.50002600000001
10588,175.499974,-36.50002600000001
10589,175.999974,-36.50002600000001
10590,-72.50002600000005,-36.50002600000001
10591,-62.00002600000005,-37.50002600000001
10592,-56.50002600000005,-37.00002600000001
10593,139.999974,-37.00002600000001
10594,149.999974,-37.00002600000001
10595,174.499974,-37.00002600000001
10596,174.999974,-37.00002600000001
10597,175.499974,-37.00002600000001
10598,175.999974,-37.00002600000001
10599,-73.50002600000005,-37.50002600000001
10600,-73.00002600000005,-37.50002600000001
10601,-68.50002600000005,-36.00002600000001
10602,-67.00002600000005,-37.00002600000001
10603,-64.00002600000005,-37.50002600000001
10604,-62.50002600000005,-37.50002600000001
10605,-56.50002600000005,-37.50002600000001
10606,139.999974,-37.50002600000001
10607,149.499974,-37.50002600000001
10608,175.499974,-37.50002600000001
10609,175.999974,-38.00002600000001
10610,-73.50002600000005,-38.00002600000001
10611,-69.00002600000005,-38.50002600000001
10612,-63.00002600000005,-38.00002600000001
10613,-57.00002600000005,-37.50002600000001
10614,140.499974,-38.00002600000001
10615,144.499974,-38.00002600000001
10616,145.499974,-38.00002600000001
10617,147.999974,-37.50002600000001
10618,148.999974,-36.00002600000001
10619,148.999974,-38.00002600000001
10620,149.499974,-38.00002600000001
10621,149.999974,-38.00002600000001
10622,174.999974,-38.00002600000001
10623,176.499974,-38.00002600000001
10624,176.999974,-39.00002600000001
10625,177.499974,-38.50002600000001
10626,177.999974,-38.00002600000001
10627,178.499974,-38.00002600000001
10628,-73.00002600000005,-38.50002600000001
10629,-63.50002600000005,-38.00002600000001
10630,-63.00002600000005,-38.50002600000001
10631,-58.00002600000005,-38.50002600000001
10632,-57.50002600000005,-38.50002600000001
10633,140.999974,-38.50002600000001
10634,141.499974,-38.50002600000001
10635,141.999974,-38.50002600000001
10636,142.499974,-38.50002600000001
10637,142.999974,-38.50002600000001
10638,143.999974,-37.50002600000001
10639,144.999974,-38.50002600000001
10640,145.499974,-38.50002600000001
10641,146.499974,-38.50002600000001
10642,147.999974,-38.50002600000001
10643,174.999974,-38.50002600000001
10644,178.499974,-38.50002600000001
10645,-73.00002600000005,-39.00002600000001
10646,-67.00002600000005,-39.00002600000001
10647,-63.50002600000005,-39.00002600000001
10648,-63.00002600000005,-38.50002600000001
10649,-62.50002600000005,-39.00002600000001
10650,-61.50002600000005,-39.00002600000001
10651,-61.50002600000005,-38.50002600000001
10652,-60.50002600000005,-38.50002600000001
10653,-60.00002600000005,-39.00002600000001
10654,-59.50002600000005,-39.00002600000001
10655,-59.00002600000005,-39.00002600000001
10656,-58.50002600000005,-38.00002600000001
10657,142.999974,-38.50002600000001
10658,143.499974,-39.00002600000001
10659,143.999974,-39.00002600000001
10660,145.499974,-39.00002600000001
10661,145.999974,-39.00002600000001
10662,146.499974,-39.00002600000001
10663,146.999974,-39.00002600000001
10664,174.499974,-39.00002600000001
10665,174.999974,-39.00002600000001
10666,177.999974,-39.00002600000001
10667,178.499974,-39.00002600000001
10668,-73.00002600000005,-39.50002600000001
10669,-68.00002600000005,-39.50002600000001
10670,-62.00002600000005,-39.50002600000001
10671,-61.50002600000005,-39.50002600000001
10672,146.499974,-39.50002600000001
10673,173.999974,-39.50002600000001
10674,174.499974,-39.50002600000001
10675,176.999974,-39.50002600000001
10676,177.999974,-39.50002600000001
10677,-73.50002600000005,-40.00002600000001
10678,-73.00002600000005,-40.00002600000001
10679,-68.50002600000005,-40.50002600000001
10680,-64.00002600000005,-39.00002600000001
10681,-64.00002600000005,-39.00002600000001
10682,143.999974,-40.00002600000001
10683,144.499974,-40.00002600000001
10684,147.999974,-40.00002600000001
10685,148.499974,-40.00002600000001
10686,174.499974,-40.00002600000001
10687,174.999974,-40.00002600000001
10688,175.499974,-40.00002600000001
10689,176.499974,-39.00002600000001
10690,177.499974,-40.00002600000001
10691,-72.00002600000005,-40.50002600000001
10692,-67.00002600000005,-41.50002600000001
10693,-65.50002600000005,-39.50002600000001
10694,-62.00002600000005,-40.50002600000001
10695,143.999974,-40.50002600000001
10696,144.499974,-40.50002600000001
10697,147.999974,-40.50002600000001
10698,148.499974,-40.50002600000001
10699,175.499974,-40.00002600000001
10700,176.999974,-40.50002600000001
10701,-73.50002600000005,-41.00002600000001
10702,-67.50002600000005,-41.00002600000001
10703,-66.00002600000005,-41.50002600000001
10704,-64.50002600000005,-41.00002600000001
10705,-64.00002600000005,-41.00002600000001
10706,-62.50002600000005,-40.50002600000001
10707,144.999974,-41.00002600000001
10708,145.499974,-41.00002600000001
10709,145.999974,-41.00002600000001
10710,147.499974,-41.00002600000001
10711,147.999974,-41.50002600000001
10712,148.499974,-41.00002600000001
10713,172.499974,-41.00002600000001
10714,172.999974,-41.00002600000001
10715,173.499974,-41.00002600000001
10716,173.999974,-41.00002600000001
10717,175.499974,-40.50002600000001
10718,176.499974,-41.00002600000001
10719,-73.50002600000005,-41.50002600000001
10720,-69.00002600000005,-40.50002600000001
10721,-65.50002600000005,-41.50002600000001
10722,-63.50002600000005,-41.50002600000001
10723,-63.00002600000005,-41.50002600000001
10724,-63.50002600000005,-40.50002600000001
10725,144.999974,-41.50002600000001
10726,145.999974,-41.50002600000001
10727,146.499974,-42.00002600000001
10728,147.499974,-41.00002600000001
10729,148.499974,-41.50002600000001
10730,172.499974,-41.50002600000001
10731,172.999974,-41.50002600000001
10732,173.999974,-41.50002600000001
10733,174.499974,-41.50002600000001
10734,174.999974,-41.50002600000001
10735,175.499974,-41.00002600000001
10736,175.999974,-41.50002600000001
10737,176.499974,-41.50002600000001
10738,-74.00002600000005,-42.00002600000001
10739,-73.50002600000005,-41.50002600000001
10740,-73.00002600000005,-42.00002600000001
10741,-72.00002600000005,-41.00002600000001
10742,-66.50002600000005,-42.00002600000001
10743,144.999974,-42.00002600000001
10744,148.499974,-42.00002600000001
10745,171.499974,-42.00002600000001
10746,172.499974,-42.00002600000001
10747,173.499974,-42.00002600000001
10748,175.499974,-42.00002600000001
10749,-74.00002600000005,-42.50002600000001
10750,-73.50002600000005,-42.50002600000001
10751,-73.00002600000005,-42.50002600000001
10752,-72.50002600000005,-42.50002600000001
10753,-70.00002600000005,-41.50002600000001
10754,-67.00002600000005,-42.00002600000001
10755,-66.00002600000005,-42.50002600000001
10756,-64.00002600000005,-42.50002600000001
10757,-63.50002600000005,-42.50002600000001
10758,145.499974,-42.50002600000001
10759,145.999974,-42.50002600000001
10760,148.499974,-42.50002600000001
10761,171.499974,-42.50002600000001
10762,172.999974,-42.50002600000001
10763,-74.00002600000005,-43.00002600000001
10764,-73.50002600000005,-43.00002600000001
10765,-73.00002600000005,-43.00002600000001
10766,-72.50002600000005,-43.00002600000001
10767,-69.00002600000005,-43.00002600000001
10768,-68.00002600000005,-42.50002600000001
10769,-67.50002600000005,-41.50002600000001
10770,-66.00002600000005,-43.00002600000001
10771,-64.00002600000005,-43.00002600000001
10772,-63.50002600000005,-43.00002600000001
10773,145.499974,-43.00002600000001
10774,147.499974,-42.50002600000001
10775,147.999974,-43.00002600000001
10776,148.499974,-43.00002600000001
10777,170.999974,-43.00002600000001
10778,171.499974,-43.00002600000001
10779,172.499974,-43.00002600000001
10780,-74.00002600000005,-43.50002600000001
10781,-73.50002600000005,-43.50002600000001
10782,-73.00002600000005,-43.50002600000001
10783,-72.50002600000005,-43.50002600000001
10784,-70.00002600000005,-43.50002600000001
10785,-69.00002600000005,-43.50002600000001
10786,-64.50002600000005,-43.50002600000001
10787,-64.00002600000005,-43.50002600000001
10788,145.999974,-43.50002600000001
10789,146.499974,-43.50002600000001
10790,147.999974,-43.50002600000001
10791,169.999974,-43.50002600000001
10792,170.499974,-43.50002600000001
10793,170.999974,-43.50002600000001
10794,171.999974,-43.50002600000001
10795,173.499974,-43.50002600000001
10796,-176.5000260000001,-44.00002600000001
10797,-176.0000260000001,-44.00002600000001
10798,-74.50002600000005,-44.00002600000001
10799,-74.00002600000005,-44.00002600000001
10800,-73.50002600000005,-44.00002600000001
10801,-71.00002600000005,-44.00002600000001
10802,-70.00002600000005,-44.00002600000001
10803,-69.50002600000005,-44.00002600000001
10804,-65.50002600000005,-44.00002600000001
10805,146.499974,-44.00002600000001
10806,146.999974,-44.00002600000001
10807,168.999974,-44.50002600000001
10808,169.499974,-44.00002600000001
10809,169.999974,-44.00002600000001
10810,171.499974,-43.50002600000001
10811,172.999974,-44.00002600000001
10812,173.499974,-44.00002600000001
10813,-176.0000260000001,-44.50002600000001
10814,-74.00002600000005,-44.50002600000001
10815,-73.50002600000005,-44.50002600000001
10816,-73.00002600000005,-44.50002600000001
10817,-72.50002600000005,-44.50002600000001
10818,-69.00002600000005,-43.50002600000001
10819,-68.00002600000005,-44.50002600000001
10820,-67.00002600000005,-44.50002600000001
10821,-65.50002600000005,-44.50002600000001
10822,167.999974,-44.50002600000001
10823,168.499974,-44.50002600000001
10824,170.999974,-44.50002600000001
10825,171.499974,-44.00002600000001
10826,-75.00002600000005,-45.00002600000001
10827,-74.50002600000005,-45.00002600000001
10828,-74.00002600000005,-45.00002600000001
10829,-73.50002600000005,-45.00002600000001
10830,-73.00002600000005,-45.00002600000001
10831,-72.50002600000005,-45.00002600000001
10832,-69.50002600000005,-44.00002600000001
10833,-68.50002600000005,-45.00002600000001
10834,-66.00002600000005,-44.50002600000001
10835,-65.00002600000005,-45.00002600000001
10836,167.499974,-45.00002600000001
10837,167.999974,-45.00002600000001
10838,170.499974,-44.00002600000001
10839,-74.00002600000005,-45.50002600000001
10840,-73.50002600000005,-45.50002600000001
10841,-71.50002600000005,-45.50002600000001
10842,-67.00002600000005,-45.50002600000001
10843,-66.00002600000005,-45.50002600000001
10844,166.999974,-45.50002600000001
10845,167.499974,-45.50002600000001
10846,170.999974,-45.50002600000001
10847,171.499974,-45.50002600000001
10848,-74.50002600000005,-46.00002600000001
10849,-74.00002600000005,-46.00002600000001
10850,-73.50002600000005,-46.00002600000001
10851,-67.50002600000005,-46.00002600000001
10852,166.999974,-46.00002600000001
10853,170.999974,-46.00002600000001
10854,-75.00002600000005,-46.50002600000001
10855,-74.50002600000005,-46.50002600000001
10856,-74.00002600000005,-46.50002600000001
10857,-73.50002600000005,-46.50002600000001
10858,-70.00002600000005,-46.50002600000001
10859,-68.50002600000005,-46.50002600000001
10860,-68.00002600000005,-46.50002600000001
10861,166.999974,-46.50002600000001
10862,167.499974,-46.50002600000001
10863,167.999974,-46.50002600000001
10864,168.499974,-46.50002600000001
10865,169.499974,-44.00002600000001
10866,170.499974,-46.00002600000001
10867,-75.50002600000005,-47.00002600000001
10868,-75.00002600000005,-47.00002600000001
10869,-74.50002600000005,-47.00002600000001
10870,-74.00002600000005,-47.00002600000001
10871,-73.50002600000005,-47.00002600000001
10872,-67.50002600000005,-47.00002600000001
10873,-66.50002600000005,-47.00002600000001
10874,167.999974,-47.00002600000001
10875,168.499974,-47.00002600000001
10876,168.999974,-47.00002600000001
10877,169.499974,-47.00002600000001
10878,169.999974,-47.00002600000001
10879,-74.00002600000005,-47.50002600000001
10880,-69.50002600000005,-47.50002600000001
10881,-69.00002600000005,-47.50002600000001
10882,-66.50002600000005,-47.50002600000001
10883,-65.50002600000005,-47.50002600000001
10884,167.999974,-47.50002600000001
10885,168.499974,-47.50002600000001
10886,-75.00002600000005,-48.00002600000001
10887,-74.50002600000005,-48.00002600000001
10888,-74.00002600000005,-48.00002600000001
10889,-73.50002600000005,-48.00002600000001
10890,-72.00002600000005,-48.00002600000001
10891,-71.00002600000005,-48.00002600000001
10892,-70.00002600000005,-48.00002600000001
10893,-69.50002600000005,-48.00002600000001
10894,-67.00002600000005,-48.00002600000001
10895,-67.00002600000005,-47.50002600000001
10896,-75.00002600000005,-48.50002600000001
10897,-74.50002600000005,-48.50002600000001
10898,-74.00002600000005,-48.50002600000001
10899,-72.00002600000005,-48.50002600000001
10900,-70.00002600000005,-48.50002600000001
10901,-69.00002600000005,-47.50002600000001
10902,-66.50002600000005,-48.50002600000001
10903,-66.00002600000005,-48.50002600000001
10904,-65.50002600000005,-48.50002600000001
10905,-75.50002600000005,-49.00002600000001
10906,-75.00002600000005,-49.00002600000001
10907,-74.50002600000005,-49.00002600000001
10908,-74.00002600000005,-49.00002600000001
10909,-71.50002600000005,-49.00002600000001
10910,-68.00002600000005,-49.00002600000001
10911,-66.50002600000005,-49.00002600000001
10912,-75.50002600000005,-49.50002600000001
10913,-75.00002600000005,-49.50002600000001
10914,-74.50002600000005,-49.50002600000001
10915,-74.00002600000005,-49.50002600000001
10916,-71.00002600000005,-49.50002600000001
10917,-69.50002600000005,-48.00002600000001
10918,-75.50002600000005,-50.00002600000001
10919,-75.00002600000005,-50.00002600000001
10920,-74.50002600000005,-50.00002600000001
10921,-74.00002600000005,-50.00002600000001
10922,-68.00002600000005,-50.00002600000001
10923,-75.00002600000005,-50.50002600000001
10924,-74.50002600000005,-50.50002600000001
10925,-74.00002600000005,-50.50002600000001
10926,-72.50002600000005,-49.00002600000001
10927,-68.50002600000005,-50.00002600000001
10928,-75.00002600000005,-51.00002600000001
10929,-74.50002600000005,-51.00002600000001
10930,-74.00002600000005,-51.00002600000001
10931,-73.50002600000005,-51.00002600000001
10932,-69.50002600000005,-51.00002600000001
10933,-75.00002600000005,-51.50002600000001
10934,-74.50002600000005,-51.50002600000001
10935,-74.00002600000005,-51.50002600000001
10936,-73.50002600000005,-51.50002600000001
10937,-70.00002600000005,-50.50002600000001
10938,-60.50002600000005,-51.50002600000001
10939,-60.00002600000005,-51.50002600000001
10940,-59.50002600000005,-51.50002600000001
10941,-59.00002600000005,-51.50002600000001
10942,-58.50002600000005,-51.50002600000001
10943,-58.00002600000005,-51.50002600000001
10944,-57.50002600000005,-51.50002600000001
10945,-75.00002600000005,-52.00002600000001
10946,-74.50002600000005,-52.00002600000001
10947,-74.00002600000005,-52.00002600000001
10948,-73.50002600000005,-52.00002600000001
10949,-73.00002600000005,-52.00002600000001
10950,-72.00002600000005,-51.50002600000001
10951,-69.50002600000005,-52.00002600000001
10952,-61.00002600000005,-52.00002600000001
10953,-60.50002600000005,-52.00002600000001
10954,-60.00002600000005,-52.00002600000001
10955,-59.50002600000005,-52.00002600000001
10956,-59.00002600000005,-52.00002600000001
10957,-58.50002600000005,-52.00002600000001
10958,-58.00002600000005,-52.00002600000001
10959,-57.50002600000005,-52.00002600000001
10960,-74.50002600000005,-52.50002600000001
10961,-74.00002600000005,-52.50002600000001
10962,-73.50002600000005,-52.50002600000001
10963,-73.00002600000005,-52.50002600000001
10964,-72.50002600000005,-52.50002600000001
10965,-69.00002600000005,-52.50002600000001
10966,-68.50002600000005,-52.50002600000001
10967,-68.00002600000005,-52.50002600000001
10968,-60.50002600000005,-52.50002600000001
10969,-60.00002600000005,-52.50002600000001
10970,-59.50002600000005,-52.50002600000001
10971,-59.00002600000005,-52.50002600000001
10972,-58.50002600000005,-52.50002600000001
10973,-58.00002600000005,-52.50002600000001
10974,-74.50002600000005,-53.00002600000001
10975,-74.00002600000005,-53.00002600000001
10976,-73.50002600000005,-53.00002600000001
10977,-73.00002600000005,-53.00002600000001
10978,-72.50002600000005,-53.00002600000001
10979,-72.00002600000005,-53.00002600000001
10980,-71.50002600000005,-53.00002600000001
10981,-71.00002600000005,-53.00002600000001
10982,-70.50002600000005,-53.00002600000001
10983,-70.00002600000005,-53.00002600000001
10984,-69.50002600000005,-53.00002600000001
10985,-69.00002600000005,-53.00002600000001
10986,-68.50002600000005,-53.00002600000001
10987,-68.00002600000005,-53.00002600000001
10988,-74.00002600000005,-53.50002600000001
10989,-73.50002600000005,-53.50002600000001
10990,-73.00002600000005,-53.50002600000001
10991,-72.50002600000005,-53.50002600000001
10992,-72.00002600000005,-53.50002600000001
10993,-71.50002600000005,-53.50002600000001
10994,-71.00002600000005,-53.50002600000001
10995,-70.50002600000005,-53.50002600000001
10996,-70.00002600000005,-53.50002600000001
10997,-69.50002600000005,-53.50002600000001
10998,-69.00002600000005,-53.50002600000001
10999,-68.50002600000005,-53.50002600000001
11000,-73.50002600000005,-54.00002600000001
11001,-73.00002600000005,-54.00002600000001
11002,-72.50002600000005,-54.00002600000001
11003,-72.00002600000005,-54.00002600000001
11004,-71.50002600000005,-54.00002600000001
11005,-71.00002600000005,-54.00002600000001
11006,-70.50002600000005,-54.00002600000001
11007,-70.00002600000005,-54.00002600000001
11008,-69.50002600000005,-54.00002600000001
11009,-69.00002600000005,-54.50002600000001
11010,-67.00002600000005,-54.00002600000001
11011,-73.00002600000005,-54.50002600000001
11012,-72.50002600000005,-54.50002600000001
11013,-72.00002600000005,-54.50002600000001
11014,-71.50002600000005,-54.50002600000001
11015,-71.00002600000005,-54.50002600000001
11016,-70.50002600000005,-54.50002600000001
11017,-70.00002600000005,-54.50002600000001
11018,-69.50002600000005,-54.50002600000001
11019,-67.50002600000005,-54.50002600000001
11020,-66.50002600000005,-54.50002600000001
11021,-66.50002600000005,-54.50002600000001
11022,-72.00002600000005,-55.00002600000001
11023,-71.50002600000005,-55.00002600000001
11024,-71.00002600000005,-55.00002600000001
11025,-70.50002600000005,-55.00002600000001
11026,-70.00002600000005,-55.00002600000001
11027,-69.50002600000005,-55.00002600000001
11028,-69.00002600000005,-55.00002600000001
11029,-68.50002600000005,-55.00002600000001
11030,-66.00002600000005,-55.00002600000001
11031,-65.00002600000005,-55.00002600000001
11032,-64.50002600000005,-55.00002600000001
11033,-64.00002600000005,-55.00002600000001
11034,-63.50002600000005,-55.00002600000001
11035,-71.00002600000005,-55.50002600000001
11036,-70.50002600000005,-55.50002600000001
11037,-70.00002600000005,-55.50002600000001
11038,-69.50002600000005,-55.50002600000001
11039,-69.00002600000005,-55.50002600000001
11040,-68.50002600000005,-55.50002600000001
11041,-68.00002600000005,-55.50002600000001
11042,-67.50002600000005,-55.50002600000001
11043,-67.00002600000005,-55.50002600000001
11044,-66.50002600000005,-55.50002600000001
11045,-66.00002600000005,-55.50002600000001
11046,-69.00002600000005,-56.00002600000001
11047,-68.00002600000005,-56.00002600000001
11048,-67.50002600000005,-56.00002600000001
11049,-67.00002600000005,-56.00002600000001
