year,region_idx,region_code,region_name,value_Mm3_world_eq
1995,0,XAM,Rest of Americas,26891.8098931432
1995,1,XEU,Rest of Europe,1356.3267038250199
1995,2,XAF,Rest of Africa,378.4895463968707
1995,3,XAS,Rest of Asia-Pacific,170.98025082672544
1995,4,AFG,Afghanistan,86592.2632345838
1995,5,AGO,Angola,158.120135480665
1995,6,ALB,Albania,5726.896943122744
1995,7,ARE,United Arab Emirates,30014.563193944403
1995,8,ARG,Argentina,83091.53854496506
1995,9,ARM,Armenia,24671.1750618859
1995,10,AUS,Australia,200866.8221334226
1995,11,AUT,Austria,145.1884839412154
1995,12,AZE,Azerbaijan,59922.4652791235
1995,13,BDI,Burundi,9426.545530477559
1995,14,BEL,Belgium,154.07372580843906
1995,15,BEN,Benin,728.8540305524555
1995,16,BFA,Burkina Faso,1378.92695990528
1995,17,BGD,Bangladesh,6440.57701506042
1995,18,BGR,Bulgaria,5198.627168238688
1995,19,BHR,Bahrain,38.653753072708795
1995,20,BHS,Bahamas,0.0
1995,21,BIH,Bosnia and Herzegovina,13.163084048146303
1995,22,BLR,Belarus,69.64599381839005
1995,23,BLZ,Belize,4.291627302870101
1995,24,BOL,Bolivia,1555.1586592724998
1995,25,BRA,Brazil,21823.32654646944
1995,26,BRN,Brunei Darussalam,0.006272756031636734
1995,27,BTN,Bhutan,10.241019891489051
1995,28,BWA,Botswana,152.0937967213034
1995,29,CAF,Central African Republic,405.16053704866005
1995,30,CAN,Canada,8544.375630708773
1995,31,CHE,Switzerland,29.24875371891923
1995,32,CHL,Chile,16523.887483139853
1995,33,CHN,China,4798850.365824635
1995,34,CIV,Cote d'Ivoire,4507.920856890039
1995,35,CMR,Cameroon,1575.027113806057
1995,36,COD,DR Congo,2661.667343207372
1995,37,COG,Rep Congo,2.667673867071551
1995,38,COL,Colombia,695.3263566492408
1995,39,CRI,Costa Rica,9275.67269125323
1995,40,CUB,Cuba,9707.3945262241
1995,41,CYP,Cyprus,27624.417432006372
1995,42,CZE,Czech Republic,145.27469330077417
1995,43,DEU,Germany,879.3374873552359
1995,44,DJI,Djibouti,19.135892226332004
1995,45,DYE,DR Yemen (Aden),0.0
1995,46,DNK,Denmark,203.2394622441693
1995,47,DOM,Dominican Republic,14419.768228515572
1995,48,DZA,Algeria,17667.536932657145
1995,49,ECU,Ecuador,1193.1901768940852
1995,50,EGY,Egypt,4372924.4826360755
1995,51,ERI,Eritrea,2173.45288406515
1995,52,ESP,Spain,596907.807875522
1995,53,EST,Estonia,10.136538016352224
1995,54,ETH,Ethiopia,17702.500361586597
1995,55,FIN,Finland,50.97985371403173
1995,56,FRA,France,20590.090800743656
1995,57,GAB,Gabon,7.4588638977531865
1995,58,GBR,United Kingdom,2116.0987974689037
1995,59,GEO,Georgia,16122.6735820175
1995,60,GHA,Ghana,7059.747878696429
1995,61,GIN,Guinea,3103.318774277791
1995,62,GMB,Gambia,84.10815494596909
1995,63,GNQ,Equatorial Guinea,0.0
1995,64,GRC,Greece,248976.92449909783
1995,65,GTM,Guatemala,312.1214446414696
1995,66,HND,Honduras,809.6870684349171
1995,67,HKG,Hong Kong,0.0
1995,68,HRV,Croatia,485.100970983386
1995,69,HTI,Haiti,144.6622678971246
1995,70,HUN,Hungary,225.52035837840194
1995,71,IDN,Indonesia,283534.89130012365
1995,72,IND,India,5983491.69396447
1995,73,IRL,Ireland,206.30257269630147
1995,74,IRN,Iran,1829044.24985321
1995,75,IRQ,Iraq,193089.58447046182
1995,76,ISL,Iceland,0.16432299118765195
1995,77,ISR,Israel,40555.927667997516
1995,78,ITA,Italy,119843.30065177334
1995,79,JAM,Jamaica,370.94891120980003
1995,80,JOR,Jordan,17909.275720851798
1995,81,JPN,Japan,1265.7227210234612
1995,82,KAZ,Kazakhstan,62773.27874082167
1995,83,KEN,Kenya,9543.96622294994
1995,84,KGZ,Kyrgyzstan,28732.455949301
1995,85,KHM,Cambodia,2101.118715436133
1995,86,KOR,South Korea,756.5236241812343
1995,87,KWT,Kuwait,1204.5180822320483
1995,88,LAO,Laos,1232.8396741287556
1995,89,LBN,Lebanon,53150.59574959629
1995,90,LBR,Liberia,18.68203434756076
1995,91,LBY,Libya,34867.0251520456
1995,92,LKA,Sri Lanka,35842.80952788147
1995,93,LTU,Lithuania,70.60610615059902
1995,94,LUX,Luxembourg,0.0107838902722
1995,95,LVA,Latvia,19.517776776117127
1995,96,MAR,Morocco,254605.750606662
1995,97,MDA,Moldova,66.39886216868071
1995,98,MDG,Madagascar,5881.283308925376
1995,99,MEX,Mexico,384717.59594251
1995,100,MKD,Macedonia,32764.459022985615
1995,101,MLI,Mali,8868.94088748775
1995,102,MLT,Malta,12.618242003423529
1995,103,MMR,Myanmar,5994.8081690916
1995,104,MNG,Mongolia,704.9515342606353
1995,105,MOZ,Mozambique,783.4847254886947
1995,106,MRT,Mauritania,12626.659260828801
1995,107,MWI,Malawi,521.6729799486891
1995,108,MYS,Malaysia,294.35993236312277
1995,109,NAM,Namibia,179.9079482876869
1995,110,NER,Niger,2611.2176810154997
1995,111,NGA,Nigeria,15394.72908723203
1995,112,NIC,Nicaragua,89.00800418714084
1995,113,NLD,Netherlands,195.59252375896878
1995,114,NOR,Norway,27.92394070633999
1995,115,NPL,Nepal,12750.99400979163
1995,116,NZL,New Zealand,1248.295177484503
1995,117,OMN,Oman,5743.118835273392
1995,118,PAK,Pakistan,1604987.5376406582
1995,119,PSE,Palestine,296.830208
1995,120,PAN,Panama,228.28950265728
1995,121,PER,Peru,14395.880031498666
1995,122,PHL,Philippines,9516.312544513
1995,123,PNG,Papua New Guinea,8.04089975486348
1995,124,POL,Poland,3198.8773911069557
1995,125,PRK,North Korea,1266.2874896124736
1995,126,PRT,Portugal,106390.48675656698
1995,127,PRY,Paraguay,37110.50432663728
1995,128,QAT,Qatar,767.544152264755
1995,129,ROU,Romania,4427.8294302716895
1995,130,RUS,Russia,68566.03898228562
1995,131,RWA,Rwanda,15119.133329219198
1995,132,SAU,Saudi Arabia,87772.14130146323
1995,133,SDS,South Sudan,0.0
1995,134,SEN,Senegal,26528.3532726056
1995,135,SGP,Singapore,0.020564824254341446
1995,136,SLE,Sierra Leone,105.56558116855891
1995,137,SLV,El Salvador,64.55753693211469
1995,138,SOM,Somalia,10140.6276179177
1995,139,SRB,Serbia,5210.52659985959
1995,140,SDN,Sudan,139694.96921739017
1995,141,SVK,Slovakia,190.6465448929807
1995,142,SVN,Slovenia,18.001928257291077
1995,143,SWE,Sweden,196.95558497543865
1995,144,SYR,Syria,546297.8980364804
1995,145,TCD,Chad,1150.4368586879004
1995,146,TGO,Togo,284.148865757198
1995,147,THA,Thailand,55844.007152805796
1995,148,TJK,Tajikistan,48742.3277885282
1995,149,TKM,Turkmenistan,103758.9893326145
1995,150,TUN,Tunisia,66378.590217972
1995,151,TUR,Turkey,449478.00359154656
1995,152,TZA,Tanzania,7208.6164017674
1995,153,UGA,Uganda,84517.0508329561
1995,154,UKR,Ukraine,46799.70824949942
1995,155,URY,Uruguay,1399.8830404248301
1995,156,USA,United States,1719703.216464418
1995,157,UZB,Uzbekistan,341462.342840833
1995,158,VEN,Venezuela,7270.193353296375
1995,159,VNM,Viet Nam,38963.243968371426
1995,160,YEM,Yemen,101319.80310102038
1995,161,ZAF,South Africa,74511.58846145163
1995,162,ZMB,Zambia,297.7340504648099
1995,163,ZWE,Zimbabwe,1652.434071179025
1996,0,XAM,Rest of Americas,28697.956466531905
1996,1,XEU,Rest of Europe,1392.3506901570354
1996,2,XAF,Rest of Africa,482.23620805414726
1996,3,XAS,Rest of Asia-Pacific,176.59376957965472
1996,4,AFG,Afghanistan,79808.1274234189
1996,5,AGO,Angola,281.442855283408
1996,6,ALB,Albania,6337.590486074659
1996,7,ARE,United Arab Emirates,31844.79825557035
1996,8,ARG,Argentina,86048.57715830799
1996,9,ARM,Armenia,22229.641825098566
1996,10,AUS,Australia,237876.7144908119
1996,11,AUT,Austria,145.85359428599895
1996,12,AZE,Azerbaijan,54800.709965988906
1996,13,BDI,Burundi,11103.423136533609
1996,14,BEL,Belgium,154.05557929465073
1996,15,BEN,Benin,901.504765268329
1996,16,BFA,Burkina Faso,1877.7647116305789
1996,17,BGD,Bangladesh,5922.4999202581
1996,18,BGR,Bulgaria,4123.104973062327
1996,19,BHR,Bahrain,38.3120967717359
1996,20,BHS,Bahamas,0.0
1996,21,BIH,Bosnia and Herzegovina,14.473604552170599
1996,22,BLR,Belarus,54.48031528112739
1996,23,BLZ,Belize,4.879043096437
1996,24,BOL,Bolivia,1705.5775186255
1996,25,BRA,Brazil,20342.123049187445
1996,26,BRN,Brunei Darussalam,0.005974524926423346
1996,27,BTN,Bhutan,8.709685378553939
1996,28,BWA,Botswana,225.7634209189788
1996,29,CAF,Central African Republic,509.2559973630081
1996,30,CAN,Canada,8874.99938741918
1996,31,CHE,Switzerland,29.428710417750583
1996,32,CHL,Chile,17394.206386251404
1996,33,CHN,China,5160561.614878446
1996,34,CIV,Cote d'Ivoire,5149.6525364255995
1996,35,CMR,Cameroon,1829.881337054704
1996,36,COD,DR Congo,3115.325580301759
1996,37,COG,Rep Congo,3.403636276520755
1996,38,COL,Colombia,717.7071883008347
1996,39,CRI,Costa Rica,9938.301471647075
1996,40,CUB,Cuba,9772.2087384829
1996,41,CYP,Cyprus,23546.60425805219
1996,42,CZE,Czech Republic,145.9269360215412
1996,43,DEU,Germany,895.0686995428902
1996,44,DJI,Djibouti,28.602797005513004
1996,45,DYE,DR Yemen (Aden),0.0
1996,46,DNK,Denmark,203.41447070947598
1996,47,DOM,Dominican Republic,15737.40369782869
1996,48,DZA,Algeria,39000.63586683967
1996,49,ECU,Ecuador,1284.1139822597092
1996,50,EGY,Egypt,4571804.355040644
1996,51,ERI,Eritrea,2992.2485476928205
1996,52,ESP,Spain,987277.4926546101
1996,53,EST,Estonia,9.113735040305867
1996,54,ETH,Ethiopia,22489.94313415591
1996,55,FIN,Finland,51.04255503668446
1996,56,FRA,France,21963.687885325067
1996,57,GAB,Gabon,9.24440467640813
1996,58,GBR,United Kingdom,2173.095833000995
1996,59,GEO,Georgia,14723.902739120771
1996,60,GHA,Ghana,8052.7025035671495
1996,61,GIN,Guinea,3758.9635718441004
1996,62,GMB,Gambia,104.3499484151071
1996,63,GNQ,Equatorial Guinea,0.0
1996,64,GRC,Greece,249410.72754351958
1996,65,GTM,Guatemala,329.0057112017236
1996,66,HND,Honduras,858.8521617918245
1996,67,HKG,Hong Kong,0.0
1996,68,HRV,Croatia,536.1660412307172
1996,69,HTI,Haiti,151.44383057878235
1996,70,HUN,Hungary,240.68763649866997
1996,71,IDN,Indonesia,288595.22883016383
1996,72,IND,India,6088828.857441699
1996,73,IRL,Ireland,206.38912748337336
1996,74,IRN,Iran,1887398.852087156
1996,75,IRQ,Iraq,207825.0043796507
1996,76,ISL,Iceland,0.133207291254643
1996,77,ISR,Israel,43193.38108279677
1996,78,ITA,Italy,122523.88537486357
1996,79,JAM,Jamaica,399.2406851403
1996,80,JOR,Jordan,18774.060092871
1996,81,JPN,Japan,1219.3049679660655
1996,82,KAZ,Kazakhstan,58417.4807041626
1996,83,KEN,Kenya,11711.96613567601
1996,84,KGZ,Kyrgyzstan,26600.980788083598
1996,85,KHM,Cambodia,1995.389561812748
1996,86,KOR,South Korea,835.3431904265751
1996,87,KWT,Kuwait,1314.0183671163961
1996,88,LAO,Laos,1137.9807602346964
1996,89,LBN,Lebanon,56639.51860282913
1996,90,LBR,Liberia,20.46816839134302
1996,91,LBY,Libya,50428.334922595
1996,92,LKA,Sri Lanka,35034.6545819046
1996,93,LTU,Lithuania,68.78461522945133
1996,94,LUX,Luxembourg,0.00146606613976
1996,95,LVA,Latvia,18.128090940917755
1996,96,MAR,Morocco,393373.470848054
1996,97,MDA,Moldova,55.24521419109826
1996,98,MDG,Madagascar,6722.066039127081
1996,99,MEX,Mexico,424450.08220798
1996,100,MKD,Macedonia,32232.14184499861
1996,101,MLI,Mali,10397.10726322781
1996,102,MLT,Malta,12.206224154266156
1996,103,MMR,Myanmar,6324.0597941715005
1996,104,MNG,Mongolia,654.7214068908334
1996,105,MOZ,Mozambique,1000.2558024501743
1996,106,MRT,Mauritania,15911.4728587746
1996,107,MWI,Malawi,591.44139620856
1996,108,MYS,Malaysia,327.6883175807683
1996,109,NAM,Namibia,291.8102502471907
1996,110,NER,Niger,3351.8656206889996
1996,111,NGA,Nigeria,19157.982427952727
1996,112,NIC,Nicaragua,96.42163870353941
1996,113,NLD,Netherlands,193.41903994860735
1996,114,NOR,Norway,28.222883529235972
1996,115,NPL,Nepal,12033.294725267118
1996,116,NZL,New Zealand,1251.9528144649162
1996,117,OMN,Oman,6136.92394119412
1996,118,PAK,Pakistan,1561153.4610677012
1996,119,PSE,Palestine,286.9509156
1996,120,PAN,Panama,242.53178778096998
1996,121,PER,Peru,15839.066177962648
1996,122,PHL,Philippines,9068.283893692602
1996,123,PNG,Papua New Guinea,7.332527555584369
1996,124,POL,Poland,2855.797931448896
1996,125,PRK,North Korea,1227.2338023994055
1996,126,PRT,Portugal,113888.444673116
1996,127,PRY,Paraguay,38717.61705278089
1996,128,QAT,Qatar,753.733908550922
1996,129,ROU,Romania,3589.5574738303794
1996,130,RUS,Russia,64323.45984581152
1996,131,RWA,Rwanda,18159.771602211033
1996,132,SAU,Saudi Arabia,90349.97475310524
1996,133,SDS,South Sudan,0.0
1996,134,SEN,Senegal,33731.786941354396
1996,135,SGP,Singapore,0.02170038095739455
1996,136,SLE,Sierra Leone,130.7607963029149
1996,137,SLV,El Salvador,65.62417383225889
1996,138,SOM,Somalia,12654.8140426938
1996,139,SRB,Serbia,4877.28809714453
1996,140,SDN,Sudan,171895.77464512605
1996,141,SVK,Slovakia,206.52869092839958
1996,142,SVN,Slovenia,18.408791934876632
1996,143,SWE,Sweden,200.93086435453054
1996,144,SYR,Syria,583966.832881993
1996,145,TCD,Chad,1708.0315742641005
1996,146,TGO,Togo,352.565229600928
1996,147,THA,Thailand,53328.1503661297
1996,148,TJK,Tajikistan,42694.6095475799
1996,149,TKM,Turkmenistan,95123.65676890101
1996,150,TUN,Tunisia,89899.73981933699
1996,151,TUR,Turkey,471711.7818432676
1996,152,TZA,Tanzania,8705.248408732801
1996,153,UGA,Uganda,99978.65006439583
1996,154,UKR,Ukraine,41298.84070252646
1996,155,URY,Uruguay,1462.2621697404
1996,156,USA,United States,1785473.7040078396
1996,157,UZB,Uzbekistan,312853.089336045
1996,158,VEN,Venezuela,7579.281139446664
1996,159,VNM,Viet Nam,36026.547307104534
1996,160,YEM,Yemen,101170.1276604608
1996,161,ZAF,South Africa,90417.88794081441
1996,162,ZMB,Zambia,357.05122981232
1996,163,ZWE,Zimbabwe,1978.7937267824839
1997,0,XAM,Rest of Americas,29207.50992456621
1997,1,XEU,Rest of Europe,1490.1051500375756
1997,2,XAF,Rest of Africa,470.8065290156562
1997,3,XAS,Rest of Asia-Pacific,180.85258132710908
1997,4,AFG,Afghanistan,77803.64650200409
1997,5,AGO,Angola,353.091964535484
1997,6,ALB,Albania,4005.5375641488827
1997,7,ARE,United Arab Emirates,31245.049504343202
1997,8,ARG,Argentina,89462.04663822919
1997,9,ARM,Armenia,20094.655312596995
1997,10,AUS,Australia,229993.84245908688
1997,11,AUT,Austria,146.13456108526134
1997,12,AZE,Azerbaijan,52280.2203750225
1997,13,BDI,Burundi,10826.49052218468
1997,14,BEL,Belgium,150.9902708252835
1997,15,BEN,Benin,863.7750516653741
1997,16,BFA,Burkina Faso,1726.290082756713
1997,17,BGD,Bangladesh,5820.32239599439
1997,18,BGR,Bulgaria,4944.506362633385
1997,19,BHR,Bahrain,39.6318696816945
1997,20,BHS,Bahamas,0.0
1997,21,BIH,Bosnia and Herzegovina,16.473701514547326
1997,22,BLR,Belarus,55.85629394752701
1997,23,BLZ,Belize,4.3303863717602
1997,24,BOL,Bolivia,1771.3969793292006
1997,25,BRA,Brazil,19902.01571752675
1997,26,BRN,Brunei Darussalam,0.005998979720052892
1997,27,BTN,Bhutan,8.223535902802826
1997,28,BWA,Botswana,206.8132237998713
1997,29,CAF,Central African Republic,463.38868355211
1997,30,CAN,Canada,8361.094560992373
1997,31,CHE,Switzerland,27.79632623156521
1997,32,CHL,Chile,17511.446895367673
1997,33,CHN,China,5500363.324874885
1997,34,CIV,Cote d'Ivoire,4923.430136879781
1997,35,CMR,Cameroon,1816.2778212712592
1997,36,COD,DR Congo,3027.8796077340503
1997,37,COG,Rep Congo,3.226635003408796
1997,38,COL,Colombia,739.5443066021955
1997,39,CRI,Costa Rica,9964.77705329237
1997,40,CUB,Cuba,10094.6146895233
1997,41,CYP,Cyprus,21342.538770505187
1997,42,CZE,Czech Republic,135.19858508220332
1997,43,DEU,Germany,893.1402119467749
1997,44,DJI,Djibouti,25.770839660346994
1997,45,DYE,DR Yemen (Aden),0.0
1997,46,DNK,Denmark,205.46905595220852
1997,47,DOM,Dominican Republic,16237.91969209905
1997,48,DZA,Algeria,30223.982126587776
1997,49,ECU,Ecuador,1295.185301794466
1997,50,EGY,Egypt,4463450.358746373
1997,51,ERI,Eritrea,2787.08620643564
1997,52,ESP,Spain,1078340.76574765
1997,53,EST,Estonia,8.365334832888507
1997,54,ETH,Ethiopia,21818.109186281483
1997,55,FIN,Finland,51.817180020373115
1997,56,FRA,France,23062.46090225438
1997,57,GAB,Gabon,8.846197267491249
1997,58,GBR,United Kingdom,2160.1372490071
1997,59,GEO,Georgia,13915.32784366222
1997,60,GHA,Ghana,7680.96861176937
1997,61,GIN,Guinea,3571.823566105162
1997,62,GMB,Gambia,95.4778022007612
1997,63,GNQ,Equatorial Guinea,0.0
1997,64,GRC,Greece,235905.9007609243
1997,65,GTM,Guatemala,338.8234673241085
1997,66,HND,Honduras,856.6123842962609
1997,67,HKG,Hong Kong,0.0
1997,68,HRV,Croatia,435.00989384721055
1997,69,HTI,Haiti,154.05282955882564
1997,70,HUN,Hungary,242.13760750448102
1997,71,IDN,Indonesia,276343.7906803186
1997,72,IND,India,6245033.870375831
1997,73,IRL,Ireland,211.5932933075106
1997,74,IRN,Iran,1870122.950033845
1997,75,IRQ,Iraq,202331.0051802594
1997,76,ISL,Iceland,0.12852516932443853
1997,77,ISR,Israel,43154.97678206377
1997,78,ITA,Italy,125575.22987808746
1997,79,JAM,Jamaica,423.2312599879
1997,80,JOR,Jordan,18975.30871642026
1997,81,JPN,Japan,1183.9730579253119
1997,82,KAZ,Kazakhstan,58741.519718428885
1997,83,KEN,Kenya,11366.014663461268
1997,84,KGZ,Kyrgyzstan,25833.468628959403
1997,85,KHM,Cambodia,1981.6510812969402
1997,86,KOR,South Korea,851.7483459051307
1997,87,KWT,Kuwait,1293.5849613556873
1997,88,LAO,Laos,1093.3539518399305
1997,89,LBN,Lebanon,58189.47266146378
1997,90,LBR,Liberia,21.31170054681245
1997,91,LBY,Libya,45388.0731239685
1997,92,LKA,Sri Lanka,35858.56948610037
1997,93,LTU,Lithuania,69.03184992341001
1997,94,LUX,Luxembourg,0.00267560574771
1997,95,LVA,Latvia,16.7120096603238
1997,96,MAR,Morocco,336913.84817609796
1997,97,MDA,Moldova,51.4386608252588
1997,98,MDG,Madagascar,6619.747289524495
1997,99,MEX,Mexico,414305.63293203
1997,100,MKD,Macedonia,34054.14386814485
1997,101,MLI,Mali,10190.72837151153
1997,102,MLT,Malta,12.45728874282875
1997,103,MMR,Myanmar,3062.0135927075003
1997,104,MNG,Mongolia,498.965516776379
1997,105,MOZ,Mozambique,964.7125345694076
1997,106,MRT,Mauritania,15008.4490699542
1997,107,MWI,Malawi,603.908006445595
1997,108,MYS,Malaysia,323.0803321559639
1997,109,NAM,Namibia,263.1190756031657
1997,110,NER,Niger,3535.8795666505002
1997,111,NGA,Nigeria,19428.07015255183
1997,112,NIC,Nicaragua,94.51959178525448
1997,113,NLD,Netherlands,183.80531245301685
1997,114,NOR,Norway,28.59463505651295
1997,115,NPL,Nepal,12065.63009904977
1997,116,NZL,New Zealand,1297.516643397155
1997,117,OMN,Oman,6230.895885782559
1997,118,PAK,Pakistan,1564050.76321208
1997,119,PSE,Palestine,280.76841651
1997,120,PAN,Panama,245.10534197776002
1997,121,PER,Peru,16350.985342184984
1997,122,PHL,Philippines,8789.0153360161
1997,123,PNG,Papua New Guinea,6.76194074489813
1997,124,POL,Poland,2646.970928612719
1997,125,PRK,North Korea,1216.5905836993159
1997,126,PRT,Portugal,104440.93939904601
1997,127,PRY,Paraguay,40763.81285242696
1997,128,QAT,Qatar,872.822938096401
1997,129,ROU,Romania,4441.13649016032
1997,130,RUS,Russia,69807.62959373555
1997,131,RWA,Rwanda,17530.660295243884
1997,132,SAU,Saudi Arabia,88498.37232434364
1997,133,SDS,South Sudan,0.0
1997,134,SEN,Senegal,32131.8974980169
1997,135,SGP,Singapore,0.0228563731441952
1997,136,SLE,Sierra Leone,117.41621056958549
1997,137,SLV,El Salvador,65.12367980570559
1997,138,SOM,Somalia,12931.977661568599
1997,139,SRB,Serbia,4750.649313231159
1997,140,SDN,Sudan,154003.5148588943
1997,141,SVK,Slovakia,218.19373441121124
1997,142,SVN,Slovenia,17.671764301478717
1997,143,SWE,Sweden,198.35572112241366
1997,144,SYR,Syria,521665.36217340524
1997,145,TCD,Chad,1531.4516149975
1997,146,TGO,Togo,329.438155373139
1997,147,THA,Thailand,49600.410983119305
1997,148,TJK,Tajikistan,41542.1017173809
1997,149,TKM,Turkmenistan,92815.05409985001
1997,150,TUN,Tunisia,80398.45954428401
1997,151,TUR,Turkey,472718.4406045516
1997,152,TZA,Tanzania,8463.5914130771
1997,153,UGA,Uganda,97856.72417049346
1997,154,UKR,Ukraine,38635.54041693034
1997,155,URY,Uruguay,1510.1350114743
1997,156,USA,United States,1846795.9080547667
1997,157,UZB,Uzbekistan,311243.69028507103
1997,158,VEN,Venezuela,8169.363322190253
1997,159,VNM,Viet Nam,33328.69791159482
1997,160,YEM,Yemen,92887.6101776396
1997,161,ZAF,South Africa,85088.88012933958
1997,162,ZMB,Zambia,377.65248403696
1997,163,ZWE,Zimbabwe,2034.0243369076288
1998,0,XAM,Rest of Americas,27357.562419612856
1998,1,XEU,Rest of Europe,1393.1396213113367
1998,2,XAF,Rest of Africa,474.0566561551785
1998,3,XAS,Rest of Asia-Pacific,150.91026542666802
1998,4,AFG,Afghanistan,82382.56966560788
1998,5,AGO,Angola,286.7251299426429
1998,6,ALB,Albania,4518.527100221881
1998,7,ARE,United Arab Emirates,30291.809768489176
1998,8,ARG,Argentina,85148.86052069684
1998,9,ARM,Armenia,20660.179827823264
1998,10,AUS,Australia,244594.24980239884
1998,11,AUT,Austria,143.57076476251808
1998,12,AZE,Azerbaijan,52278.9890239824
1998,13,BDI,Burundi,11086.92671621869
1998,14,BEL,Belgium,149.75223296255604
1998,15,BEN,Benin,890.4147470645912
1998,16,BFA,Burkina Faso,1761.888218404583
1998,17,BGD,Bangladesh,6098.638189335999
1998,18,BGR,Bulgaria,5245.559854721672
1998,19,BHR,Bahrain,42.711053248792396
1998,20,BHS,Bahamas,0.0
1998,21,BIH,Bosnia and Herzegovina,20.153851158311827
1998,22,BLR,Belarus,78.95823760272906
1998,23,BLZ,Belize,4.0263901236134005
1998,24,BOL,Bolivia,1853.4425068372
1998,25,BRA,Brazil,18101.12531279061
1998,26,BRN,Brunei Darussalam,0.005559360726994087
1998,27,BTN,Bhutan,7.952875585591597
1998,28,BWA,Botswana,198.6391997149363
1998,29,CAF,Central African Republic,465.411572005003
1998,30,CAN,Canada,9065.001270138757
1998,31,CHE,Switzerland,27.49406598198797
1998,32,CHL,Chile,16684.43195370719
1998,33,CHN,China,5223503.29484562
1998,34,CIV,Cote d'Ivoire,5001.34871225303
1998,35,CMR,Cameroon,1866.4668772184768
1998,36,COD,DR Congo,3121.413380853841
1998,37,COG,Rep Congo,3.22097955109853
1998,38,COL,Colombia,700.3013993461468
1998,39,CRI,Costa Rica,9466.501216028331
1998,40,CUB,Cuba,9509.486430431001
1998,41,CYP,Cyprus,23684.738232909185
1998,42,CZE,Czech Republic,128.30102460203975
1998,43,DEU,Germany,893.6023225057628
1998,44,DJI,Djibouti,23.755041547451
1998,45,DYE,DR Yemen (Aden),0.0
1998,46,DNK,Denmark,206.3383628051135
1998,47,DOM,Dominican Republic,16706.30888837509
1998,48,DZA,Algeria,33625.11079995119
1998,49,ECU,Ecuador,1253.9105799874364
1998,50,EGY,Egypt,4620456.599720398
1998,51,ERI,Eritrea,2821.75034539913
1998,52,ESP,Spain,1030036.06886067
1998,53,EST,Estonia,7.989789498433493
1998,54,ETH,Ethiopia,21596.4441777326
1998,55,FIN,Finland,47.708986461922144
1998,56,FRA,France,21948.350244327572
1998,57,GAB,Gabon,9.061905285456639
1998,58,GBR,United Kingdom,2121.1473904608006
1998,59,GEO,Georgia,13230.699297652081
1998,60,GHA,Ghana,7778.30153749863
1998,61,GIN,Guinea,3643.0235602532166
1998,62,GMB,Gambia,92.69104794020299
1998,63,GNQ,Equatorial Guinea,0.0
1998,64,GRC,Greece,230926.57758698572
1998,65,GTM,Guatemala,320.91693121222653
1998,66,HND,Honduras,831.8793353589194
1998,67,HKG,Hong Kong,0.0
1998,68,HRV,Croatia,467.4281394901059
1998,69,HTI,Haiti,150.81781148431065
1998,70,HUN,Hungary,241.412038311725
1998,71,IDN,Indonesia,276456.3982895696
1998,72,IND,India,6252734.877499519
1998,73,IRL,Ireland,217.72486719956507
1998,74,IRN,Iran,1916695.845308884
1998,75,IRQ,Iraq,219412.4285717198
1998,76,ISL,Iceland,0.150610275598185
1998,77,ISR,Israel,43784.75070180213
1998,78,ITA,Italy,125379.66387163855
1998,79,JAM,Jamaica,432.4882633715
1998,80,JOR,Jordan,18757.255234343218
1998,81,JPN,Japan,1067.2821932301183
1998,82,KAZ,Kazakhstan,57269.37300041485
1998,83,KEN,Kenya,11617.2307596988
1998,84,KGZ,Kyrgyzstan,24770.2059879719
1998,85,KHM,Cambodia,1978.531182738207
1998,86,KOR,South Korea,792.350998054292
1998,87,KWT,Kuwait,1294.0139529622295
1998,88,LAO,Laos,1066.0258762122457
1998,89,LBN,Lebanon,57931.76929094114
1998,90,LBR,Liberia,21.95198950362656
1998,91,LBY,Libya,48274.064557298
1998,92,LKA,Sri Lanka,36844.117983727454
1998,93,LTU,Lithuania,66.64180955252804
1998,94,LUX,Luxembourg,0.00217269206045
1998,95,LVA,Latvia,15.471170355842478
1998,96,MAR,Morocco,375123.42190971394
1998,97,MDA,Moldova,69.00628667881016
1998,98,MDG,Madagascar,6813.763680768641
1998,99,MEX,Mexico,417846.68667357
1998,100,MKD,Macedonia,27101.55633142564
1998,101,MLI,Mali,10278.531702526401
1998,102,MLT,Malta,11.83410216710182
1998,103,MMR,Myanmar,2937.3189953395004
1998,104,MNG,Mongolia,486.8551047353992
1998,105,MOZ,Mozambique,975.2150717743959
1998,106,MRT,Mauritania,14740.028479138
1998,107,MWI,Malawi,611.5132721588091
1998,108,MYS,Malaysia,252.38667330286455
1998,109,NAM,Namibia,262.09468957625387
1998,110,NER,Niger,3332.7491762358004
1998,111,NGA,Nigeria,19849.92937668204
1998,112,NIC,Nicaragua,90.03929470401802
1998,113,NLD,Netherlands,177.81699941875772
1998,114,NOR,Norway,28.59991329041697
1998,115,NPL,Nepal,12242.07571838119
1998,116,NZL,New Zealand,1229.9582578602449
1998,117,OMN,Oman,6081.223965717321
1998,118,PAK,Pakistan,1625997.6827754318
1998,119,PSE,Palestine,303.50675385
1998,120,PAN,Panama,236.35536493981
1998,121,PER,Peru,14987.872895319442
1998,122,PHL,Philippines,8692.8613273256
1998,123,PNG,Papua New Guinea,6.3789193157368
1998,124,POL,Poland,2226.7344540476574
1998,125,PRK,North Korea,1207.6637158723693
1998,126,PRT,Portugal,115245.853473698
1998,127,PRY,Paraguay,38422.61281908541
1998,128,QAT,Qatar,909.483718082393
1998,129,ROU,Romania,4149.372869631008
1998,130,RUS,Russia,51614.76040256341
1998,131,RWA,Rwanda,18224.339955683034
1998,132,SAU,Saudi Arabia,90638.17420586053
1998,133,SDS,South Sudan,0.0
1998,134,SEN,Senegal,33998.48138401371
1998,135,SGP,Singapore,0.022703535809234385
1998,136,SLE,Sierra Leone,116.19474763007992
1998,137,SLV,El Salvador,63.06726359515581
1998,138,SOM,Somalia,12784.633517337605
1998,139,SRB,Serbia,4114.76060847398
1998,140,SDN,Sudan,171083.95484548266
1998,141,SVK,Slovakia,198.9513379692909
1998,142,SVN,Slovenia,17.116951555935984
1998,143,SWE,Sweden,195.31417139277204
1998,144,SYR,Syria,544592.17980455
1998,145,TCD,Chad,1566.3653912856998
1998,146,TGO,Togo,325.918473148011
1998,147,THA,Thailand,48316.4389442541
1998,148,TJK,Tajikistan,40192.4455388589
1998,149,TKM,Turkmenistan,93305.8473350295
1998,150,TUN,Tunisia,85266.896630183
1998,151,TUR,Turkey,538044.2286781054
1998,152,TZA,Tanzania,8605.0579985842
1998,153,UGA,Uganda,101662.82339830461
1998,154,UKR,Ukraine,36187.77985860295
1998,155,URY,Uruguay,1441.2496179946
1998,156,USA,United States,1746194.6802698392
1998,157,UZB,Uzbekistan,307744.366370547
1998,158,VEN,Venezuela,7866.181965601218
1998,159,VNM,Viet Nam,34614.24829349217
1998,160,YEM,Yemen,95747.6597496726
1998,161,ZAF,South Africa,83296.77748876816
1998,162,ZMB,Zambia,342.93745300802004
1998,163,ZWE,Zimbabwe,1989.854659267878
1999,0,XAM,Rest of Americas,31793.971163666145
1999,1,XEU,Rest of Europe,1436.479581234312
1999,2,XAF,Rest of Africa,441.3898793165256
1999,3,XAS,Rest of Asia-Pacific,135.14844807796504
1999,4,AFG,Afghanistan,89498.1267370327
1999,5,AGO,Angola,253.87007357183603
1999,6,ALB,Albania,5401.75932160339
1999,7,ARE,United Arab Emirates,33678.06814073351
1999,8,ARG,Argentina,90211.60350196876
1999,9,ARM,Armenia,21240.124771571052
1999,10,AUS,Australia,257649.73843980805
1999,11,AUT,Austria,150.33585153776815
1999,12,AZE,Azerbaijan,55367.82225086041
1999,13,BDI,Burundi,11317.283269229269
1999,14,BEL,Belgium,156.39415368376942
1999,15,BEN,Benin,888.066157151188
1999,16,BFA,Burkina Faso,1658.807412544442
1999,17,BGD,Bangladesh,6667.27964102288
1999,18,BGR,Bulgaria,5176.532251921464
1999,19,BHR,Bahrain,41.5641840795004
1999,20,BHS,Bahamas,0.0
1999,21,BIH,Bosnia and Herzegovina,27.7461586947915
1999,22,BLR,Belarus,77.61382837629466
1999,23,BLZ,Belize,4.9286750586757
1999,24,BOL,Bolivia,2043.8285981359002
1999,25,BRA,Brazil,22405.387484661635
1999,26,BRN,Brunei Darussalam,0.006397419880345529
1999,27,BTN,Bhutan,8.767901974485637
1999,28,BWA,Botswana,169.6573201015156
1999,29,CAF,Central African Republic,468.34113850779704
1999,30,CAN,Canada,9564.090188940465
1999,31,CHE,Switzerland,26.979608668056752
1999,32,CHL,Chile,17535.468143356884
1999,33,CHN,China,5326284.3868166
1999,34,CIV,Cote d'Ivoire,5340.768738239321
1999,35,CMR,Cameroon,1958.396668450692
1999,36,COD,DR Congo,3234.292036377176
1999,37,COG,Rep Congo,3.361770374679449
1999,38,COL,Colombia,723.72652397486
1999,39,CRI,Costa Rica,9602.514124071637
1999,40,CUB,Cuba,10508.165115077501
1999,41,CYP,Cyprus,21571.67735709119
1999,42,CZE,Czech Republic,130.2027362326108
1999,43,DEU,Germany,896.8063310168056
1999,44,DJI,Djibouti,24.097343367307005
1999,45,DYE,DR Yemen (Aden),0.0
1999,46,DNK,Denmark,195.62720988885138
1999,47,DOM,Dominican Republic,18127.763839382576
1999,48,DZA,Algeria,23928.11539372029
1999,49,ECU,Ecuador,1058.1301970033774
1999,50,EGY,Egypt,4387742.725927346
1999,51,ERI,Eritrea,2377.1797687879102
1999,52,ESP,Spain,926690.16528133
1999,53,EST,Estonia,7.813255417775798
1999,54,ETH,Ethiopia,20456.721688970796
1999,55,FIN,Finland,49.464380344358155
1999,56,FRA,France,22146.611861674337
1999,57,GAB,Gabon,9.236885738304116
1999,58,GBR,United Kingdom,2157.372483015001
1999,59,GEO,Georgia,13785.79447992002
1999,60,GHA,Ghana,8334.06498206489
1999,61,GIN,Guinea,3762.6595025131323
1999,62,GMB,Gambia,96.712450571573
1999,63,GNQ,Equatorial Guinea,0.0
1999,64,GRC,Greece,255456.81986501272
1999,65,GTM,Guatemala,378.4026855887188
1999,66,HND,Honduras,846.8961338991661
1999,67,HKG,Hong Kong,0.0
1999,68,HRV,Croatia,512.5881547510593
1999,69,HTI,Haiti,158.3607551807067
1999,70,HUN,Hungary,268.257320793636
1999,71,IDN,Indonesia,277428.9338408659
1999,72,IND,India,6596435.15132804
1999,73,IRL,Ireland,219.879253056939
1999,74,IRN,Iran,1846316.03573719
1999,75,IRQ,Iraq,222212.05063006963
1999,76,ISL,Iceland,0.1633121937719999
1999,77,ISR,Israel,44351.71528646929
1999,78,ITA,Italy,133000.21256379934
1999,79,JAM,Jamaica,467.6946316129
1999,80,JOR,Jordan,19070.897174259175
1999,81,JPN,Japan,1089.7172418615066
1999,82,KAZ,Kazakhstan,63140.53646879674
1999,83,KEN,Kenya,11047.24047692525
1999,84,KGZ,Kyrgyzstan,26004.127427438903
1999,85,KHM,Cambodia,2214.4392557467327
1999,86,KOR,South Korea,815.9480837211755
1999,87,KWT,Kuwait,1332.4824527093535
1999,88,LAO,Laos,1177.0475554147642
1999,89,LBN,Lebanon,60890.266274320325
1999,90,LBR,Liberia,23.79910617401529
1999,91,LBY,Libya,44199.0393548908
1999,92,LKA,Sri Lanka,40820.3900937323
1999,93,LTU,Lithuania,59.71119187751057
1999,94,LUX,Luxembourg,0.0055515906338
1999,95,LVA,Latvia,13.773288761414815
1999,96,MAR,Morocco,311741.79181060893
1999,97,MDA,Moldova,61.317659813861084
1999,98,MDG,Madagascar,7235.237686242852
1999,99,MEX,Mexico,399854.81348461995
1999,100,MKD,Macedonia,26147.349671904856
1999,101,MLI,Mali,10684.42261879331
1999,102,MLT,Malta,12.164980581918007
1999,103,MMR,Myanmar,3200.0637832729003
1999,104,MNG,Mongolia,478.34218144569707
1999,105,MOZ,Mozambique,939.4461825565497
1999,106,MRT,Mauritania,14550.1905212668
1999,107,MWI,Malawi,648.5347492694199
1999,108,MYS,Malaysia,292.077511242505
1999,109,NAM,Namibia,217.95813676232763
1999,110,NER,Niger,2698.7486105099
1999,111,NGA,Nigeria,17491.25779741334
1999,112,NIC,Nicaragua,98.19250929155723
1999,113,NLD,Netherlands,181.2474561999053
1999,114,NOR,Norway,27.47535226813402
1999,115,NPL,Nepal,13635.859651455652
1999,116,NZL,New Zealand,1469.5964139142889
1999,117,OMN,Oman,6573.114633758776
1999,118,PAK,Pakistan,1743821.17861258
1999,119,PSE,Palestine,245.77064278
1999,120,PAN,Panama,232.32618145971998
1999,121,PER,Peru,14935.729766010603
1999,122,PHL,Philippines,9379.0180920946
1999,123,PNG,Papua New Guinea,6.2222947054365605
1999,124,POL,Poland,2217.762813758097
1999,125,PRK,North Korea,1336.3844462206102
1999,126,PRT,Portugal,105739.047312923
1999,127,PRY,Paraguay,42608.22875328912
1999,128,QAT,Qatar,849.0779975743291
1999,129,ROU,Romania,4298.604216008811
1999,130,RUS,Russia,56182.049272451
1999,131,RWA,Rwanda,18570.831881478363
1999,132,SAU,Saudi Arabia,86135.24057810707
1999,133,SDS,South Sudan,0.0
1999,134,SEN,Senegal,33423.4728462601
1999,135,SGP,Singapore,0.02516712833333302
1999,136,SLE,Sierra Leone,122.2584164084231
1999,137,SLV,El Salvador,68.6699196860586
1999,138,SOM,Somalia,12022.432698587301
1999,139,SRB,Serbia,3741.0294299424468
1999,140,SDN,Sudan,149136.24065495477
1999,141,SVK,Slovakia,204.8581452880448
1999,142,SVN,Slovenia,16.44221520121255
1999,143,SWE,Sweden,190.0999522633045
1999,144,SYR,Syria,493717.745555105
1999,145,TCD,Chad,1292.6046633354006
1999,146,TGO,Togo,331.526442155701
1999,147,THA,Thailand,53427.0179541838
1999,148,TJK,Tajikistan,41947.6365715755
1999,149,TKM,Turkmenistan,102249.93039822
1999,150,TUN,Tunisia,81279.268579301
1999,151,TUR,Turkey,480516.1849264313
1999,152,TZA,Tanzania,8617.5949400517
1999,153,UGA,Uganda,104407.86471239902
1999,154,UKR,Ukraine,31626.762159560803
1999,155,URY,Uruguay,1456.754044892
1999,156,USA,United States,1878128.4695836296
1999,157,UZB,Uzbekistan,343633.874699942
1999,158,VEN,Venezuela,7853.788557678015
1999,159,VNM,Viet Nam,37724.77164640037
1999,160,YEM,Yemen,87639.19344829503
1999,161,ZAF,South Africa,87622.8391619559
1999,162,ZMB,Zambia,330.02549204073
1999,163,ZWE,Zimbabwe,1980.5063088238876
2000,0,XAM,Rest of Americas,30864.74937705162
2000,1,XEU,Rest of Europe,1490.3826292877766
2000,2,XAF,Rest of Africa,437.8615989528918
2000,3,XAS,Rest of Asia-Pacific,143.20874826478112
2000,4,AFG,Afghanistan,101389.87919316199
2000,5,AGO,Angola,444.169922020693
2000,6,ALB,Albania,3708.25128414517
2000,7,ARE,United Arab Emirates,35836.76683527694
2000,8,ARG,Argentina,91115.80381387552
2000,9,ARM,Armenia,19836.531668127296
2000,10,AUS,Australia,247635.9709738233
2000,11,AUT,Austria,144.32235411769392
2000,12,AZE,Azerbaijan,58493.47498712019
2000,13,BDI,Burundi,10782.73581709128
2000,14,BEL,Belgium,159.0322086475299
2000,15,BEN,Benin,838.7088410963709
2000,16,BFA,Burkina Faso,1584.112818221542
2000,17,BGD,Bangladesh,6540.59397712819
2000,18,BGR,Bulgaria,4788.596936532449
2000,19,BHR,Bahrain,54.8933755408645
2000,20,BHS,Bahamas,0.0
2000,21,BIH,Bosnia and Herzegovina,31.233412671769592
2000,22,BLR,Belarus,120.51950862222895
2000,23,BLZ,Belize,5.666656151615
2000,24,BOL,Bolivia,2049.5346200280997
2000,25,BRA,Brazil,22587.365172871032
2000,26,BRN,Brunei Darussalam,0.007534983557633463
2000,27,BTN,Bhutan,8.9147511286424
2000,28,BWA,Botswana,182.30593883346597
2000,29,CAF,Central African Republic,450.224750704383
2000,30,CAN,Canada,9154.372986502332
2000,31,CHE,Switzerland,26.98120191059918
2000,32,CHL,Chile,17827.885018367724
2000,33,CHN,China,4841383.843366282
2000,34,CIV,Cote d'Ivoire,5262.240946571809
2000,35,CMR,Cameroon,1884.819382622951
2000,36,COD,DR Congo,3122.1222059703928
2000,37,COG,Rep Congo,3.445097733508417
2000,38,COL,Colombia,719.6818641538727
2000,39,CRI,Costa Rica,9803.213316468375
2000,40,CUB,Cuba,10235.8860088954
2000,41,CYP,Cyprus,21677.53992861531
2000,42,CZE,Czech Republic,120.00902511742048
2000,43,DEU,Germany,1066.605727463554
2000,44,DJI,Djibouti,28.03328448069
2000,45,DYE,DR Yemen (Aden),0.0
2000,46,DNK,Denmark,200.14429426032862
2000,47,DOM,Dominican Republic,17783.701554925912
2000,48,DZA,Algeria,27909.017445203586
2000,49,ECU,Ecuador,1024.65666267696
2000,50,EGY,Egypt,4151402.5424303524
2000,51,ERI,Eritrea,2311.7992316564696
2000,52,ESP,Spain,1050351.921057441
2000,53,EST,Estonia,7.11716358117013
2000,54,ETH,Ethiopia,21505.52953212156
2000,55,FIN,Finland,48.997116906926905
2000,56,FRA,France,21760.786392065755
2000,57,GAB,Gabon,8.943148810918528
2000,58,GBR,United Kingdom,2069.1556912539004
2000,59,GEO,Georgia,13531.378040271022
2000,60,GHA,Ghana,8183.94346014473
2000,61,GIN,Guinea,3561.090571942859
2000,62,GMB,Gambia,91.1814486452089
2000,63,GNQ,Equatorial Guinea,0.0
2000,64,GRC,Greece,256826.2948655659
2000,65,GTM,Guatemala,368.5459476002966
2000,66,HND,Honduras,855.6935297725616
2000,67,HKG,Hong Kong,0.0
2000,68,HRV,Croatia,393.81026676562226
2000,69,HTI,Haiti,156.3826129402972
2000,70,HUN,Hungary,224.54413953475904
2000,71,IDN,Indonesia,280430.2292227067
2000,72,IND,India,6619584.979355279
2000,73,IRL,Ireland,220.9634736090443
2000,74,IRN,Iran,1772699.6115282837
2000,75,IRQ,Iraq,216128.183276798
2000,76,ISL,Iceland,0.22942374848333105
2000,77,ISR,Israel,45575.365587068794
2000,78,ITA,Italy,128505.70441513695
2000,79,JAM,Jamaica,434.9841344483
2000,80,JOR,Jordan,18038.53879210601
2000,81,JPN,Japan,1122.803322569141
2000,82,KAZ,Kazakhstan,61868.833149638536
2000,83,KEN,Kenya,10842.802772539038
2000,84,KGZ,Kyrgyzstan,26590.410750028994
2000,85,KHM,Cambodia,2320.6890730430578
2000,86,KOR,South Korea,828.4840159818335
2000,87,KWT,Kuwait,1306.057792133473
2000,88,LAO,Laos,1232.871960544355
2000,89,LBN,Lebanon,59984.87597626282
2000,90,LBR,Liberia,23.42410045040273
2000,91,LBY,Libya,43524.8059657364
2000,92,LKA,Sri Lanka,40502.50873483732
2000,93,LTU,Lithuania,59.36077647526799
2000,94,LUX,Luxembourg,0.9747822920063586
2000,95,LVA,Latvia,12.906133304194267
2000,96,MAR,Morocco,284571.459247933
2000,97,MDA,Moldova,176.1230584837218
2000,98,MDG,Madagascar,7166.169418967142
2000,99,MEX,Mexico,407938.76070287003
2000,100,MKD,Macedonia,22998.12763298038
2000,101,MLI,Mali,10585.96090046672
2000,102,MLT,Malta,12.058439208483163
2000,103,MMR,Myanmar,3455.65179490656
2000,104,MNG,Mongolia,500.45423943287386
2000,105,MOZ,Mozambique,922.4424249525819
2000,106,MRT,Mauritania,14188.557719938202
2000,107,MWI,Malawi,662.6274421950714
2000,108,MYS,Malaysia,363.9050572316547
2000,109,NAM,Namibia,225.18187760829073
2000,110,NER,Niger,2626.0316592326
2000,111,NGA,Nigeria,16860.81732096092
2000,112,NIC,Nicaragua,96.16711797375757
2000,113,NLD,Netherlands,180.63625944505526
2000,114,NOR,Norway,25.901052218019963
2000,115,NPL,Nepal,13633.58921564836
2000,116,NZL,New Zealand,1420.5802617972709
2000,117,OMN,Oman,6703.1362025688995
2000,118,PAK,Pakistan,1738977.4526591701
2000,119,PSE,Palestine,235.74244344
2000,120,PAN,Panama,242.59969866289
2000,121,PER,Peru,16710.266632940413
2000,122,PHL,Philippines,10221.6030460082
2000,123,PNG,Papua New Guinea,6.490671184047909
2000,124,POL,Poland,1970.0924678477706
2000,125,PRK,North Korea,1306.7718511048217
2000,126,PRT,Portugal,97726.324289301
2000,127,PRY,Paraguay,42666.34649887671
2000,128,QAT,Qatar,1323.0343145116599
2000,129,ROU,Romania,3008.9101568301858
2000,130,RUS,Russia,65562.053785624
2000,131,RWA,Rwanda,17653.16393072539
2000,132,SAU,Saudi Arabia,85409.96313075721
2000,133,SDS,South Sudan,0.0
2000,134,SEN,Senegal,32546.5052878183
2000,135,SGP,Singapore,0.027625377020860924
2000,136,SLE,Sierra Leone,119.5473124099061
2000,137,SLV,El Salvador,61.623690309024596
2000,138,SOM,Somalia,12756.485334277597
2000,139,SRB,Serbia,3616.6019167483405
2000,140,SDN,Sudan,134194.68716562833
2000,141,SVK,Slovakia,148.07344237201244
2000,142,SVN,Slovenia,17.083386290763546
2000,143,SWE,Sweden,191.4297591479337
2000,144,SYR,Syria,467655.46299543825
2000,145,TCD,Chad,1278.6211798109
2000,146,TGO,Togo,325.1826691909549
2000,147,THA,Thailand,54679.013366792395
2000,148,TJK,Tajikistan,41657.553843927606
2000,149,TKM,Turkmenistan,105342.2074612145
2000,150,TUN,Tunisia,76463.53502672499
2000,151,TUR,Turkey,517029.0972824987
2000,152,TZA,Tanzania,8476.300574638
2000,153,UGA,Uganda,99446.2913259631
2000,154,UKR,Ukraine,31616.33566148687
2000,155,URY,Uruguay,1498.0113510551
2000,156,USA,United States,1908819.5743110613
2000,157,UZB,Uzbekistan,346628.30626246997
2000,158,VEN,Venezuela,8576.09261735379
2000,159,VNM,Viet Nam,40621.43053592473
2000,160,YEM,Yemen,83045.2655766972
2000,161,ZAF,South Africa,88175.44598381643
2000,162,ZMB,Zambia,347.52463131376993
2000,163,ZWE,Zimbabwe,2128.8422595820443
2001,0,XAM,Rest of Americas,31474.97451374845
2001,1,XEU,Rest of Europe,1554.5743914186985
2001,2,XAF,Rest of Africa,463.486267949921
2001,3,XAS,Rest of Asia-Pacific,144.10431853535275
2001,4,AFG,Afghanistan,91380.095240291
2001,5,AGO,Angola,342.155527005938
2001,6,ALB,Albania,4837.644020205539
2001,7,ARE,United Arab Emirates,35965.37933709108
2001,8,ARG,Argentina,94202.07938387647
2001,9,ARM,Armenia,22031.91257124873
2001,10,AUS,Australia,229535.7123063439
2001,11,AUT,Austria,145.07280193910916
2001,12,AZE,Azerbaijan,60763.3759078864
2001,13,BDI,Burundi,10594.178134285572
2001,14,BEL,Belgium,155.43738712470852
2001,15,BEN,Benin,854.7194512968481
2001,16,BFA,Burkina Faso,1733.6904443165731
2001,17,BGD,Bangladesh,6745.02421516387
2001,18,BGR,Bulgaria,4719.312902120979
2001,19,BHR,Bahrain,44.891153890377
2001,20,BHS,Bahamas,0.0
2001,21,BIH,Bosnia and Herzegovina,28.0777606995595
2001,22,BLR,Belarus,80.7592706979282
2001,23,BLZ,Belize,6.375253409970999
2001,24,BOL,Bolivia,2098.6075100077
2001,25,BRA,Brazil,22376.19065028444
2001,26,BRN,Brunei Darussalam,0.007214427870418708
2001,27,BTN,Bhutan,9.132841696165228
2001,28,BWA,Botswana,182.9335618898778
2001,29,CAF,Central African Republic,436.79467630860404
2001,30,CAN,Canada,8469.718651647943
2001,31,CHE,Switzerland,27.2301982114217
2001,32,CHL,Chile,17932.895503254123
2001,33,CHN,China,4713264.806136349
2001,34,CIV,Cote d'Ivoire,5245.76208423088
2001,35,CMR,Cameroon,1870.0609451153032
2001,36,COD,DR Congo,3261.5596880506027
2001,37,COG,Rep Congo,3.251955711293715
2001,38,COL,Colombia,724.4391000747146
2001,39,CRI,Costa Rica,9737.780469894476
2001,40,CUB,Cuba,10666.1629411752
2001,41,CYP,Cyprus,18172.017153046192
2001,42,CZE,Czech Republic,116.45538816643307
2001,43,DEU,Germany,1025.9617021654597
2001,44,DJI,Djibouti,23.088960418330004
2001,45,DYE,DR Yemen (Aden),0.0
2001,46,DNK,Denmark,204.03799600213242
2001,47,DOM,Dominican Republic,18184.977991052798
2001,48,DZA,Algeria,20598.497328789268
2001,49,ECU,Ecuador,1325.7634270348299
2001,50,EGY,Egypt,4455615.581028872
2001,51,ERI,Eritrea,2630.78284837449
2001,52,ESP,Spain,1064069.225735701
2001,53,EST,Estonia,6.93052149351063
2001,54,ETH,Ethiopia,21360.6733740932
2001,55,FIN,Finland,47.39712048594986
2001,56,FRA,France,22332.591098094963
2001,57,GAB,Gabon,8.742110662243359
2001,58,GBR,United Kingdom,1918.6573502530998
2001,59,GEO,Georgia,14709.10040716262
2001,60,GHA,Ghana,8117.981405592891
2001,61,GIN,Guinea,3608.5367917133344
2001,62,GMB,Gambia,95.5293478827621
2001,63,GNQ,Equatorial Guinea,0.0
2001,64,GRC,Greece,242752.4232640102
2001,65,GTM,Guatemala,373.4404334121094
2001,66,HND,Honduras,868.3949784537839
2001,67,HKG,Hong Kong,0.0
2001,68,HRV,Croatia,438.1226338741338
2001,69,HTI,Haiti,157.0624107409693
2001,70,HUN,Hungary,269.607250985537
2001,71,IDN,Indonesia,274544.20852309465
2001,72,IND,India,6490707.913250729
2001,73,IRL,Ireland,220.07494366564097
2001,74,IRN,Iran,1931300.941594488
2001,75,IRQ,Iraq,216267.122346415
2001,76,ISL,Iceland,0.176878141710153
2001,77,ISR,Israel,45355.86383554755
2001,78,ITA,Italy,123369.4885300655
2001,79,JAM,Jamaica,487.85100981820005
2001,80,JOR,Jordan,19173.64475680817
2001,81,JPN,Japan,1074.866330912023
2001,82,KAZ,Kazakhstan,64687.059377787766
2001,83,KEN,Kenya,11663.31424513136
2001,84,KGZ,Kyrgyzstan,27920.792028912096
2001,85,KHM,Cambodia,2335.222953833857
2001,86,KOR,South Korea,846.916133990756
2001,87,KWT,Kuwait,1377.7978793965958
2001,88,LAO,Laos,1228.5321351783725
2001,89,LBN,Lebanon,61438.58481752947
2001,90,LBR,Liberia,23.10990620161277
2001,91,LBY,Libya,43793.7901675966
2001,92,LKA,Sri Lanka,38612.322834633844
2001,93,LTU,Lithuania,51.734014963174616
2001,94,LUX,Luxembourg,0.9726680210839139
2001,95,LVA,Latvia,12.693547807521073
2001,96,MAR,Morocco,327062.67083045805
2001,97,MDA,Moldova,56.92219163577629
2001,98,MDG,Madagascar,7538.052238858153
2001,99,MEX,Mexico,431440.07368708996
2001,100,MKD,Macedonia,28173.53306190677
2001,101,MLI,Mali,11251.94522760753
2001,102,MLT,Malta,12.567906197868535
2001,103,MMR,Myanmar,3573.0050898522
2001,104,MNG,Mongolia,606.9441036255105
2001,105,MOZ,Mozambique,972.5872040790314
2001,106,MRT,Mauritania,15238.737313113
2001,107,MWI,Malawi,619.6309988690871
2001,108,MYS,Malaysia,343.82794662179583
2001,109,NAM,Namibia,211.42398215521223
2001,110,NER,Niger,3072.4326850224
2001,111,NGA,Nigeria,17949.978557252718
2001,112,NIC,Nicaragua,102.16187706918723
2001,113,NLD,Netherlands,520.246420211739
2001,114,NOR,Norway,26.681913140857517
2001,115,NPL,Nepal,13369.043992022971
2001,116,NZL,New Zealand,1418.2122335657268
2001,117,OMN,Oman,6585.00492516701
2001,118,PAK,Pakistan,1691471.4722884498
2001,119,PSE,Palestine,288.74463461
2001,120,PAN,Panama,236.76741712931
2001,121,PER,Peru,16900.038405339506
2001,122,PHL,Philippines,10240.182858405798
2001,123,PNG,Papua New Guinea,5.966651485071759
2001,124,POL,Poland,2152.962701003773
2001,125,PRK,North Korea,1305.2889428829462
2001,126,PRT,Portugal,94373.116054902
2001,127,PRY,Paraguay,43035.44557343191
2001,128,QAT,Qatar,1179.3699297434991
2001,129,ROU,Romania,4096.53736158611
2001,130,RUS,Russia,64693.67873701996
2001,131,RWA,Rwanda,17626.94074115677
2001,132,SAU,Saudi Arabia,89083.35565383549
2001,133,SDS,South Sudan,0.0
2001,134,SEN,Senegal,34227.921469278604
2001,135,SGP,Singapore,0.028083908041885798
2001,136,SLE,Sierra Leone,130.8533259807708
2001,137,SLV,El Salvador,76.6403657751755
2001,138,SOM,Somalia,11282.840599826
2001,139,SRB,Serbia,3949.1356323541804
2001,140,SDN,Sudan,198415.36896439077
2001,141,SVK,Slovakia,179.85851410592738
2001,142,SVN,Slovenia,17.132775011503053
2001,143,SWE,Sweden,187.96867523948544
2001,144,SYR,Syria,532791.383314687
2001,145,TCD,Chad,1384.2739949630402
2001,146,TGO,Togo,332.57871291119
2001,147,THA,Thailand,54219.2563936578
2001,148,TJK,Tajikistan,42971.7002843213
2001,149,TKM,Turkmenistan,106615.434771261
2001,150,TUN,Tunisia,80165.275014811
2001,151,TUR,Turkey,477702.1557714235
2001,152,TZA,Tanzania,8720.901199504702
2001,153,UGA,Uganda,99943.23497888588
2001,154,UKR,Ukraine,32471.87468085358
2001,155,URY,Uruguay,1489.2419685746
2001,156,USA,United States,1914276.435486115
2001,157,UZB,Uzbekistan,332189.745598678
2001,158,VEN,Venezuela,8618.077964311175
2001,159,VNM,Viet Nam,39462.77768059766
2001,160,YEM,Yemen,92553.8964078751
2001,161,ZAF,South Africa,92135.05914107188
2001,162,ZMB,Zambia,340.97475723439
2001,163,ZWE,Zimbabwe,2111.361472939265
2002,0,XAM,Rest of Americas,30289.038599052772
2002,1,XEU,Rest of Europe,1553.7432130137197
2002,2,XAF,Rest of Africa,479.4626326698045
2002,3,XAS,Rest of Asia-Pacific,139.80889787355284
2002,4,AFG,Afghanistan,95602.4121110246
2002,5,AGO,Angola,436.761135288461
2002,6,ALB,Albania,4904.60685199535
2002,7,ARE,United Arab Emirates,38988.77671134604
2002,8,ARG,Argentina,84203.90683632017
2002,9,ARM,Armenia,21846.83596428173
2002,10,AUS,Australia,211917.1881582161
2002,11,AUT,Austria,143.94394966589067
2002,12,AZE,Azerbaijan,60917.6966115514
2002,13,BDI,Burundi,11798.19801575501
2002,14,BEL,Belgium,154.4652377775625
2002,15,BEN,Benin,927.795200557295
2002,16,BFA,Burkina Faso,1829.1823751867175
2002,17,BGD,Bangladesh,6767.8050885363
2002,18,BGR,Bulgaria,4574.328820146786
2002,19,BHR,Bahrain,55.16305432815131
2002,20,BHS,Bahamas,0.0
2002,21,BIH,Bosnia and Herzegovina,26.171017925044456
2002,22,BLR,Belarus,80.90610069349802
2002,23,BLZ,Belize,8.703388848742
2002,24,BOL,Bolivia,2642.5750099923994
2002,25,BRA,Brazil,24636.949596647377
2002,26,BRN,Brunei Darussalam,0.007122940958669529
2002,27,BTN,Bhutan,9.200027515613659
2002,28,BWA,Botswana,184.3418143514809
2002,29,CAF,Central African Republic,477.38555772191694
2002,30,CAN,Canada,8648.66143173901
2002,31,CHE,Switzerland,27.091161916074835
2002,32,CHL,Chile,23254.863025925744
2002,33,CHN,China,4668703.463623102
2002,34,CIV,Cote d'Ivoire,5521.40793708447
2002,35,CMR,Cameroon,2068.1913735709713
2002,36,COD,DR Congo,3346.505225095524
2002,37,COG,Rep Congo,3.5716511012365992
2002,38,COL,Colombia,734.4555672095435
2002,39,CRI,Costa Rica,10012.456765469982
2002,40,CUB,Cuba,10961.291556664799
2002,41,CYP,Cyprus,19562.62374032619
2002,42,CZE,Czech Republic,110.52121095941119
2002,43,DEU,Germany,1017.625108881434
2002,44,DJI,Djibouti,25.294069864964996
2002,45,DYE,DR Yemen (Aden),0.0
2002,46,DNK,Denmark,192.20780111367168
2002,47,DOM,Dominican Republic,19039.53438529648
2002,48,DZA,Algeria,23953.12054848706
2002,49,ECU,Ecuador,1943.5275618974467
2002,50,EGY,Egypt,5221431.530422397
2002,51,ERI,Eritrea,2637.48983673099
2002,52,ESP,Spain,996598.3163955489
2002,53,EST,Estonia,6.794669146672758
2002,54,ETH,Ethiopia,22001.5449751813
2002,55,FIN,Finland,47.45085653804741
2002,56,FRA,France,22390.29445190544
2002,57,GAB,Gabon,9.700470064450888
2002,58,GBR,United Kingdom,1912.9669014984238
2002,59,GEO,Georgia,14915.45428717372
2002,60,GHA,Ghana,8602.02714875603
2002,61,GIN,Guinea,3897.7403480618395
2002,62,GMB,Gambia,92.68024917150399
2002,63,GNQ,Equatorial Guinea,0.0
2002,64,GRC,Greece,246313.12165343572
2002,65,GTM,Guatemala,384.37416569382094
2002,66,HND,Honduras,895.3650297203809
2002,67,HKG,Hong Kong,0.0
2002,68,HRV,Croatia,440.89905703554166
2002,69,HTI,Haiti,168.13266974290576
2002,70,HUN,Hungary,256.805686232932
2002,71,IDN,Indonesia,279298.7580043421
2002,72,IND,India,6056344.58283473
2002,73,IRL,Ireland,217.52480428086284
2002,74,IRN,Iran,2242343.470316398
2002,75,IRQ,Iraq,265229.150258621
2002,76,ISL,Iceland,0.1519585733501503
2002,77,ISR,Israel,49583.93106255325
2002,78,ITA,Italy,119511.66486356313
2002,79,JAM,Jamaica,685.8740612419
2002,80,JOR,Jordan,21510.34357407223
2002,81,JPN,Japan,1056.8309518246251
2002,82,KAZ,Kazakhstan,67407.89627118342
2002,83,KEN,Kenya,12073.920741164558
2002,84,KGZ,Kyrgyzstan,28373.858943345294
2002,85,KHM,Cambodia,2407.772734408283
2002,86,KOR,South Korea,773.7518038572014
2002,87,KWT,Kuwait,1493.4032729586638
2002,88,LAO,Laos,1220.813589900155
2002,89,LBN,Lebanon,66664.84831178818
2002,90,LBR,Liberia,24.88672805079261
2002,91,LBY,Libya,44048.10556578559
2002,92,LKA,Sri Lanka,40341.9876929036
2002,93,LTU,Lithuania,52.58256676503623
2002,94,LUX,Luxembourg,0.9717521069385243
2002,95,LVA,Latvia,13.299655487824367
2002,96,MAR,Morocco,334809.46595884697
2002,97,MDA,Moldova,57.044050022196146
2002,98,MDG,Madagascar,7378.135958165253
2002,99,MEX,Mexico,410529.42835752
2002,100,MKD,Macedonia,24791.95525302962
2002,101,MLI,Mali,10886.26568588649
2002,102,MLT,Malta,11.715808427774803
2002,103,MMR,Myanmar,3711.2145837043995
2002,104,MNG,Mongolia,612.583603576136
2002,105,MOZ,Mozambique,995.6133732652328
2002,106,MRT,Mauritania,15048.8523566319
2002,107,MWI,Malawi,679.004627956065
2002,108,MYS,Malaysia,351.42625052145235
2002,109,NAM,Namibia,209.1975844469652
2002,110,NER,Niger,3088.4858853671003
2002,111,NGA,Nigeria,18776.90298689591
2002,112,NIC,Nicaragua,113.55971627096889
2002,113,NLD,Netherlands,547.8322676451021
2002,114,NOR,Norway,26.298819560258956
2002,115,NPL,Nepal,13821.158450353361
2002,116,NZL,New Zealand,1525.249586089008
2002,117,OMN,Oman,7099.60502264129
2002,118,PAK,Pakistan,1737535.98999053
2002,119,PSE,Palestine,373.50908496
2002,120,PAN,Panama,248.46347264876
2002,121,PER,Peru,24049.029782331403
2002,122,PHL,Philippines,10411.5216436646
2002,123,PNG,Papua New Guinea,5.84571406642357
2002,124,POL,Poland,1995.4937527835687
2002,125,PRK,North Korea,1357.8488589139629
2002,126,PRT,Portugal,96398.907103984
2002,127,PRY,Paraguay,42912.78489117656
2002,128,QAT,Qatar,1486.989321031588
2002,129,ROU,Romania,3676.1692596297466
2002,130,RUS,Russia,65421.21467385536
2002,131,RWA,Rwanda,19637.91102705195
2002,132,SAU,Saudi Arabia,104766.95698942684
2002,133,SDS,South Sudan,0.0
2002,134,SEN,Senegal,34624.7907016072
2002,135,SGP,Singapore,0.029443911544913774
2002,136,SLE,Sierra Leone,154.2111054273436
2002,137,SLV,El Salvador,106.17242634672476
2002,138,SOM,Somalia,11898.322655757598
2002,139,SRB,Serbia,3732.589416931173
2002,140,SDN,Sudan,183365.03440466238
2002,141,SVK,Slovakia,181.54185792214466
2002,142,SVN,Slovenia,17.323875522221503
2002,143,SWE,Sweden,186.4039089894684
2002,144,SYR,Syria,632299.331867981
2002,145,TCD,Chad,1442.3407866897
2002,146,TGO,Togo,340.813823306354
2002,147,THA,Thailand,55279.2857121206
2002,148,TJK,Tajikistan,46069.79630070159
2002,149,TKM,Turkmenistan,106978.08960118599
2002,150,TUN,Tunisia,84941.115528776
2002,151,TUR,Turkey,523661.0585148736
2002,152,TZA,Tanzania,9046.7126733813
2002,153,UGA,Uganda,110705.99055671632
2002,154,UKR,Ukraine,32056.439368691492
2002,155,URY,Uruguay,1516.4228819481
2002,156,USA,United States,1904655.8804235666
2002,157,UZB,Uzbekistan,331961.834448419
2002,158,VEN,Venezuela,9050.538170797237
2002,159,VNM,Viet Nam,39031.40520210288
2002,160,YEM,Yemen,109597.74925340668
2002,161,ZAF,South Africa,87252.67346204694
2002,162,ZMB,Zambia,356.67092583508
2002,163,ZWE,Zimbabwe,2235.748263681133
2003,0,XAM,Rest of Americas,31816.502614096455
2003,1,XEU,Rest of Europe,1532.4604417691867
2003,2,XAF,Rest of Africa,552.6435450077176
2003,3,XAS,Rest of Asia-Pacific,136.07449406708193
2003,4,AFG,Afghanistan,101527.612903546
2003,5,AGO,Angola,598.897760174784
2003,6,ALB,Albania,5683.772695347428
2003,7,ARE,United Arab Emirates,39616.27332086155
2003,8,ARG,Argentina,88925.7368589082
2003,9,ARM,Armenia,21894.416458999825
2003,10,AUS,Australia,173082.32468949846
2003,11,AUT,Austria,137.70503165590225
2003,12,AZE,Azerbaijan,62541.0159610861
2003,13,BDI,Burundi,13599.517365645432
2003,14,BEL,Belgium,149.3349771225302
2003,15,BEN,Benin,1073.446659139123
2003,16,BFA,Burkina Faso,2294.2079437029597
2003,17,BGD,Bangladesh,6905.7145431054905
2003,18,BGR,Bulgaria,5116.7094662025365
2003,19,BHR,Bahrain,61.43223085688099
2003,20,BHS,Bahamas,0.0
2003,21,BIH,Bosnia and Herzegovina,31.810630127568302
2003,22,BLR,Belarus,98.26826355835999
2003,23,BLZ,Belize,8.602278544518999
2003,24,BOL,Bolivia,2400.42069058
2003,25,BRA,Brazil,25274.28173446405
2003,26,BRN,Brunei Darussalam,0.007524275683864625
2003,27,BTN,Bhutan,9.467683444352119
2003,28,BWA,Botswana,230.83171053902
2003,29,CAF,Central African Republic,576.475227887152
2003,30,CAN,Canada,9382.869846251218
2003,31,CHE,Switzerland,26.52851741496076
2003,32,CHL,Chile,22481.327395091368
2003,33,CHN,China,4488071.36707838
2003,34,CIV,Cote d'Ivoire,6347.97870768168
2003,35,CMR,Cameroon,2340.160760731347
2003,36,COD,DR Congo,3796.170665999218
2003,37,COG,Rep Congo,4.191234797140844
2003,38,COL,Colombia,722.8928313356778
2003,39,CRI,Costa Rica,9505.164007335525
2003,40,CUB,Cuba,11078.392216802797
2003,41,CYP,Cyprus,17688.01145835319
2003,42,CZE,Czech Republic,105.77880964642354
2003,43,DEU,Germany,965.6800403000175
2003,44,DJI,Djibouti,31.641399708065002
2003,45,DYE,DR Yemen (Aden),0.0
2003,46,DNK,Denmark,199.5778161700191
2003,47,DOM,Dominican Republic,20745.312527249847
2003,48,DZA,Algeria,36669.72804582779
2003,49,ECU,Ecuador,1869.3483214072453
2003,50,EGY,Egypt,5027856.573619505
2003,51,ERI,Eritrea,3122.3881657845504
2003,52,ESP,Spain,1128804.854213102
2003,53,EST,Estonia,6.527473056839485
2003,54,ETH,Ethiopia,25909.876913905377
2003,55,FIN,Finland,44.66206615657349
2003,56,FRA,France,19529.08348656293
2003,57,GAB,Gabon,11.363394940369808
2003,58,GBR,United Kingdom,1869.8347167544061
2003,59,GEO,Georgia,15061.117226346689
2003,60,GHA,Ghana,9901.42440669561
2003,61,GIN,Guinea,4479.395700466809
2003,62,GMB,Gambia,106.28584428575002
2003,63,GNQ,Equatorial Guinea,0.0
2003,64,GRC,Greece,223684.31257383127
2003,65,GTM,Guatemala,382.7483153320972
2003,66,HND,Honduras,882.6666622246528
2003,67,HKG,Hong Kong,0.0
2003,68,HRV,Croatia,398.40819675652335
2003,69,HTI,Haiti,161.36273603847079
2003,70,HUN,Hungary,246.29518278380812
2003,71,IDN,Indonesia,282232.61883056577
2003,72,IND,India,6404061.20824053
2003,73,IRL,Ireland,217.6337048073173
2003,74,IRN,Iran,2196188.992130457
2003,75,IRQ,Iraq,246592.582967856
2003,76,ISL,Iceland,0.126928947054044
2003,77,ISR,Israel,49128.6020284244
2003,78,ITA,Italy,111369.1122325181
2003,79,JAM,Jamaica,607.8855912998999
2003,80,JOR,Jordan,21435.0485844457
2003,81,JPN,Japan,936.9205928546107
2003,82,KAZ,Kazakhstan,67674.59060748052
2003,83,KEN,Kenya,13730.19371913942
2003,84,KGZ,Kyrgyzstan,28676.167916278202
2003,85,KHM,Cambodia,2448.339516974473
2003,86,KOR,South Korea,704.0320227542742
2003,87,KWT,Kuwait,1457.0992694868992
2003,88,LAO,Laos,1260.832570175524
2003,89,LBN,Lebanon,65904.62630689224
2003,90,LBR,Liberia,27.804017628260986
2003,91,LBY,Libya,53556.816087050494
2003,92,LKA,Sri Lanka,41440.4202222153
2003,93,LTU,Lithuania,52.96942439910828
2003,94,LUX,Luxembourg,0.9583059246459433
2003,95,LVA,Latvia,13.483299523501966
2003,96,MAR,Morocco,413226.0158565
2003,97,MDA,Moldova,63.400621751143355
2003,98,MDG,Madagascar,8256.735973605859
2003,99,MEX,Mexico,437633.33960152
2003,100,MKD,Macedonia,20082.97815495112
2003,101,MLI,Mali,12390.4067465023
2003,102,MLT,Malta,11.544931853060998
2003,103,MMR,Myanmar,3546.9317660304996
2003,104,MNG,Mongolia,657.2221577612081
2003,105,MOZ,Mozambique,1157.820119973505
2003,106,MRT,Mauritania,17520.5434256615
2003,107,MWI,Malawi,755.882687658244
2003,108,MYS,Malaysia,365.33790384628264
2003,109,NAM,Namibia,316.535926986839
2003,110,NER,Niger,3851.229964757
2003,111,NGA,Nigeria,21242.064763837938
2003,112,NIC,Nicaragua,112.69663913776992
2003,113,NLD,Netherlands,520.08551380441
2003,114,NOR,Norway,26.104603356189024
2003,115,NPL,Nepal,13987.771599119293
2003,116,NZL,New Zealand,1626.3773014144151
2003,117,OMN,Oman,7132.136661828761
2003,118,PAK,Pakistan,1829588.7075873401
2003,119,PSE,Palestine,371.21742641
2003,120,PAN,Panama,246.89416433805
2003,121,PER,Peru,23567.112128130444
2003,122,PHL,Philippines,10713.6891702297
2003,123,PNG,Papua New Guinea,6.321331374612791
2003,124,POL,Poland,1938.3515100005764
2003,125,PRK,North Korea,1375.6209457713803
2003,126,PRT,Portugal,89289.28663929302
2003,127,PRY,Paraguay,44080.41987372968
2003,128,QAT,Qatar,1749.401264927573
2003,129,ROU,Romania,4020.5217283451193
2003,130,RUS,Russia,61169.3110745754
2003,131,RWA,Rwanda,22681.69206385538
2003,132,SAU,Saudi Arabia,104666.88214694729
2003,133,SDS,South Sudan,0.0
2003,134,SEN,Senegal,40173.978287165795
2003,135,SGP,Singapore,0.03082848419576186
2003,136,SLE,Sierra Leone,184.4424887786398
2003,137,SLV,El Salvador,102.13827091086753
2003,138,SOM,Somalia,13990.865726969902
2003,139,SRB,Serbia,3723.96099694515
2003,140,SDN,Sudan,193736.36714973112
2003,141,SVK,Slovakia,179.8630699923808
2003,142,SVN,Slovenia,17.145323784061596
2003,143,SWE,Sweden,182.16600038060852
2003,144,SYR,Syria,616352.278069004
2003,145,TCD,Chad,1904.6439412159002
2003,146,TGO,Togo,399.23301356454004
2003,147,THA,Thailand,58327.3089953203
2003,148,TJK,Tajikistan,49207.0113279403
2003,149,TKM,Turkmenistan,112669.837914495
2003,150,TUN,Tunisia,101425.937259131
2003,151,TUR,Turkey,489133.1490681147
2003,152,TZA,Tanzania,10274.1073561829
2003,153,UGA,Uganda,126384.63354535605
2003,154,UKR,Ukraine,27186.364289058798
2003,155,URY,Uruguay,1512.4595319706
2003,156,USA,United States,1909240.383430433
2003,157,UZB,Uzbekistan,339574.73611057806
2003,158,VEN,Venezuela,9361.511281784315
2003,159,VNM,Viet Nam,40211.79384150538
2003,160,YEM,Yemen,109601.28208200219
2003,161,ZAF,South Africa,78512.53912317137
2003,162,ZMB,Zambia,405.79608054835
2003,163,ZWE,Zimbabwe,2498.252859528558
2004,0,XAM,Rest of Americas,34850.13452139536
2004,1,XEU,Rest of Europe,1694.0872694582722
2004,2,XAF,Rest of Africa,564.380559363809
2004,3,XAS,Rest of Asia-Pacific,133.7085211760492
2004,4,AFG,Afghanistan,105957.682109338
2004,5,AGO,Angola,725.467493639208
2004,6,ALB,Albania,6883.70140405018
2004,7,ARE,United Arab Emirates,39495.19734473541
2004,8,ARG,Argentina,92565.7562440748
2004,9,ARM,Armenia,26141.64640444293
2004,10,AUS,Australia,171117.93603618344
2004,11,AUT,Austria,144.1827148032726
2004,12,AZE,Azerbaijan,69620.2687493086
2004,13,BDI,Burundi,13824.83918099518
2004,14,BEL,Belgium,148.24285970125408
2004,15,BEN,Benin,1078.690900067338
2004,16,BFA,Burkina Faso,2335.0256597122902
2004,17,BGD,Bangladesh,7327.27651976828
2004,18,BGR,Bulgaria,5373.822735092206
2004,19,BHR,Bahrain,55.2659701251185
2004,20,BHS,Bahamas,0.0
2004,21,BIH,Bosnia and Herzegovina,38.15095263994451
2004,22,BLR,Belarus,101.49330864239408
2004,23,BLZ,Belize,8.514903088962999
2004,24,BOL,Bolivia,2230.5483513852996
2004,25,BRA,Brazil,27597.622494945812
2004,26,BRN,Brunei Darussalam,0.007890361963345855
2004,27,BTN,Bhutan,11.029328892927873
2004,28,BWA,Botswana,229.073789424501
2004,29,CAF,Central African Republic,598.9578924077721
2004,30,CAN,Canada,8514.970412013548
2004,31,CHE,Switzerland,26.65459743117794
2004,32,CHL,Chile,23853.108364857533
2004,33,CHN,China,4859469.295988955
2004,34,CIV,Cote d'Ivoire,6367.403039318169
2004,35,CMR,Cameroon,2369.2643138786502
2004,36,COD,DR Congo,3806.1175673877187
2004,37,COG,Rep Congo,4.384952806374084
2004,38,COL,Colombia,752.8823330774554
2004,39,CRI,Costa Rica,9812.690595070115
2004,40,CUB,Cuba,11608.974658028701
2004,41,CYP,Cyprus,21168.66953863619
2004,42,CZE,Czech Republic,110.15196074742974
2004,43,DEU,Germany,1013.4237530720845
2004,44,DJI,Djibouti,31.920180652442998
2004,45,DYE,DR Yemen (Aden),0.0
2004,46,DNK,Denmark,199.79049984601028
2004,47,DOM,Dominican Republic,20999.51141037295
2004,48,DZA,Algeria,43183.869908416134
2004,49,ECU,Ecuador,1635.4965194515507
2004,50,EGY,Egypt,5077968.2472295035
2004,51,ERI,Eritrea,3059.81555904835
2004,52,ESP,Spain,1065364.1854959684
2004,53,EST,Estonia,6.764846620685323
2004,54,ETH,Ethiopia,26383.261170832724
2004,55,FIN,Finland,45.06026392596157
2004,56,FRA,France,22350.610627990347
2004,57,GAB,Gabon,11.59928950031542
2004,58,GBR,United Kingdom,1888.534054836086
2004,59,GEO,Georgia,18059.3808072682
2004,60,GHA,Ghana,9912.12023130803
2004,61,GIN,Guinea,4504.939304107261
2004,62,GMB,Gambia,107.8252135411
2004,63,GNQ,Equatorial Guinea,0.0
2004,64,GRC,Greece,239649.85757509538
2004,65,GTM,Guatemala,409.64804898706916
2004,66,HND,Honduras,906.8978085103586
2004,67,HKG,Hong Kong,0.0
2004,68,HRV,Croatia,411.41396051865763
2004,69,HTI,Haiti,173.1212633958651
2004,70,HUN,Hungary,300.52472442647695
2004,71,IDN,Indonesia,294061.8877478583
2004,72,IND,India,6589919.2074095905
2004,73,IRL,Ireland,221.9904562324004
2004,74,IRN,Iran,2227951.324752332
2004,75,IRQ,Iraq,283979.338723987
2004,76,ISL,Iceland,0.178807887007935
2004,77,ISR,Israel,49287.9799472113
2004,78,ITA,Italy,133283.49957222608
2004,79,JAM,Jamaica,547.8718519874
2004,80,JOR,Jordan,21520.16453256345
2004,81,JPN,Japan,1038.7864383448862
2004,82,KAZ,Kazakhstan,73004.57883747885
2004,83,KEN,Kenya,13495.740677216701
2004,84,KGZ,Kyrgyzstan,30588.842742540004
2004,85,KHM,Cambodia,2563.656707057983
2004,86,KOR,South Korea,782.9804287661943
2004,87,KWT,Kuwait,1462.2075606465705
2004,88,LAO,Laos,1400.663888549389
2004,89,LBN,Lebanon,66305.05917755379
2004,90,LBR,Liberia,27.98513978478956
2004,91,LBY,Libya,55023.658068944096
2004,92,LKA,Sri Lanka,43628.63530394
2004,93,LTU,Lithuania,53.18030276011094
2004,94,LUX,Luxembourg,0.9519699194850684
2004,95,LVA,Latvia,13.056682762041548
2004,96,MAR,Morocco,425310.5240113699
2004,97,MDA,Moldova,48.099819127532854
2004,98,MDG,Madagascar,8266.606920602968
2004,99,MEX,Mexico,439973.21300647
2004,100,MKD,Macedonia,27962.160275303733
2004,101,MLI,Mali,12382.0087156171
2004,102,MLT,Malta,10.664314104006742
2004,103,MMR,Myanmar,3977.3412813635
2004,104,MNG,Mongolia,739.5316144714106
2004,105,MOZ,Mozambique,1164.4465011906568
2004,106,MRT,Mauritania,18080.0621904659
2004,107,MWI,Malawi,759.491170504959
2004,108,MYS,Malaysia,355.575109636237
2004,109,NAM,Namibia,334.3496331969496
2004,110,NER,Niger,3660.9376404794
2004,111,NGA,Nigeria,21071.506214035842
2004,112,NIC,Nicaragua,113.36042233662587
2004,113,NLD,Netherlands,560.943712043479
2004,114,NOR,Norway,26.35211749015398
2004,115,NPL,Nepal,14953.098779926971
2004,116,NZL,New Zealand,1729.821353754362
2004,117,OMN,Oman,7164.577543339649
2004,118,PAK,Pakistan,1896223.9918047204
2004,119,PSE,Palestine,378.73284858
2004,120,PAN,Panama,261.49718591028
2004,121,PER,Peru,22692.141455724195
2004,122,PHL,Philippines,11464.423567216
2004,123,PNG,Papua New Guinea,6.892793547686369
2004,124,POL,Poland,2112.8244687857773
2004,125,PRK,North Korea,1484.5360154567607
2004,126,PRT,Portugal,94680.247160605
2004,127,PRY,Paraguay,47625.17900046565
2004,128,QAT,Qatar,1734.924555160538
2004,129,ROU,Romania,5779.323149331277
2004,130,RUS,Russia,62258.941330488684
2004,131,RWA,Rwanda,22906.207726660334
2004,132,SAU,Saudi Arabia,105671.08984986061
2004,133,SDS,South Sudan,0.0
2004,134,SEN,Senegal,40847.4956054708
2004,135,SGP,Singapore,0.029589017243915952
2004,136,SLE,Sierra Leone,185.71475963029326
2004,137,SLV,El Salvador,97.4974061555346
2004,138,SOM,Somalia,14229.577195485004
2004,139,SRB,Serbia,4348.511440460181
2004,140,SDN,Sudan,186025.62902624052
2004,141,SVK,Slovakia,210.96624854279958
2004,142,SVN,Slovenia,17.089083861637647
2004,143,SWE,Sweden,183.97091012874276
2004,144,SYR,Syria,613805.9238300091
2004,145,TCD,Chad,2302.6752965885003
2004,146,TGO,Togo,403.006878259906
2004,147,THA,Thailand,64168.1102727171
2004,148,TJK,Tajikistan,53550.64905327199
2004,149,TKM,Turkmenistan,121665.84280661402
2004,150,TUN,Tunisia,103393.100145718
2004,151,TUR,Turkey,515683.02532439807
2004,152,TZA,Tanzania,10158.2111128038
2004,153,UGA,Uganda,127726.2008194335
2004,154,UKR,Ukraine,31477.03663996314
2004,155,URY,Uruguay,1599.4941198249899
2004,156,USA,United States,2053373.9272228347
2004,157,UZB,Uzbekistan,378335.51903069403
2004,158,VEN,Venezuela,10200.519037863778
2004,159,VNM,Viet Nam,45760.36118779961
2004,160,YEM,Yemen,110185.38734834199
2004,161,ZAF,South Africa,80263.57158087213
2004,162,ZMB,Zambia,416.67674187338
2004,163,ZWE,Zimbabwe,2515.1426043245337
2005,0,XAM,Rest of Americas,33660.642505936965
2005,1,XEU,Rest of Europe,1692.182989255351
2005,2,XAF,Rest of Africa,582.6728428286485
2005,3,XAS,Rest of Asia-Pacific,131.6573597312754
2005,4,AFG,Afghanistan,107757.426714486
2005,5,AGO,Angola,1153.2272377890902
2005,6,ALB,Albania,5858.613802583239
2005,7,ARE,United Arab Emirates,41143.22156006911
2005,8,ARG,Argentina,93918.88191142806
2005,9,ARM,Armenia,27545.413535743028
2005,10,AUS,Australia,199958.9416829315
2005,11,AUT,Austria,139.82947718182305
2005,12,AZE,Azerbaijan,74715.828871998
2005,13,BDI,Burundi,14620.57836644479
2005,14,BEL,Belgium,146.56094656440456
2005,15,BEN,Benin,1112.606529356072
2005,16,BFA,Burkina Faso,2434.48023795438
2005,17,BGD,Bangladesh,7358.993864361129
2005,18,BGR,Bulgaria,3714.966618339923
2005,19,BHR,Bahrain,55.14716729159329
2005,20,BHS,Bahamas,0.0
2005,21,BIH,Bosnia and Herzegovina,51.24617456370299
2005,22,BLR,Belarus,95.87889961680676
2005,23,BLZ,Belize,7.824437616239
2005,24,BOL,Bolivia,2028.5616666938
2005,25,BRA,Brazil,27270.453722859973
2005,26,BRN,Brunei Darussalam,0.00811747268448193
2005,27,BTN,Bhutan,11.669610435455755
2005,28,BWA,Botswana,242.87525031929903
2005,29,CAF,Central African Republic,590.886387130691
2005,30,CAN,Canada,9046.220810298604
2005,31,CHE,Switzerland,26.38621961807836
2005,32,CHL,Chile,25586.664353412016
2005,33,CHN,China,5065128.353330964
2005,34,CIV,Cote d'Ivoire,6572.99656594537
2005,35,CMR,Cameroon,2419.58434709285
2005,36,COD,DR Congo,4111.17481467319
2005,37,COG,Rep Congo,4.499874856446251
2005,38,COL,Colombia,764.6334429371152
2005,39,CRI,Costa Rica,9217.36024741836
2005,40,CUB,Cuba,11528.2448615172
2005,41,CYP,Cyprus,16241.427394965189
2005,42,CZE,Czech Republic,102.47409471893963
2005,43,DEU,Germany,981.817450777731
2005,44,DJI,Djibouti,31.904386022894997
2005,45,DYE,DR Yemen (Aden),0.0
2005,46,DNK,Denmark,199.73175253172255
2005,47,DOM,Dominican Republic,21790.505474786252
2005,48,DZA,Algeria,43855.432692681185
2005,49,ECU,Ecuador,1571.6907003467823
2005,50,EGY,Egypt,5248015.229010205
2005,51,ERI,Eritrea,3180.6101187187596
2005,52,ESP,Spain,837372.0780390092
2005,53,EST,Estonia,6.656949947682773
2005,54,ETH,Ethiopia,28386.479995318387
2005,55,FIN,Finland,46.34696922078052
2005,56,FRA,France,20459.433524022974
2005,57,GAB,Gabon,12.013334106267468
2005,58,GBR,United Kingdom,1877.083149805316
2005,59,GEO,Georgia,18988.98461693928
2005,60,GHA,Ghana,10171.565828116538
2005,61,GIN,Guinea,4578.785257324421
2005,62,GMB,Gambia,108.13155036311102
2005,63,GNQ,Equatorial Guinea,0.0
2005,64,GRC,Greece,249802.19837509777
2005,65,GTM,Guatemala,395.91412213729126
2005,66,HND,Honduras,882.3176896085424
2005,67,HKG,Hong Kong,0.0
2005,68,HRV,Croatia,374.7754660857087
2005,69,HTI,Haiti,174.6855552743703
2005,70,HUN,Hungary,245.99582258292196
2005,71,IDN,Indonesia,298690.8740800309
2005,72,IND,India,6818683.87334131
2005,73,IRL,Ireland,220.5995197800164
2005,74,IRN,Iran,2320165.1005515913
2005,75,IRQ,Iraq,315043.66413025
2005,76,ISL,Iceland,0.1785105655766519
2005,77,ISR,Israel,50195.9329861038
2005,78,ITA,Italy,127629.05868165068
2005,79,JAM,Jamaica,511.214481814
2005,80,JOR,Jordan,22038.997670858433
2005,81,JPN,Japan,1074.2938022961175
2005,82,KAZ,Kazakhstan,76465.78702177256
2005,83,KEN,Kenya,13943.07960277796
2005,84,KGZ,Kyrgyzstan,31542.273443532005
2005,85,KHM,Cambodia,2681.495870971019
2005,86,KOR,South Korea,759.2020263620815
2005,87,KWT,Kuwait,1544.131190941337
2005,88,LAO,Laos,1491.0640565931108
2005,89,LBN,Lebanon,68889.3539783431
2005,90,LBR,Liberia,28.351104971813395
2005,91,LBY,Libya,54961.188404915294
2005,92,LKA,Sri Lanka,45298.9489113915
2005,93,LTU,Lithuania,62.698549384843844
2005,94,LUX,Luxembourg,0.9356746076466995
2005,95,LVA,Latvia,13.24984228373653
2005,96,MAR,Morocco,400762.02546215
2005,97,MDA,Moldova,43.98370805258299
2005,98,MDG,Madagascar,9136.94745998339
2005,99,MEX,Mexico,434842.3186115301
2005,100,MKD,Macedonia,25586.634615853683
2005,101,MLI,Mali,13958.353796258898
2005,102,MLT,Malta,11.387882237843005
2005,103,MMR,Myanmar,4190.743179655399
2005,104,MNG,Mongolia,776.4488804008921
2005,105,MOZ,Mozambique,1227.5476330461242
2005,106,MRT,Mauritania,20097.4721058297
2005,107,MWI,Malawi,791.652036321671
2005,108,MYS,Malaysia,349.7875491428686
2005,109,NAM,Namibia,343.07729433431587
2005,110,NER,Niger,4162.9771427377
2005,111,NGA,Nigeria,23042.805043234166
2005,112,NIC,Nicaragua,112.12233962646727
2005,113,NLD,Netherlands,549.13991247533
2005,114,NOR,Norway,25.086796430355037
2005,115,NPL,Nepal,15507.231453141241
2005,116,NZL,New Zealand,1678.2854240734218
2005,117,OMN,Oman,7518.50304702668
2005,118,PAK,Pakistan,1956280.87428875
2005,119,PSE,Palestine,390.77912885
2005,120,PAN,Panama,255.88777354171
2005,121,PER,Peru,21511.029105667618
2005,122,PHL,Philippines,11853.405384108999
2005,123,PNG,Papua New Guinea,6.842808586811691
2005,124,POL,Poland,1841.7780751583816
2005,125,PRK,North Korea,1552.8635241363095
2005,126,PRT,Portugal,72002.634493632
2005,127,PRY,Paraguay,47134.619294515185
2005,128,QAT,Qatar,1991.0292469193228
2005,129,ROU,Romania,5192.6386405784415
2005,130,RUS,Russia,64640.93641125692
2005,131,RWA,Rwanda,23887.950923618504
2005,132,SAU,Saudi Arabia,108835.80530966015
2005,133,SDS,South Sudan,0.0
2005,134,SEN,Senegal,42993.3299920041
2005,135,SGP,Singapore,0.02849167431958625
2005,136,SLE,Sierra Leone,190.55507639395336
2005,137,SLV,El Salvador,90.6325082514436
2005,138,SOM,Somalia,16028.492895056997
2005,139,SRB,Serbia,3948.4021994415198
2005,140,SDN,Sudan,173902.06282705948
2005,141,SVK,Slovakia,209.9430163259643
2005,142,SVN,Slovenia,16.326377278348616
2005,143,SWE,Sweden,182.731667992266
2005,144,SYR,Syria,623981.238152058
2005,145,TCD,Chad,2510.0159045582996
2005,146,TGO,Togo,413.55712491822
2005,147,THA,Thailand,66511.8149483607
2005,148,TJK,Tajikistan,52939.99391297
2005,149,TKM,Turkmenistan,127348.71622647099
2005,150,TUN,Tunisia,99937.305692828
2005,151,TUR,Turkey,535650.5926753765
2005,152,TZA,Tanzania,10807.805332203698
2005,153,UGA,Uganda,132624.80231803269
2005,154,UKR,Ukraine,31582.959321566497
2005,155,URY,Uruguay,1588.8564205533999
2005,156,USA,United States,1945404.7134591253
2005,157,UZB,Uzbekistan,400061.433280018
2005,158,VEN,Venezuela,10234.737856511067
2005,159,VNM,Viet Nam,48645.868834201916
2005,160,YEM,Yemen,112933.06649177501
2005,161,ZAF,South Africa,81235.12815984136
2005,162,ZMB,Zambia,477.43810728930987
2005,163,ZWE,Zimbabwe,2678.1155667810444
2006,0,XAM,Rest of Americas,34569.73172764787
2006,1,XEU,Rest of Europe,1683.5525658467054
2006,2,XAF,Rest of Africa,615.4645100828595
2006,3,XAS,Rest of Asia-Pacific,135.7651276146223
2006,4,AFG,Afghanistan,106189.5792984532
2006,5,AGO,Angola,1280.53767364521
2006,6,ALB,Albania,5121.409655830486
2006,7,ARE,United Arab Emirates,43315.322324195
2006,8,ARG,Argentina,95564.67146457736
2006,9,ARM,Armenia,29765.556960199596
2006,10,AUS,Australia,191777.64352912558
2006,11,AUT,Austria,135.3243956074066
2006,12,AZE,Azerbaijan,75266.3356935502
2006,13,BDI,Burundi,16121.016556801951
2006,14,BEL,Belgium,144.6563405938645
2006,15,BEN,Benin,1205.91950174795
2006,16,BFA,Burkina Faso,2694.4070922224796
2006,17,BGD,Bangladesh,7033.947402971709
2006,18,BGR,Bulgaria,4076.6354887884927
2006,19,BHR,Bahrain,54.3954075279682
2006,20,BHS,Bahamas,0.0
2006,21,BIH,Bosnia and Herzegovina,60.20846393517759
2006,22,BLR,Belarus,87.2439332333908
2006,23,BLZ,Belize,7.571774443508
2006,24,BOL,Bolivia,1997.4390960194003
2006,25,BRA,Brazil,29453.071051271392
2006,26,BRN,Brunei Darussalam,0.007812638272775821
2006,27,BTN,Bhutan,11.66224311071802
2006,28,BWA,Botswana,255.001785319944
2006,29,CAF,Central African Republic,663.156208830912
2006,30,CAN,Canada,9940.974023281138
2006,31,CHE,Switzerland,26.27079458466677
2006,32,CHL,Chile,27291.978133875662
2006,33,CHN,China,5481790.530153668
2006,34,CIV,Cote d'Ivoire,6984.375963338349
2006,35,CMR,Cameroon,2557.091754207678
2006,36,COD,DR Congo,4341.5731947116365
2006,37,COG,Rep Congo,5.0173634032462875
2006,38,COL,Colombia,769.8236407983333
2006,39,CRI,Costa Rica,9285.10674426438
2006,40,CUB,Cuba,11725.6102014207
2006,41,CYP,Cyprus,16226.93351224119
2006,42,CZE,Czech Republic,100.05214241882862
2006,43,DEU,Germany,926.1930174346953
2006,44,DJI,Djibouti,35.02043779721
2006,45,DYE,DR Yemen (Aden),0.0
2006,46,DNK,Denmark,196.34959520975627
2006,47,DOM,Dominican Republic,22333.889064086627
2006,48,DZA,Algeria,51627.04922293962
2006,49,ECU,Ecuador,1400.6045113519895
2006,50,EGY,Egypt,5408439.101276044
2006,51,ERI,Eritrea,3549.46879135026
2006,52,ESP,Spain,990466.4242746575
2006,53,EST,Estonia,6.439558739916881
2006,54,ETH,Ethiopia,30632.035941531132
2006,55,FIN,Finland,43.85451387184652
2006,56,FRA,France,19494.310747465042
2006,57,GAB,Gabon,12.94659682003866
2006,58,GBR,United Kingdom,1846.0040782546112
2006,59,GEO,Georgia,18566.87860151349
2006,60,GHA,Ghana,10884.28246420432
2006,61,GIN,Guinea,4982.700012838594
2006,62,GMB,Gambia,121.35290639919899
2006,63,GNQ,Equatorial Guinea,0.0
2006,64,GRC,Greece,225882.1782259083
2006,65,GTM,Guatemala,408.9328510616412
2006,66,HND,Honduras,894.6806166426461
2006,67,HKG,Hong Kong,0.0
2006,68,HRV,Croatia,378.0478533048033
2006,69,HTI,Haiti,176.2191428070701
2006,70,HUN,Hungary,255.43568154171518
2006,71,IDN,Indonesia,299727.8168999193
2006,72,IND,India,7112089.690263329
2006,73,IRL,Ireland,217.78730719935004
2006,74,IRN,Iran,2380998.6764212437
2006,75,IRQ,Iraq,344870.103037556
2006,76,ISL,Iceland,0.129386367068196
2006,77,ISR,Israel,51067.91401857958
2006,78,ITA,Italy,120706.26512584387
2006,79,JAM,Jamaica,471.9537922603
2006,80,JOR,Jordan,22472.732132500958
2006,81,JPN,Japan,1017.33782677869
2006,82,KAZ,Kazakhstan,78889.82304154645
2006,83,KEN,Kenya,14960.912732203651
2006,84,KGZ,Kyrgyzstan,31740.02912064069
2006,85,KHM,Cambodia,2638.4649625573
2006,86,KOR,South Korea,756.1825180564554
2006,87,KWT,Kuwait,1613.5507150784272
2006,88,LAO,Laos,1490.0931319333015
2006,89,LBN,Lebanon,71596.70306313036
2006,90,LBR,Liberia,29.36745613984194
2006,91,LBY,Libya,63451.45302499951
2006,92,LKA,Sri Lanka,43916.50461521193
2006,93,LTU,Lithuania,56.24694639587936
2006,94,LUX,Luxembourg,0.9348241143162754
2006,95,LVA,Latvia,12.97062243184881
2006,96,MAR,Morocco,471486.59587037
2006,97,MDA,Moldova,32.036705191995715
2006,98,MDG,Madagascar,9473.466068337175
2006,99,MEX,Mexico,461654.17355939
2006,100,MKD,Macedonia,24145.08321337926
2006,101,MLI,Mali,14536.838208956899
2006,102,MLT,Malta,11.527037703809999
2006,103,MMR,Myanmar,4205.1905984915
2006,104,MNG,Mongolia,853.6213788473785
2006,105,MOZ,Mozambique,1321.8070118447379
2006,106,MRT,Mauritania,22351.1508696244
2006,107,MWI,Malawi,826.90891935972
2006,108,MYS,Malaysia,334.9888842676179
2006,109,NAM,Namibia,371.20633468165386
2006,110,NER,Niger,4392.2906108342995
2006,111,NGA,Nigeria,24545.06032028264
2006,112,NIC,Nicaragua,111.3501263012248
2006,113,NLD,Netherlands,428.2988800238219
2006,114,NOR,Norway,25.596368509478
2006,115,NPL,Nepal,15234.669452143511
2006,116,NZL,New Zealand,1487.698561293866
2006,117,OMN,Oman,7934.027353915879
2006,118,PAK,Pakistan,1912462.1615229838
2006,119,PSE,Palestine,379.66673823
2006,120,PAN,Panama,253.76302236611002
2006,121,PER,Peru,20590.372370937766
2006,122,PHL,Philippines,11770.243177612
2006,123,PNG,Papua New Guinea,6.38664621392987
2006,124,POL,Poland,1860.0680171139816
2006,125,PRK,North Korea,1528.0800045636242
2006,126,PRT,Portugal,80282.86513124999
2006,127,PRY,Paraguay,48185.53364934676
2006,128,QAT,Qatar,2206.269862171228
2006,129,ROU,Romania,5033.646596348221
2006,130,RUS,Russia,70906.09959529346
2006,131,RWA,Rwanda,25533.12522314681
2006,132,SAU,Saudi Arabia,109710.95586068057
2006,133,SDS,South Sudan,0.0
2006,134,SEN,Senegal,45269.819285988604
2006,135,SGP,Singapore,0.0265400440281626
2006,136,SLE,Sierra Leone,212.31373538508038
2006,137,SLV,El Salvador,83.27259488382649
2006,138,SOM,Somalia,16470.0173462037
2006,139,SRB,Serbia,3842.6924036385403
2006,140,SDN,Sudan,205963.6825235465
2006,141,SVK,Slovakia,188.66924184454848
2006,142,SVN,Slovenia,15.965820713355615
2006,143,SWE,Sweden,173.881342200954
2006,144,SYR,Syria,622890.4934414289
2006,145,TCD,Chad,2847.0172428514998
2006,146,TGO,Togo,459.76798184003
2006,147,THA,Thailand,65249.1207413994
2006,148,TJK,Tajikistan,53138.799453643995
2006,149,TKM,Turkmenistan,124244.71666810999
2006,150,TUN,Tunisia,114267.171776485
2006,151,TUR,Turkey,552368.9267711735
2006,152,TZA,Tanzania,11475.4777461591
2006,153,UGA,Uganda,140754.96481890284
2006,154,UKR,Ukraine,28727.516989997628
2006,155,URY,Uruguay,1592.83875355497
2006,156,USA,United States,1854758.875516975
2006,157,UZB,Uzbekistan,397089.9084471039
2006,158,VEN,Venezuela,10124.945196542289
2006,159,VNM,Viet Nam,47273.07885473939
2006,160,YEM,Yemen,116278.4414089854
2006,161,ZAF,South Africa,77035.21499207706
2006,162,ZMB,Zambia,558.3311278828
2006,163,ZWE,Zimbabwe,2799.662966556275
2007,0,XAM,Rest of Americas,34025.35478093182
2007,1,XEU,Rest of Europe,1729.8026315533627
2007,2,XAF,Rest of Africa,590.7673234729805
2007,3,XAS,Rest of Asia-Pacific,135.15602458549958
2007,4,AFG,Afghanistan,114521.70611389799
2007,5,AGO,Angola,1593.59096371736
2007,6,ALB,Albania,4277.41892900121
2007,7,ARE,United Arab Emirates,44439.35173001065
2007,8,ARG,Argentina,97693.5061501489
2007,9,ARM,Armenia,31356.322628087437
2007,10,AUS,Australia,163327.62887905145
2007,11,AUT,Austria,137.06387341160814
2007,12,AZE,Azerbaijan,79380.0666889408
2007,13,BDI,Burundi,15164.542721775291
2007,14,BEL,Belgium,144.3342951312544
2007,15,BEN,Benin,1137.0681934405343
2007,16,BFA,Burkina Faso,2407.8266293247502
2007,17,BGD,Bangladesh,7353.90779172821
2007,18,BGR,Bulgaria,3343.6615247044547
2007,19,BHR,Bahrain,48.4137804631793
2007,20,BHS,Bahamas,0.0
2007,21,BIH,Bosnia and Herzegovina,60.01213373110231
2007,22,BLR,Belarus,78.80943665711517
2007,23,BLZ,Belize,6.962962679452
2007,24,BOL,Bolivia,1972.2551311037
2007,25,BRA,Brazil,27923.44837065257
2007,26,BRN,Brunei Darussalam,0.0076412644563474
2007,27,BTN,Bhutan,12.01702101075301
2007,28,BWA,Botswana,228.43128695922402
2007,29,CAF,Central African Republic,632.354152416256
2007,30,CAN,Canada,9575.125599469966
2007,31,CHE,Switzerland,26.356957406542953
2007,32,CHL,Chile,26608.514984808975
2007,33,CHN,China,5526517.373291602
2007,34,CIV,Cote d'Ivoire,6767.58756640787
2007,35,CMR,Cameroon,2496.97813260038
2007,36,COD,DR Congo,4226.574665989775
2007,37,COG,Rep Congo,4.593149513023941
2007,38,COL,Colombia,775.6071639487352
2007,39,CRI,Costa Rica,9487.506480681815
2007,40,CUB,Cuba,11672.0123340228
2007,41,CYP,Cyprus,14606.467418219188
2007,42,CZE,Czech Republic,96.9957838580062
2007,43,DEU,Germany,955.2206319060001
2007,44,DJI,Djibouti,31.881344921221
2007,45,DYE,DR Yemen (Aden),0.0
2007,46,DNK,Denmark,198.03876872524333
2007,47,DOM,Dominican Republic,22898.947090338497
2007,48,DZA,Algeria,43632.00657941744
2007,49,ECU,Ecuador,1269.0215038544388
2007,50,EGY,Egypt,5518302.711315988
2007,51,ERI,Eritrea,3190.97839172343
2007,52,ESP,Spain,1038514.440302349
2007,53,EST,Estonia,6.36898705529225
2007,54,ETH,Ethiopia,29232.95112585189
2007,55,FIN,Finland,43.88095703441304
2007,56,FRA,France,19679.281988606348
2007,57,GAB,Gabon,12.211659038562527
2007,58,GBR,United Kingdom,1790.8399928612698
2007,59,GEO,Georgia,20326.55015764005
2007,60,GHA,Ghana,10504.772079707549
2007,61,GIN,Guinea,4757.955535765347
2007,62,GMB,Gambia,122.117341201588
2007,63,GNQ,Equatorial Guinea,0.0
2007,64,GRC,Greece,218781.24854976003
2007,65,GTM,Guatemala,403.94577933744165
2007,66,HND,Honduras,924.6482791673776
2007,67,HKG,Hong Kong,0.0
2007,68,HRV,Croatia,355.867287793043
2007,69,HTI,Haiti,180.8194320976377
2007,70,HUN,Hungary,248.76552724326208
2007,71,IDN,Indonesia,306875.5323533829
2007,72,IND,India,7749621.04764806
2007,73,IRL,Ireland,210.84296796269794
2007,74,IRN,Iran,2421396.311406917
2007,75,IRQ,Iraq,358244.784017996
2007,76,ISL,Iceland,0.1252871312971448
2007,77,ISR,Israel,52557.243255296635
2007,78,ITA,Italy,118174.02141727571
2007,79,JAM,Jamaica,433.3470982492
2007,80,JOR,Jordan,22906.74616841707
2007,81,JPN,Japan,1036.031537444604
2007,82,KAZ,Kazakhstan,79936.10972604825
2007,83,KEN,Kenya,14167.54810790714
2007,84,KGZ,Kyrgyzstan,32700.001919353002
2007,85,KHM,Cambodia,2764.138556765187
2007,86,KOR,South Korea,721.286544993274
2007,87,KWT,Kuwait,1678.834840042897
2007,88,LAO,Laos,1573.7822007190593
2007,89,LBN,Lebanon,73675.28076381043
2007,90,LBR,Liberia,29.441447282656217
2007,91,LBY,Libya,55650.9207370813
2007,92,LKA,Sri Lanka,46151.29473250955
2007,93,LTU,Lithuania,61.613186112891896
2007,94,LUX,Luxembourg,0.9275696406966678
2007,95,LVA,Latvia,12.471566328729708
2007,96,MAR,Morocco,395925.85071247
2007,97,MDA,Moldova,25.82246668791364
2007,98,MDG,Madagascar,9525.933362025926
2007,99,MEX,Mexico,463003.93903845
2007,100,MKD,Macedonia,22796.70533204096
2007,101,MLI,Mali,14769.868009529499
2007,102,MLT,Malta,11.711713623669999
2007,103,MMR,Myanmar,4380.805362125
2007,104,MNG,Mongolia,902.5347046775171
2007,105,MOZ,Mozambique,1259.6548909087523
2007,106,MRT,Mauritania,21376.1278648091
2007,107,MWI,Malawi,829.308317525161
2007,108,MYS,Malaysia,345.0225858113406
2007,109,NAM,Namibia,328.77617919012846
2007,110,NER,Niger,4182.8147429324
2007,111,NGA,Nigeria,23808.17407132951
2007,112,NIC,Nicaragua,109.5752681047339
2007,113,NLD,Netherlands,432.038861844135
2007,114,NOR,Norway,24.590888523317
2007,115,NPL,Nepal,15965.13864157038
2007,116,NZL,New Zealand,1462.501680462773
2007,117,OMN,Oman,8062.408936872399
2007,118,PAK,Pakistan,2053033.0025762601
2007,119,PSE,Palestine,377.94017432
2007,120,PAN,Panama,262.83009951318
2007,121,PER,Peru,21675.524967981895
2007,122,PHL,Philippines,12399.330736194
2007,123,PNG,Papua New Guinea,6.29021742414511
2007,124,POL,Poland,2526.662254839683
2007,125,PRK,North Korea,1625.7862792213807
2007,126,PRT,Portugal,74041.502361634
2007,127,PRY,Paraguay,48639.44473707925
2007,128,QAT,Qatar,2079.7728083409806
2007,129,ROU,Romania,2766.084388559132
2007,130,RUS,Russia,72249.01036873084
2007,131,RWA,Rwanda,23903.10357387802
2007,132,SAU,Saudi Arabia,109470.6849439528
2007,133,SDS,South Sudan,0.0
2007,134,SEN,Senegal,44784.189311098
2007,135,SGP,Singapore,0.027128412776213896
2007,136,SLE,Sierra Leone,197.7641255935897
2007,137,SLV,El Salvador,79.42591836030411
2007,138,SOM,Somalia,15780.6506323154
2007,139,SRB,Serbia,3528.2276380305607
2007,140,SDN,Sudan,184839.92362466018
2007,141,SVK,Slovakia,154.49682365629155
2007,142,SVN,Slovenia,15.911176497873322
2007,143,SWE,Sweden,171.09739029444398
2007,144,SYR,Syria,627391.0937422032
2007,145,TCD,Chad,2403.4672623785
2007,146,TGO,Togo,440.6797924985759
2007,147,THA,Thailand,67820.1687180136
2007,148,TJK,Tajikistan,55338.69689637
2007,149,TKM,Turkmenistan,129727.935679935
2007,150,TUN,Tunisia,102641.631709523
2007,151,TUR,Turkey,496146.7673188145
2007,152,TZA,Tanzania,10946.024485705002
2007,153,UGA,Uganda,133833.00429581242
2007,154,UKR,Ukraine,26338.159451201886
2007,155,URY,Uruguay,1629.7579367114902
2007,156,USA,United States,1876422.0933147636
2007,157,UZB,Uzbekistan,416190.589050892
2007,158,VEN,Venezuela,10756.765545757475
2007,159,VNM,Viet Nam,47071.438898785054
2007,160,YEM,Yemen,117392.16663872049
2007,161,ZAF,South Africa,73148.26534165426
2007,162,ZMB,Zambia,554.78407503282
2007,163,ZWE,Zimbabwe,2875.860959489166
2008,0,XAM,Rest of Americas,36890.37008575335
2008,1,XEU,Rest of Europe,1829.689173401721
2008,2,XAF,Rest of Africa,477.36637968749255
2008,3,XAS,Rest of Asia-Pacific,127.62744902509894
2008,4,AFG,Afghanistan,111313.18806186531
2008,5,AGO,Angola,13.6369287210432
2008,6,ALB,Albania,5151.509477337029
2008,7,ARE,United Arab Emirates,44130.03862783317
2008,8,ARG,Argentina,99100.39247068533
2008,9,ARM,Armenia,30839.688482887563
2008,10,AUS,Australia,153715.41290702004
2008,11,AUT,Austria,143.85498663304242
2008,12,AZE,Azerbaijan,76175.2179555487
2008,13,BDI,Burundi,14570.948178981464
2008,14,BEL,Belgium,143.1249166704846
2008,15,BEN,Benin,1199.0464660897414
2008,16,BFA,Burkina Faso,1886.454422517479
2008,17,BGD,Bangladesh,7406.76497244734
2008,18,BGR,Bulgaria,4339.668486261052
2008,19,BHR,Bahrain,36.0057063470877
2008,20,BHS,Bahamas,0.0
2008,21,BIH,Bosnia and Herzegovina,76.6072511463445
2008,22,BLR,Belarus,85.42449033722984
2008,23,BLZ,Belize,6.815721653082
2008,24,BOL,Bolivia,2247.6700926106005
2008,25,BRA,Brazil,31997.822127931904
2008,26,BRN,Brunei Darussalam,0.007099773611668287
2008,27,BTN,Bhutan,11.868164682828525
2008,28,BWA,Botswana,157.16859298366185
2008,29,CAF,Central African Republic,501.7584776325065
2008,30,CAN,Canada,9890.384427349165
2008,31,CHE,Switzerland,25.5492791553845
2008,32,CHL,Chile,24407.68981474818
2008,33,CHN,China,5778253.04545652
2008,34,CIV,Cote d'Ivoire,6599.583927963888
2008,35,CMR,Cameroon,2475.519058724625
2008,36,COD,DR Congo,4672.133304147657
2008,37,COG,Rep Congo,3.6683578549508793
2008,38,COL,Colombia,783.282320616009
2008,39,CRI,Costa Rica,10098.246540619624
2008,40,CUB,Cuba,12001.6071064201
2008,41,CYP,Cyprus,12590.71548060919
2008,42,CZE,Czech Republic,93.37000455955277
2008,43,DEU,Germany,958.1768081261006
2008,44,DJI,Djibouti,4.287614957138429
2008,45,DYE,DR Yemen (Aden),0.0
2008,46,DNK,Denmark,210.97787010232838
2008,47,DOM,Dominican Republic,22847.408487205892
2008,48,DZA,Algeria,533.430499519017
2008,49,ECU,Ecuador,1277.2842749075917
2008,50,EGY,Egypt,4866134.681856759
2008,51,ERI,Eritrea,2917.5995067704616
2008,52,ESP,Spain,1014018.6497919431
2008,53,EST,Estonia,6.339525795186996
2008,54,ETH,Ethiopia,21332.955749952613
2008,55,FIN,Finland,43.17024695600496
2008,56,FRA,France,20932.433912425593
2008,57,GAB,Gabon,11.543268859983996
2008,58,GBR,United Kingdom,1806.85980932364
2008,59,GEO,Georgia,19817.21643415578
2008,60,GHA,Ghana,10073.526505793001
2008,61,GIN,Guinea,5112.9378719625765
2008,62,GMB,Gambia,129.59722693047493
2008,63,GNQ,Equatorial Guinea,0.0
2008,64,GRC,Greece,212201.25564561848
2008,65,GTM,Guatemala,443.59612385864983
2008,66,HND,Honduras,955.8432916476415
2008,67,HKG,Hong Kong,0.0
2008,68,HRV,Croatia,317.01316178897576
2008,69,HTI,Haiti,180.80645813300106
2008,70,HUN,Hungary,286.04056370530395
2008,71,IDN,Indonesia,324134.13180779555
2008,72,IND,India,7592513.163041519
2008,73,IRL,Ireland,214.63705042715765
2008,74,IRN,Iran,2155210.439264149
2008,75,IRQ,Iraq,301423.88158124604
2008,76,ISL,Iceland,0.112901273731776
2008,77,ISR,Israel,50685.054072931904
2008,78,ITA,Italy,118375.33071994461
2008,79,JAM,Jamaica,430.64816757909995
2008,80,JOR,Jordan,22405.62863324712
2008,81,JPN,Japan,1048.0659886345315
2008,82,KAZ,Kazakhstan,82427.81414330137
2008,83,KEN,Kenya,13700.223979707771
2008,84,KGZ,Kyrgyzstan,31464.619420831794
2008,85,KHM,Cambodia,2879.713876671784
2008,86,KOR,South Korea,812.5883754807663
2008,87,KWT,Kuwait,1687.3306986186224
2008,88,LAO,Laos,1637.0323895182737
2008,89,LBN,Lebanon,74062.66365564687
2008,90,LBR,Liberia,27.40775581462944
2008,91,LBY,Libya,51327.4408868249
2008,92,LKA,Sri Lanka,51291.94562657939
2008,93,LTU,Lithuania,54.241550874505876
2008,94,LUX,Luxembourg,0.9171438898720684
2008,95,LVA,Latvia,12.88442236588896
2008,96,MAR,Morocco,372427.58860165934
2008,97,MDA,Moldova,22.39657685705308
2008,98,MDG,Madagascar,10673.291103576135
2008,99,MEX,Mexico,492704.33311772003
2008,100,MKD,Macedonia,32871.72344749395
2008,101,MLI,Mali,15337.631787180542
2008,102,MLT,Malta,11.318493214860005
2008,103,MMR,Myanmar,4406.9361971696
2008,104,MNG,Mongolia,1150.0322953222342
2008,105,MOZ,Mozambique,1177.7934754325229
2008,106,MRT,Mauritania,19093.093201602205
2008,107,MWI,Malawi,696.5453486514871
2008,108,MYS,Malaysia,312.5797110055412
2008,109,NAM,Namibia,92.26846148747077
2008,110,NER,Niger,3401.3392177854894
2008,111,NGA,Nigeria,24723.37797610624
2008,112,NIC,Nicaragua,113.53144238375909
2008,113,NLD,Netherlands,605.628089130832
2008,114,NOR,Norway,25.395999652777533
2008,115,NPL,Nepal,17160.029942656984
2008,116,NZL,New Zealand,1433.448200746756
2008,117,OMN,Oman,8432.124061823764
2008,118,PAK,Pakistan,2094946.3364281617
2008,119,PSE,Palestine,262.13769567
2008,120,PAN,Panama,272.10842094928
2008,121,PER,Peru,22846.395765441823
2008,122,PHL,Philippines,12361.125384631
2008,123,PNG,Papua New Guinea,6.61050717929948
2008,124,POL,Poland,2330.015801512339
2008,125,PRK,North Korea,1734.5790520297608
2008,126,PRT,Portugal,81050.0374879874
2008,127,PRY,Paraguay,51669.90733902679
2008,128,QAT,Qatar,1640.948271233362
2008,129,ROU,Romania,4222.085765517269
2008,130,RUS,Russia,90338.86726729012
2008,131,RWA,Rwanda,24794.30772520796
2008,132,SAU,Saudi Arabia,95046.82751807425
2008,133,SDS,South Sudan,0.0
2008,134,SEN,Senegal,41333.264616388886
2008,135,SGP,Singapore,0.025993711062606104
2008,136,SLE,Sierra Leone,145.25661175979508
2008,137,SLV,El Salvador,76.9765761741304
2008,138,SOM,Somalia,10758.500829336519
2008,139,SRB,Serbia,4650.780956782187
2008,140,SDN,Sudan,343655.3820282457
2008,141,SVK,Slovakia,207.1627033130755
2008,142,SVN,Slovenia,16.28238250941357
2008,143,SWE,Sweden,170.40514481956902
2008,144,SYR,Syria,546053.4507561445
2008,145,TCD,Chad,1270.6481523287862
2008,146,TGO,Togo,413.2142630715666
2008,147,THA,Thailand,69412.331551126
2008,148,TJK,Tajikistan,58451.297634217204
2008,149,TKM,Turkmenistan,125424.049525865
2008,150,TUN,Tunisia,103812.1125393141
2008,151,TUR,Turkey,504464.69707426423
2008,152,TZA,Tanzania,11486.981555648734
2008,153,UGA,Uganda,138835.97778223385
2008,154,UKR,Ukraine,31471.63667490837
2008,155,URY,Uruguay,1674.9176721401
2008,156,USA,United States,1790447.2393663437
2008,157,UZB,Uzbekistan,410561.140121432
2008,158,VEN,Venezuela,11235.856374212815
2008,159,VNM,Viet Nam,46071.98026881342
2008,160,YEM,Yemen,107135.84853577941
2008,161,ZAF,South Africa,78281.00250410907
2008,162,ZMB,Zambia,324.14114179976195
2008,163,ZWE,Zimbabwe,2248.261131890012
2009,0,XAM,Rest of Americas,36822.33394538935
2009,1,XEU,Rest of Europe,1748.9087298243844
2009,2,XAF,Rest of Africa,523.387894628879
2009,3,XAS,Rest of Asia-Pacific,123.40383835646671
2009,4,AFG,Afghanistan,116441.78270616042
2009,5,AGO,Angola,15.9229261959461
2009,6,ALB,Albania,6218.9311867060405
2009,7,ARE,United Arab Emirates,43592.76517787546
2009,8,ARG,Argentina,96948.81444700166
2009,9,ARM,Armenia,26043.896192522265
2009,10,AUS,Australia,167566.5590688287
2009,11,AUT,Austria,142.20732831930854
2009,12,AZE,Azerbaijan,80695.741730131
2009,13,BDI,Burundi,15980.338246926964
2009,14,BEL,Belgium,144.4474714709903
2009,15,BEN,Benin,1365.3707971688073
2009,16,BFA,Burkina Faso,2245.139930874851
2009,17,BGD,Bangladesh,7328.098383185899
2009,18,BGR,Bulgaria,4393.380161604313
2009,19,BHR,Bahrain,33.72873313760587
2009,20,BHS,Bahamas,0.0
2009,21,BIH,Bosnia and Herzegovina,92.9592595039648
2009,22,BLR,Belarus,98.43629756912887
2009,23,BLZ,Belize,6.658527902184
2009,24,BOL,Bolivia,2471.358712228601
2009,25,BRA,Brazil,32272.510083192108
2009,26,BRN,Brunei Darussalam,0.0069510314751943855
2009,27,BTN,Bhutan,11.810930064560957
2009,28,BWA,Botswana,169.38932405280272
2009,29,CAF,Central African Republic,563.6034223802037
2009,30,CAN,Canada,9058.621865749321
2009,31,CHE,Switzerland,25.48088366086508
2009,32,CHL,Chile,24137.946016612645
2009,33,CHN,China,5844539.073754973
2009,34,CIV,Cote d'Ivoire,7268.176918505715
2009,35,CMR,Cameroon,2730.3620588711046
2009,36,COD,DR Congo,5261.8611381368455
2009,37,COG,Rep Congo,4.043726805518889
2009,38,COL,Colombia,769.5134527502996
2009,39,CRI,Costa Rica,9792.832212001493
2009,40,CUB,Cuba,11956.000252130001
2009,41,CYP,Cyprus,11539.160554662189
2009,42,CZE,Czech Republic,88.20132985920858
2009,43,DEU,Germany,976.8248558277284
2009,44,DJI,Djibouti,4.74623079951255
2009,45,DYE,DR Yemen (Aden),0.0
2009,46,DNK,Denmark,214.93533403242117
2009,47,DOM,Dominican Republic,24463.558310210872
2009,48,DZA,Algeria,579.8179935185409
2009,49,ECU,Ecuador,1263.908933387275
2009,50,EGY,Egypt,5062685.03949048
2009,51,ERI,Eritrea,3334.353595893429
2009,52,ESP,Spain,968366.345312617
2009,53,EST,Estonia,6.284569098060707
2009,54,ETH,Ethiopia,23859.241720462356
2009,55,FIN,Finland,44.27065191679001
2009,56,FRA,France,21864.87470240103
2009,57,GAB,Gabon,12.681915908800896
2009,58,GBR,United Kingdom,1801.37564985908
2009,59,GEO,Georgia,17496.35510863604
2009,60,GHA,Ghana,11101.196953846622
2009,61,GIN,Guinea,5915.265706681158
2009,62,GMB,Gambia,162.71884836230333
2009,63,GNQ,Equatorial Guinea,0.0
2009,64,GRC,Greece,205180.4651200157
2009,65,GTM,Guatemala,445.01750892743496
2009,66,HND,Honduras,909.6966711103398
2009,67,HKG,Hong Kong,0.0
2009,68,HRV,Croatia,292.49506246877263
2009,69,HTI,Haiti,180.33122862754237
2009,70,HUN,Hungary,245.77028872860888
2009,71,IDN,Indonesia,346141.4128931667
2009,72,IND,India,7452821.2956424095
2009,73,IRL,Ireland,213.99866677025906
2009,74,IRN,Iran,2316155.456585567
2009,75,IRQ,Iraq,295548.70745203405
2009,76,ISL,Iceland,0.11489313211659659
2009,77,ISR,Israel,51235.65513807856
2009,78,ITA,Italy,116094.35174220725
2009,79,JAM,Jamaica,391.1569203306
2009,80,JOR,Jordan,22368.68216529982
2009,81,JPN,Japan,823.5325875842789
2009,82,KAZ,Kazakhstan,93068.53991735724
2009,83,KEN,Kenya,14888.96020860451
2009,84,KGZ,Kyrgyzstan,36310.561572793
2009,85,KHM,Cambodia,2954.82782171499
2009,86,KOR,South Korea,830.3231523383456
2009,87,KWT,Kuwait,1720.002759576291
2009,88,LAO,Laos,1633.64141177778
2009,89,LBN,Lebanon,75343.78655339884
2009,90,LBR,Liberia,29.123663061383834
2009,91,LBY,Libya,61747.78170087404
2009,92,LKA,Sri Lanka,49966.51808613007
2009,93,LTU,Lithuania,54.362316991138826
2009,94,LUX,Luxembourg,0.9108212469924556
2009,95,LVA,Latvia,12.183652140172656
2009,96,MAR,Morocco,457014.5930237984
2009,97,MDA,Moldova,30.099855025992227
2009,98,MDG,Madagascar,12119.603383978008
2009,99,MEX,Mexico,460408.45723927
2009,100,MKD,Macedonia,28023.862907231476
2009,101,MLI,Mali,17812.788438143096
2009,102,MLT,Malta,10.279635735820003
2009,103,MMR,Myanmar,4397.1138782933995
2009,104,MNG,Mongolia,1159.5948138232136
2009,105,MOZ,Mozambique,1322.6902497926205
2009,106,MRT,Mauritania,21712.27861732302
2009,107,MWI,Malawi,762.3150428781057
2009,108,MYS,Malaysia,364.7709860096995
2009,109,NAM,Namibia,98.6588317226991
2009,110,NER,Niger,3713.7714674811823
2009,111,NGA,Nigeria,28350.212048042693
2009,112,NIC,Nicaragua,114.30696706290058
2009,113,NLD,Netherlands,759.556905594588
2009,114,NOR,Norway,24.35973595872641
2009,115,NPL,Nepal,16897.236518015903
2009,116,NZL,New Zealand,1403.690595930792
2009,117,OMN,Oman,8135.417501425546
2009,118,PAK,Pakistan,2128334.0914769853
2009,119,PSE,Palestine,335.68713714
2009,120,PAN,Panama,257.17050760079997
2009,121,PER,Peru,21463.932730918328
2009,122,PHL,Philippines,12033.6873793339
2009,123,PNG,Papua New Guinea,6.07598082910725
2009,124,POL,Poland,2564.6036843692555
2009,125,PRK,North Korea,1658.9214913728604
2009,126,PRT,Portugal,77796.83295939649
2009,127,PRY,Paraguay,50880.12129807499
2009,128,QAT,Qatar,1433.7284220618549
2009,129,ROU,Romania,3758.744488015222
2009,130,RUS,Russia,83831.52958697532
2009,131,RWA,Rwanda,27197.148456155897
2009,132,SAU,Saudi Arabia,99746.34696645563
2009,133,SDS,South Sudan,0.0
2009,134,SEN,Senegal,46263.277066468996
2009,135,SGP,Singapore,0.02618819993923611
2009,136,SLE,Sierra Leone,162.32380052793988
2009,137,SLV,El Salvador,76.5029715918711
2009,138,SOM,Somalia,11797.512473543946
2009,139,SRB,Serbia,4458.604110864217
2009,140,SDN,Sudan,383462.6072227566
2009,141,SVK,Slovakia,180.67771302050537
2009,142,SVN,Slovenia,15.551400856174434
2009,143,SWE,Sweden,169.277709587776
2009,144,SYR,Syria,586781.2535320077
2009,145,TCD,Chad,1497.1055794219742
2009,146,TGO,Togo,485.8072250624308
2009,147,THA,Thailand,63779.0896439591
2009,148,TJK,Tajikistan,60019.7171761723
2009,149,TKM,Turkmenistan,135126.5751130314
2009,150,TUN,Tunisia,125425.14162300806
2009,151,TUR,Turkey,516184.3975913139
2009,152,TZA,Tanzania,12979.530352992122
2009,153,UGA,Uganda,151518.69248417218
2009,154,UKR,Ukraine,30839.5851122654
2009,155,URY,Uruguay,1619.2778239342001
2009,156,USA,United States,1830570.8279555615
2009,157,UZB,Uzbekistan,423022.64494423696
2009,158,VEN,Venezuela,10795.975787485242
2009,159,VNM,Viet Nam,42413.680928720336
2009,160,YEM,Yemen,108930.01003653058
2009,161,ZAF,South Africa,74135.37684574719
2009,162,ZMB,Zambia,377.2801113669602
2009,163,ZWE,Zimbabwe,2472.408391666676
2010,0,XAM,Rest of Americas,36487.754060881685
2010,1,XEU,Rest of Europe,1844.9119622020055
2010,2,XAF,Rest of Africa,481.9970419327324
2010,3,XAS,Rest of Asia-Pacific,119.7786525592101
2010,4,AFG,Afghanistan,118563.41846447802
2010,5,AGO,Angola,14.982082413287898
2010,6,ALB,Albania,5001.92414566673
2010,7,ARE,United Arab Emirates,43372.13010057968
2010,8,ARG,Argentina,103066.58140026481
2010,9,ARM,Armenia,28719.223379423594
2010,10,AUS,Australia,171802.5501620492
2010,11,AUT,Austria,141.66805333138237
2010,12,AZE,Azerbaijan,82519.19793719139
2010,13,BDI,Burundi,17307.586347695673
2010,14,BEL,Belgium,144.15885326226194
2010,15,BEN,Benin,1397.910155257277
2010,16,BFA,Burkina Faso,2083.2473023796924
2010,17,BGD,Bangladesh,7418.92429737237
2010,18,BGR,Bulgaria,5361.345775637468
2010,19,BHR,Bahrain,34.119373998351534
2010,20,BHS,Bahamas,0.0
2010,21,BIH,Bosnia and Herzegovina,79.2486348504617
2010,22,BLR,Belarus,95.92078611425269
2010,23,BLZ,Belize,6.357265326906999
2010,24,BOL,Bolivia,2422.0524040073
2010,25,BRA,Brazil,29833.337818853204
2010,26,BRN,Brunei Darussalam,0.006772843914304206
2010,27,BTN,Bhutan,12.020579683396376
2010,28,BWA,Botswana,155.31078968023175
2010,29,CAF,Central African Republic,554.4534687087407
2010,30,CAN,Canada,7864.67502534453
2010,31,CHE,Switzerland,25.384814272225974
2010,32,CHL,Chile,23377.06511163579
2010,33,CHN,China,5938250.196110974
2010,34,CIV,Cote d'Ivoire,7509.4709077066045
2010,35,CMR,Cameroon,2763.0626906571733
2010,36,COD,DR Congo,5801.70780023041
2010,37,COG,Rep Congo,4.0120451509862765
2010,38,COL,Colombia,807.3871521676886
2010,39,CRI,Costa Rica,9649.709864185472
2010,40,CUB,Cuba,12153.225942007699
2010,41,CYP,Cyprus,12228.540258100193
2010,42,CZE,Czech Republic,83.50505937442266
2010,43,DEU,Germany,933.2602226398562
2010,44,DJI,Djibouti,5.148424556425799
2010,45,DYE,DR Yemen (Aden),0.0
2010,46,DNK,Denmark,212.6161103003136
2010,47,DOM,Dominican Republic,25321.97314627246
2010,48,DZA,Algeria,559.3504728909221
2010,49,ECU,Ecuador,1186.1203335194355
2010,50,EGY,Egypt,5391116.3606210435
2010,51,ERI,Eritrea,2983.565701369139
2010,52,ESP,Spain,1031520.649744371
2010,53,EST,Estonia,6.121720851353443
2010,54,ETH,Ethiopia,22372.908525165658
2010,55,FIN,Finland,43.10653493118104
2010,56,FRA,France,20551.79504324641
2010,57,GAB,Gabon,13.408830596567523
2010,58,GBR,United Kingdom,1777.717825801308
2010,59,GEO,Georgia,20325.324835084622
2010,60,GHA,Ghana,11195.079829236543
2010,61,GIN,Guinea,5920.995608041318
2010,62,GMB,Gambia,149.06595980548104
2010,63,GNQ,Equatorial Guinea,0.0
2010,64,GRC,Greece,175580.16076724214
2010,65,GTM,Guatemala,427.17026475673606
2010,66,HND,Honduras,948.0462343836841
2010,67,HKG,Hong Kong,0.0
2010,68,HRV,Croatia,232.11916249584078
2010,69,HTI,Haiti,183.62303589574833
2010,70,HUN,Hungary,204.9347319533023
2010,71,IDN,Indonesia,355550.9574839645
2010,72,IND,India,7969021.05003591
2010,73,IRL,Ireland,206.01822683932238
2010,74,IRN,Iran,2391441.9875508677
2010,75,IRQ,Iraq,320732.553570012
2010,76,ISL,Iceland,0.09051918651512268
2010,77,ISR,Israel,51776.454508095056
2010,78,ITA,Italy,113102.02290771207
2010,79,JAM,Jamaica,368.11854812120004
2010,80,JOR,Jordan,22538.49228669951
2010,81,JPN,Japan,822.7753510049129
2010,82,KAZ,Kazakhstan,82603.19587491808
2010,83,KEN,Kenya,14231.075054261062
2010,84,KGZ,Kyrgyzstan,33204.2084016413
2010,85,KHM,Cambodia,2803.209106835575
2010,86,KOR,South Korea,743.0197392325473
2010,87,KWT,Kuwait,1758.0279983263565
2010,88,LAO,Laos,1659.8280441909142
2010,89,LBN,Lebanon,75063.20284899336
2010,90,LBR,Liberia,28.86293445464987
2010,91,LBY,Libya,58647.56653028978
2010,92,LKA,Sri Lanka,46700.043936821
2010,93,LTU,Lithuania,52.74964351242391
2010,94,LUX,Luxembourg,0.9059237359995804
2010,95,LVA,Latvia,11.951227841627944
2010,96,MAR,Morocco,410009.96556276164
2010,97,MDA,Moldova,26.52006189457317
2010,98,MDG,Madagascar,13658.905492232898
2010,99,MEX,Mexico,478772.2214165301
2010,100,MKD,Macedonia,28094.83709383628
2010,101,MLI,Mali,19823.401292428276
2010,102,MLT,Malta,9.773048281889995
2010,103,MMR,Myanmar,4541.3204996225995
2010,104,MNG,Mongolia,1100.4798154833402
2010,105,MOZ,Mozambique,1323.6389141679629
2010,106,MRT,Mauritania,24452.843907106348
2010,107,MWI,Malawi,774.9992837643408
2010,108,MYS,Malaysia,346.4907827243228
2010,109,NAM,Namibia,91.19789413892931
2010,110,NER,Niger,3456.1405649146873
2010,111,NGA,Nigeria,29817.253843925697
2010,112,NIC,Nicaragua,110.03130851669687
2010,113,NLD,Netherlands,692.4607993346449
2010,114,NOR,Norway,24.283211230840713
2010,115,NPL,Nepal,15996.25041233065
2010,116,NZL,New Zealand,1380.441320244396
2010,117,OMN,Oman,8140.375725891866
2010,118,PAK,Pakistan,2046549.1229152703
2010,119,PSE,Palestine,346.90869226
2010,120,PAN,Panama,274.83811315738
2010,121,PER,Peru,23800.570102554113
2010,122,PHL,Philippines,12812.541311101
2010,123,PNG,Papua New Guinea,6.53139193464902
2010,124,POL,Poland,2501.580635204654
2010,125,PRK,North Korea,1649.9812648859106
2010,126,PRT,Portugal,75431.3529979553
2010,127,PRY,Paraguay,52569.85060346201
2010,128,QAT,Qatar,1458.779980220906
2010,129,ROU,Romania,4238.487511204438
2010,130,RUS,Russia,75165.53841495124
2010,131,RWA,Rwanda,29300.677463372827
2010,132,SAU,Saudi Arabia,102407.35208910178
2010,133,SDS,South Sudan,0.0
2010,134,SEN,Senegal,49441.15518478214
2010,135,SGP,Singapore,0.02417153709599732
2010,136,SLE,Sierra Leone,163.24859170675632
2010,137,SLV,El Salvador,69.2711836879122
2010,138,SOM,Somalia,11679.41169038634
2010,139,SRB,Serbia,4387.561642542022
2010,140,SDN,Sudan,385130.3671528674
2010,141,SVK,Slovakia,165.20498547562303
2010,142,SVN,Slovenia,15.732561105133932
2010,143,SWE,Sweden,165.20164839777297
2010,144,SYR,Syria,611093.6011738894
2010,145,TCD,Chad,1297.6534153127518
2010,146,TGO,Togo,453.0014490601936
2010,147,THA,Thailand,65290.7733047911
2010,148,TJK,Tajikistan,57172.729168993304
2010,149,TKM,Turkmenistan,132345.11277123
2010,150,TUN,Tunisia,115746.36298935795
2010,151,TUR,Turkey,550030.2402460282
2010,152,TZA,Tanzania,13612.477742855604
2010,153,UGA,Uganda,161409.94024548287
2010,154,UKR,Ukraine,30109.408128755214
2010,155,URY,Uruguay,1709.6652282933
2010,156,USA,United States,2127892.4304263364
2010,157,UZB,Uzbekistan,429083.941589628
2010,158,VEN,Venezuela,11987.019616865375
2010,159,VNM,Viet Nam,43862.96275764362
2010,160,YEM,Yemen,116825.86101159139
2010,161,ZAF,South Africa,71628.46072906439
2010,162,ZMB,Zambia,327.323249579829
2010,163,ZWE,Zimbabwe,2227.4891854030247
2011,0,XAM,Rest of Americas,36451.17111442248
2011,1,XEU,Rest of Europe,1848.5371981173794
2011,2,XAF,Rest of Africa,483.19618490018104
2011,3,XAS,Rest of Asia-Pacific,119.54404313741662
2011,4,AFG,Afghanistan,116191.738381826
2011,5,AGO,Angola,18.468560074945103
2011,6,ALB,Albania,4475.8911985592395
2011,7,ARE,United Arab Emirates,43774.257074336296
2011,8,ARG,Argentina,103389.53125134089
2011,9,ARM,Armenia,28659.412766912144
2011,10,AUS,Australia,170172.16156258562
2011,11,AUT,Austria,142.15062799092078
2011,12,AZE,Azerbaijan,81056.8534544551
2011,13,BDI,Burundi,17337.885191816797
2011,14,BEL,Belgium,144.0343728190853
2011,15,BEN,Benin,1399.215261145625
2011,16,BFA,Burkina Faso,2080.581156013006
2011,17,BGD,Bangladesh,7386.614614216909
2011,18,BGR,Bulgaria,5397.462621460967
2011,19,BHR,Bahrain,34.47163676901398
2011,20,BHS,Bahamas,0.0
2011,21,BIH,Bosnia and Herzegovina,70.27546264526227
2011,22,BLR,Belarus,96.24852543897245
2011,23,BLZ,Belize,6.083482546916999
2011,24,BOL,Bolivia,2510.3576273177
2011,25,BRA,Brazil,29953.104588559305
2011,26,BRN,Brunei Darussalam,0.0069244822986796895
2011,27,BTN,Bhutan,12.193007109825853
2011,28,BWA,Botswana,153.54852597656446
2011,29,CAF,Central African Republic,558.9124040153583
2011,30,CAN,Canada,7855.987363336826
2011,31,CHE,Switzerland,25.387817273540925
2011,32,CHL,Chile,23272.144010518354
2011,33,CHN,China,5938250.195584944
2011,34,CIV,Cote d'Ivoire,7661.762243195601
2011,35,CMR,Cameroon,2778.6134099397314
2011,36,COD,DR Congo,5813.178946343706
2011,37,COG,Rep Congo,4.048694543016106
2011,38,COL,Colombia,810.8120636837598
2011,39,CRI,Costa Rica,9647.989955997906
2011,40,CUB,Cuba,12149.335858730701
2011,41,CYP,Cyprus,12234.33995307119
2011,42,CZE,Czech Republic,87.0889957373891
2011,43,DEU,Germany,933.5467779089099
2011,44,DJI,Djibouti,5.18296708008683
2011,45,DYE,DR Yemen (Aden),0.0
2011,46,DNK,Denmark,213.2799665751955
2011,47,DOM,Dominican Republic,25668.6879916297
2011,48,DZA,Algeria,637.648285004816
2011,49,ECU,Ecuador,1176.0141741953644
2011,50,EGY,Egypt,5383668.694985507
2011,51,ERI,Eritrea,2973.601990908641
2011,52,ESP,Spain,1032747.9609963789
2011,53,EST,Estonia,6.112564321113718
2011,54,ETH,Ethiopia,22588.5356255279
2011,55,FIN,Finland,43.1201379209229
2011,56,FRA,France,20555.66555573865
2011,57,GAB,Gabon,13.45813108464029
2011,58,GBR,United Kingdom,1779.6483936110499
2011,59,GEO,Georgia,19181.14241250047
2011,60,GHA,Ghana,11454.466612579414
2011,61,GIN,Guinea,5937.65141388032
2011,62,GMB,Gambia,149.5086511833032
2011,63,GNQ,Equatorial Guinea,0.0
2011,64,GRC,Greece,176238.59306813308
2011,65,GTM,Guatemala,426.42713191755837
2011,66,HND,Honduras,946.7413220932272
2011,67,HKG,Hong Kong,0.0
2011,68,HRV,Croatia,190.02535115658503
2011,69,HTI,Haiti,182.7879023351983
2011,70,HUN,Hungary,208.47250187601247
2011,71,IDN,Indonesia,355550.9574839645
2011,72,IND,India,7967925.55821161
2011,73,IRL,Ireland,206.02692493361587
2011,74,IRN,Iran,2389993.016079117
2011,75,IRQ,Iraq,307736.030178483
2011,76,ISL,Iceland,0.0864095272767849
2011,77,ISR,Israel,51442.68634957043
2011,78,ITA,Italy,113100.16805597907
2011,79,JAM,Jamaica,349.402137454
2011,80,JOR,Jordan,22332.1257287361
2011,81,JPN,Japan,822.7749464478771
2011,82,KAZ,Kazakhstan,81137.9709399592
2011,83,KEN,Kenya,14386.517341673436
2011,84,KGZ,Kyrgyzstan,32291.172233521702
2011,85,KHM,Cambodia,2832.9550030065902
2011,86,KOR,South Korea,743.0197392325473
2011,87,KWT,Kuwait,1753.2119117915086
2011,88,LAO,Laos,1701.6377620186004
2011,89,LBN,Lebanon,74549.27631821806
2011,90,LBR,Liberia,29.479389165479496
2011,91,LBY,Libya,58502.568588456495
2011,92,LKA,Sri Lanka,48271.45432075536
2011,93,LTU,Lithuania,53.28149008336108
2011,94,LUX,Luxembourg,0.8951695243310562
2011,95,LVA,Latvia,12.009295706974097
2011,96,MAR,Morocco,409548.8127665223
2011,97,MDA,Moldova,23.278758255998966
2011,98,MDG,Madagascar,13683.35005115722
2011,99,MEX,Mexico,471843.06836052
2011,100,MKD,Macedonia,28126.937987533038
2011,101,MLI,Mali,19777.695811710662
2011,102,MLT,Malta,9.91958362624
2011,103,MMR,Myanmar,4612.6997397632
2011,104,MNG,Mongolia,1277.9373892695296
2011,105,MOZ,Mozambique,1328.627121266285
2011,106,MRT,Mauritania,24432.39065650996
2011,107,MWI,Malawi,784.2638159852559
2011,108,MYS,Malaysia,334.0483996110104
2011,109,NAM,Namibia,91.87355229132699
2011,110,NER,Niger,3414.851178416532
2011,111,NGA,Nigeria,29742.461274778354
2011,112,NIC,Nicaragua,109.5989445118251
2011,113,NLD,Netherlands,682.52789794986
2011,114,NOR,Norway,24.246674335658334
2011,115,NPL,Nepal,16422.61218486389
2011,116,NZL,New Zealand,1333.402931628124
2011,117,OMN,Oman,8140.4908413675275
2011,118,PAK,Pakistan,2047406.095835349
2011,119,PSE,Palestine,346.98839451
2011,120,PAN,Panama,276.80604278879
2011,121,PER,Peru,23069.00847978088
2011,122,PHL,Philippines,12602.1458590837
2011,123,PNG,Papua New Guinea,7.07523937271091
2011,124,POL,Poland,3063.0899089519357
2011,125,PRK,North Korea,1652.5306457954907
2011,126,PRT,Portugal,75528.47773198769
2011,127,PRY,Paraguay,52552.14211325767
2011,128,QAT,Qatar,1530.723907630711
2011,129,ROU,Romania,4238.503002634631
2011,130,RUS,Russia,75258.2640419589
2011,131,RWA,Rwanda,29368.65658112865
2011,132,SAU,Saudi Arabia,102182.7283354341
2011,133,SDS,South Sudan,0.0
2011,134,SEN,Senegal,49613.47720350463
2011,135,SGP,Singapore,0.0237349148096011
2011,136,SLE,Sierra Leone,165.61437738030884
2011,137,SLV,El Salvador,64.7444471222931
2011,138,SOM,Somalia,11504.881585191208
2011,139,SRB,Serbia,4316.346508679998
2011,140,SDN,Sudan,382139.3254122439
2011,141,SVK,Slovakia,172.8310841529852
2011,142,SVN,Slovenia,15.74921528483925
2011,143,SWE,Sweden,165.140171851402
2011,144,SYR,Syria,607295.6607044892
2011,145,TCD,Chad,1287.028479482681
2011,146,TGO,Togo,458.5557376051077
2011,147,THA,Thailand,66172.7627775856
2011,148,TJK,Tajikistan,59368.778000661
2011,149,TKM,Turkmenistan,130984.10583327239
2011,150,TUN,Tunisia,116090.62703836347
2011,151,TUR,Turkey,545100.2736649126
2011,152,TZA,Tanzania,13624.590314320541
2011,153,UGA,Uganda,161910.23051375028
2011,154,UKR,Ukraine,29962.069927010944
2011,155,URY,Uruguay,1716.1901322404
2011,156,USA,United States,2048429.4282693458
2011,157,UZB,Uzbekistan,427526.43104018597
2011,158,VEN,Venezuela,11555.21502247416
2011,159,VNM,Viet Nam,44189.572823358816
2011,160,YEM,Yemen,115424.20573765438
2011,161,ZAF,South Africa,72310.40615180509
2011,162,ZMB,Zambia,325.520413042753
2011,163,ZWE,Zimbabwe,2229.308200390209
2012,0,XAM,Rest of Americas,37221.80244684345
2012,1,XEU,Rest of Europe,1659.8845230063193
2012,2,XAF,Rest of Africa,502.73518254986914
2012,3,XAS,Rest of Asia-Pacific,125.49570322588943
2012,4,AFG,Afghanistan,93593.8603954803
2012,5,AGO,Angola,17.1524899822838
2012,6,ALB,Albania,4275.057275158514
2012,7,ARE,United Arab Emirates,35501.499081853544
2012,8,ARG,Argentina,87387.6983395018
2012,9,ARM,Armenia,21663.65864572535
2012,10,AUS,Australia,183259.6292397641
2012,11,AUT,Austria,132.8362944407768
2012,12,AZE,Azerbaijan,61904.9696017563
2012,13,BDI,Burundi,14255.489785920407
2012,14,BEL,Belgium,141.2404711227289
2012,15,BEN,Benin,1217.3805651263092
2012,16,BFA,Burkina Faso,2092.019074747907
2012,17,BGD,Bangladesh,5759.68874166819
2012,18,BGR,Bulgaria,4626.36925610956
2012,19,BHR,Bahrain,33.2920518925361
2012,20,BHS,Bahamas,0.0
2012,21,BIH,Bosnia and Herzegovina,65.9447510553714
2012,22,BLR,Belarus,100.57867803086394
2012,23,BLZ,Belize,5.681695460229999
2012,24,BOL,Bolivia,2278.7330971286992
2012,25,BRA,Brazil,35684.985102713996
2012,26,BRN,Brunei Darussalam,0.005724184525730357
2012,27,BTN,Bhutan,9.55862859208412
2012,28,BWA,Botswana,140.08273026195835
2012,29,CAF,Central African Republic,511.60156940194673
2012,30,CAN,Canada,7697.338866610542
2012,31,CHE,Switzerland,23.28917330398376
2012,32,CHL,Chile,24971.117344784496
2012,33,CHN,China,6252614.364758726
2012,34,CIV,Cote d'Ivoire,6982.398273257118
2012,35,CMR,Cameroon,2547.2321144327802
2012,36,COD,DR Congo,5449.667102645894
2012,37,COG,Rep Congo,3.8468825213330478
2012,38,COL,Colombia,739.851060900389
2012,39,CRI,Costa Rica,10811.24348660482
2012,40,CUB,Cuba,11267.194466372199
2012,41,CYP,Cyprus,9785.08768866211
2012,42,CZE,Czech Republic,85.99607984990762
2012,43,DEU,Germany,869.0635407632923
2012,44,DJI,Djibouti,4.26073910198284
2012,45,DYE,DR Yemen (Aden),0.0
2012,46,DNK,Denmark,239.91690358845955
2012,47,DOM,Dominican Republic,27490.567647562122
2012,48,DZA,Algeria,591.041345308245
2012,49,ECU,Ecuador,1239.5587430170178
2012,50,EGY,Egypt,4955894.090028388
2012,51,ERI,Eritrea,2663.9130779089382
2012,52,ESP,Spain,877909.2184403479
2012,53,EST,Estonia,6.247062763458359
2012,54,ETH,Ethiopia,20357.70005251516
2012,55,FIN,Finland,40.56913415700149
2012,56,FRA,France,17356.298541935117
2012,57,GAB,Gabon,11.403701364592315
2012,58,GBR,United Kingdom,1827.5223778550298
2012,59,GEO,Georgia,13893.061591403719
2012,60,GHA,Ghana,10240.397510600382
2012,61,GIN,Guinea,5260.876573688048
2012,62,GMB,Gambia,154.9680017201686
2012,63,GNQ,Equatorial Guinea,0.0
2012,64,GRC,Greece,146494.44066412997
2012,65,GTM,Guatemala,453.74770351970807
2012,66,HND,Honduras,954.7695701380455
2012,67,HKG,Hong Kong,0.0
2012,68,HRV,Croatia,132.66990331809762
2012,69,HTI,Haiti,181.24822046371474
2012,70,HUN,Hungary,180.07320580216106
2012,71,IDN,Indonesia,385288.2563286811
2012,72,IND,India,7985501.609081401
2012,73,IRL,Ireland,187.07282649208736
2012,74,IRN,Iran,2110715.468340692
2012,75,IRQ,Iraq,337117.827625663
2012,76,ISL,Iceland,0.08478773345158461
2012,77,ISR,Israel,45113.01023439136
2012,78,ITA,Italy,91874.97873637966
2012,79,JAM,Jamaica,318.21677919039996
2012,80,JOR,Jordan,19835.50241688414
2012,81,JPN,Japan,800.2625207109766
2012,82,KAZ,Kazakhstan,63230.05377131456
2012,83,KEN,Kenya,13755.04083146109
2012,84,KGZ,Kyrgyzstan,27415.232418949206
2012,85,KHM,Cambodia,2077.164645488842
2012,86,KOR,South Korea,752.1284753874112
2012,87,KWT,Kuwait,1436.3712148470509
2012,88,LAO,Laos,1280.8512794234848
2012,89,LBN,Lebanon,63266.03058556495
2012,90,LBR,Liberia,29.822330007865084
2012,91,LBY,Libya,48427.13002166484
2012,92,LKA,Sri Lanka,34365.393986214134
2012,93,LTU,Lithuania,56.26809470561841
2012,94,LUX,Luxembourg,1.0262071610546162
2012,95,LVA,Latvia,11.295382142148085
2012,96,MAR,Morocco,359498.2707429268
2012,97,MDA,Moldova,80.02546642058417
2012,98,MDG,Madagascar,13716.682733572634
2012,99,MEX,Mexico,427038.97187872
2012,100,MKD,Macedonia,26284.334348435877
2012,101,MLI,Mali,20091.269449028394
2012,102,MLT,Malta,11.89517266092
2012,103,MMR,Myanmar,3581.9038879686004
2012,104,MNG,Mongolia,992.8948526235338
2012,105,MOZ,Mozambique,1310.4595127945863
2012,106,MRT,Mauritania,24229.352236736624
2012,107,MWI,Malawi,724.077658411357
2012,108,MYS,Malaysia,290.6009153406499
2012,109,NAM,Namibia,85.01105585928812
2012,110,NER,Niger,3224.323405018776
2012,111,NGA,Nigeria,27829.817323657055
2012,112,NIC,Nicaragua,111.37284113195616
2012,113,NLD,Netherlands,632.2502308201309
2012,114,NOR,Norway,24.49638782992021
2012,115,NPL,Nepal,12303.771735023449
2012,116,NZL,New Zealand,989.9975034221291
2012,117,OMN,Oman,6752.984040559269
2012,118,PAK,Pakistan,1684009.033156984
2012,119,PSE,Palestine,316.43726702
2012,120,PAN,Panama,290.31833863174
2012,121,PER,Peru,21859.081925706763
2012,122,PHL,Philippines,9570.337019825
2012,123,PNG,Papua New Guinea,5.45415212956521
2012,124,POL,Poland,2677.7088385368484
2012,125,PRK,North Korea,1158.0068861207294
2012,126,PRT,Portugal,57115.5664753524
2012,127,PRY,Paraguay,50119.68276225432
2012,128,QAT,Qatar,1448.16540645206
2012,129,ROU,Romania,3440.328323080354
2012,130,RUS,Russia,74006.8473335353
2012,131,RWA,Rwanda,24136.032730720333
2012,132,SAU,Saudi Arabia,90255.99929271537
2012,133,SDS,South Sudan,0.0
2012,134,SEN,Senegal,51817.96496697891
2012,135,SGP,Singapore,0.01825375233444937
2012,136,SLE,Sierra Leone,142.40266969357077
2012,137,SLV,El Salvador,61.2016417364665
2012,138,SOM,Somalia,9826.286837917432
2012,139,SRB,Serbia,3951.8110702818076
2012,140,SDN,Sudan,400179.6730321284
2012,141,SVK,Slovakia,155.8686870820878
2012,142,SVN,Slovenia,13.739494735870679
2012,143,SWE,Sweden,168.731519056009
2012,144,SYR,Syria,548137.7044973571
2012,145,TCD,Chad,1252.903894157252
2012,146,TGO,Togo,443.2514979497284
2012,147,THA,Thailand,52644.4210297043
2012,148,TJK,Tajikistan,52901.574750555505
2012,149,TKM,Turkmenistan,107455.19462316841
2012,150,TUN,Tunisia,99803.69678412807
2012,151,TUR,Turkey,530177.5847551385
2012,152,TZA,Tanzania,12519.395236366738
2012,153,UGA,Uganda,139641.14101778972
2012,154,UKR,Ukraine,28473.8681089647
2012,155,URY,Uruguay,1661.6460411966
2012,156,USA,United States,1769576.7530122926
2012,157,UZB,Uzbekistan,335088.858825771
2012,158,VEN,Venezuela,10440.807143538368
2012,159,VNM,Viet Nam,34712.37551805185
2012,160,YEM,Yemen,100971.7537892238
2012,161,ZAF,South Africa,63251.17837841836
2012,162,ZMB,Zambia,323.14145641293703
2012,163,ZWE,Zimbabwe,2346.9006958706746
2013,0,XAM,Rest of Americas,36058.97084830467
2013,1,XEU,Rest of Europe,1622.5182501866711
2013,2,XAF,Rest of Africa,502.6551006285051
2013,3,XAS,Rest of Asia-Pacific,123.8117095672241
2013,4,AFG,Afghanistan,90574.945933354
2013,5,AGO,Angola,18.303841762360904
2013,6,ALB,Albania,4738.565153620411
2013,7,ARE,United Arab Emirates,36074.78518481062
2013,8,ARG,Argentina,84950.85057452736
2013,9,ARM,Armenia,20767.84671404574
2013,10,AUS,Australia,179521.65357209952
2013,11,AUT,Austria,126.88845182101984
2013,12,AZE,Azerbaijan,60736.163365626504
2013,13,BDI,Burundi,13657.734461950557
2013,14,BEL,Belgium,128.93494323946766
2013,15,BEN,Benin,1181.9056722755895
2013,16,BFA,Burkina Faso,2089.215204264452
2013,17,BGD,Bangladesh,5684.68274756462
2013,18,BGR,Bulgaria,4887.394493496193
2013,19,BHR,Bahrain,32.934616236105626
2013,20,BHS,Bahamas,0.0
2013,21,BIH,Bosnia and Herzegovina,73.1285838347425
2013,22,BLR,Belarus,111.37107066810762
2013,23,BLZ,Belize,5.546599016238201
2013,24,BOL,Bolivia,2428.6092770210994
2013,25,BRA,Brazil,35963.523129151195
2013,26,BRN,Brunei Darussalam,0.005292726483215479
2013,27,BTN,Bhutan,9.063169221408222
2013,28,BWA,Botswana,137.46456119545388
2013,29,CAF,Central African Republic,500.6598824565695
2013,30,CAN,Canada,7127.118994960592
2013,31,CHE,Switzerland,23.338502299229702
2013,32,CHL,Chile,24185.021182000983
2013,33,CHN,China,6703353.68768727
2013,34,CIV,Cote d'Ivoire,6930.564168353543
2013,35,CMR,Cameroon,2489.9913310123093
2013,36,COD,DR Congo,5390.9313288008325
2013,37,COG,Rep Congo,3.788068724315429
2013,38,COL,Colombia,706.5906359668447
2013,39,CRI,Costa Rica,10458.486250343623
2013,40,CUB,Cuba,10819.8266123088
2013,41,CYP,Cyprus,9468.20651024451
2013,42,CZE,Czech Republic,82.39094729898349
2013,43,DEU,Germany,868.3936862179962
2013,44,DJI,Djibouti,4.09769433473809
2013,45,DYE,DR Yemen (Aden),0.0
2013,46,DNK,Denmark,217.69126180677634
2013,47,DOM,Dominican Republic,27698.653006791345
2013,48,DZA,Algeria,598.553292593982
2013,49,ECU,Ecuador,1280.3298874785198
2013,50,EGY,Egypt,4593910.973668373
2013,51,ERI,Eritrea,2620.900000492497
2013,52,ESP,Spain,949061.332794869
2013,53,EST,Estonia,5.281170876455879
2013,54,ETH,Ethiopia,20151.74698847443
2013,55,FIN,Finland,41.066042568920004
2013,56,FRA,France,16385.027237225935
2013,57,GAB,Gabon,10.99303979823669
2013,58,GBR,United Kingdom,1691.09326343376
2013,59,GEO,Georgia,13393.788304164671
2013,60,GHA,Ghana,10143.763195630476
2013,61,GIN,Guinea,5131.5417677236055
2013,62,GMB,Gambia,156.16316356335923
2013,63,GNQ,Equatorial Guinea,0.0
2013,64,GRC,Greece,140835.3924999731
2013,65,GTM,Guatemala,439.213793773261
2013,66,HND,Honduras,925.4124694662554
2013,67,HKG,Hong Kong,0.0
2013,68,HRV,Croatia,125.80268552630567
2013,69,HTI,Haiti,173.69624442172056
2013,70,HUN,Hungary,177.85931396885388
2013,71,IDN,Indonesia,428503.8380571484
2013,72,IND,India,7933031.120398471
2013,73,IRL,Ireland,192.32401295244898
2013,74,IRN,Iran,1949995.795818713
2013,75,IRQ,Iraq,336856.77445843304
2013,76,ISL,Iceland,0.0948765004879699
2013,77,ISR,Israel,44125.86922895088
2013,78,ITA,Italy,91250.11653690808
2013,79,JAM,Jamaica,290.00673193192
2013,80,JOR,Jordan,19520.92082080258
2013,81,JPN,Japan,652.5515084287285
2013,82,KAZ,Kazakhstan,60794.195465845994
2013,83,KEN,Kenya,13678.449096135952
2013,84,KGZ,Kyrgyzstan,26764.549054187402
2013,85,KHM,Cambodia,2021.915776076004
2013,86,KOR,South Korea,737.0932696963093
2013,87,KWT,Kuwait,1416.7386959933833
2013,88,LAO,Laos,1262.6680323395508
2013,89,LBN,Lebanon,62547.13838930555
2013,90,LBR,Liberia,29.829592468909993
2013,91,LBY,Libya,46797.589260882814
2013,92,LKA,Sri Lanka,32274.059255731627
2013,93,LTU,Lithuania,54.286645047707836
2013,94,LUX,Luxembourg,1.2016356179675545
2013,95,LVA,Latvia,10.082496699090918
2013,96,MAR,Morocco,352984.2179726012
2013,97,MDA,Moldova,137.98243483589107
2013,98,MDG,Madagascar,13748.14267043934
2013,99,MEX,Mexico,441507.84966385004
2013,100,MKD,Macedonia,28660.460304351305
2013,101,MLI,Mali,20183.842650702187
2013,102,MLT,Malta,12.001137850769995
2013,103,MMR,Myanmar,3460.9553751084
2013,104,MNG,Mongolia,979.5326062806839
2013,105,MOZ,Mozambique,1307.989903975401
2013,106,MRT,Mauritania,24262.465927078953
2013,107,MWI,Malawi,713.515933770683
2013,108,MYS,Malaysia,288.86088212951665
2013,109,NAM,Namibia,84.35282787597946
2013,110,NER,Niger,3182.403451185568
2013,111,NGA,Nigeria,27457.516399153275
2013,112,NIC,Nicaragua,107.37672635591892
2013,113,NLD,Netherlands,685.482483013591
2013,114,NOR,Norway,23.38411257087213
2013,115,NPL,Nepal,11622.6058223782
2013,116,NZL,New Zealand,933.091836280709
2013,117,OMN,Oman,6789.75454578242
2013,118,PAK,Pakistan,1640411.68422597
2013,119,PSE,Palestine,258.98192191
2013,120,PAN,Panama,277.56876470036
2013,121,PER,Peru,21880.31059601953
2013,122,PHL,Philippines,9462.7872343936
2013,123,PNG,Papua New Guinea,5.2451545557875
2013,124,POL,Poland,2675.5417259891365
2013,125,PRK,North Korea,1094.1824157274011
2013,126,PRT,Portugal,58074.4589830826
2013,127,PRY,Paraguay,48610.17395409045
2013,128,QAT,Qatar,1424.0179845998318
2013,129,ROU,Romania,4245.381502029915
2013,130,RUS,Russia,73779.18055168254
2013,131,RWA,Rwanda,23134.836304581797
2013,132,SAU,Saudi Arabia,84530.46383554158
2013,133,SDS,South Sudan,0.0
2013,134,SEN,Senegal,52099.589646186505
2013,135,SGP,Singapore,0.017544471527901888
2013,136,SLE,Sierra Leone,139.07686811760757
2013,137,SLV,El Salvador,59.133365035552806
2013,138,SOM,Somalia,9441.191364702232
2013,139,SRB,Serbia,4301.124276185016
2013,140,SDN,Sudan,401969.9502907969
2013,141,SVK,Slovakia,153.15746639193765
2013,142,SVN,Slovenia,13.186550587364714
2013,143,SWE,Sweden,179.70689879462822
2013,144,SYR,Syria,503496.9788546893
2013,145,TCD,Chad,1242.311496505039
2013,146,TGO,Togo,443.32031700047366
2013,147,THA,Thailand,51388.6682052182
2013,148,TJK,Tajikistan,53635.0260707895
2013,149,TKM,Turkmenistan,104433.23820915731
2013,150,TUN,Tunisia,97172.83457586388
2013,151,TUR,Turkey,522635.92745212675
2013,152,TZA,Tanzania,12330.18986077136
2013,153,UGA,Uganda,135017.23176199954
2013,154,UKR,Ukraine,29805.971517163343
2013,155,URY,Uruguay,1594.4142458027
2013,156,USA,United States,1812159.9346762453
2013,157,UZB,Uzbekistan,324744.89673500496
2013,158,VEN,Venezuela,10224.115504909743
2013,159,VNM,Viet Nam,33709.01087173975
2013,160,YEM,Yemen,97489.26550327608
2013,161,ZAF,South Africa,60208.95949062421
2013,162,ZMB,Zambia,320.644062507147
2013,163,ZWE,Zimbabwe,2347.4121372034538
2014,0,XAM,Rest of Americas,35004.312516374426
2014,1,XEU,Rest of Europe,1632.7122793156896
2014,2,XAF,Rest of Africa,499.88323935896824
2014,3,XAS,Rest of Asia-Pacific,146.25038524242163
2014,4,AFG,Afghanistan,88380.72359849539
2014,5,AGO,Angola,16.2545859852702
2014,6,ALB,Albania,3730.1322229647217
2014,7,ARE,United Arab Emirates,33750.85840104217
2014,8,ARG,Argentina,86552.31994319415
2014,9,ARM,Armenia,19909.32534953281
2014,10,AUS,Australia,177217.89583427127
2014,11,AUT,Austria,125.25717809069194
2014,12,AZE,Azerbaijan,58733.9094146109
2014,13,BDI,Burundi,13725.829115574898
2014,14,BEL,Belgium,124.89478265970416
2014,15,BEN,Benin,1188.495075008394
2014,16,BFA,Burkina Faso,2092.809698276681
2014,17,BGD,Bangladesh,5456.08339605915
2014,18,BGR,Bulgaria,4859.094703498793
2014,19,BHR,Bahrain,30.59919385293615
2014,20,BHS,Bahamas,0.0
2014,21,BIH,Bosnia and Herzegovina,56.76314795978364
2014,22,BLR,Belarus,1255.4277492244873
2014,23,BLZ,Belize,5.6016172524438
2014,24,BOL,Bolivia,2471.7446654456
2014,25,BRA,Brazil,34915.8682097131
2014,26,BRN,Brunei Darussalam,0.004963856989724247
2014,27,BTN,Bhutan,8.748867672836308
2014,28,BWA,Botswana,134.1497553849914
2014,29,CAF,Central African Republic,503.3196899060405
2014,30,CAN,Canada,7094.270940110454
2014,31,CHE,Switzerland,23.78136940328323
2014,32,CHL,Chile,24486.027538527072
2014,33,CHN,China,6294796.740857923
2014,34,CIV,Cote d'Ivoire,6884.661092807733
2014,35,CMR,Cameroon,2502.5086126681963
2014,36,COD,DR Congo,5389.899968821409
2014,37,COG,Rep Congo,3.8030258583241157
2014,38,COL,Colombia,712.1103773829448
2014,39,CRI,Costa Rica,10458.424090706436
2014,40,CUB,Cuba,10764.698241706
2014,41,CYP,Cyprus,8488.52272171953
2014,42,CZE,Czech Republic,90.29862762444026
2014,43,DEU,Germany,858.163898371759
2014,44,DJI,Djibouti,4.08532349629355
2014,45,DYE,DR Yemen (Aden),0.0
2014,46,DNK,Denmark,235.23397622018035
2014,47,DOM,Dominican Republic,27641.99833933233
2014,48,DZA,Algeria,545.246828703725
2014,49,ECU,Ecuador,1307.8143888936117
2014,50,EGY,Egypt,4314156.329311559
2014,51,ERI,Eritrea,2584.466404583904
2014,52,ESP,Spain,898651.4091674
2014,53,EST,Estonia,5.146581508466331
2014,54,ETH,Ethiopia,20081.848498889827
2014,55,FIN,Finland,40.120494263085135
2014,56,FRA,France,16485.018393109895
2014,57,GAB,Gabon,11.047390734108284
2014,58,GBR,United Kingdom,1699.1460121055595
2014,59,GEO,Georgia,13148.03285265429
2014,60,GHA,Ghana,10066.97691167021
2014,61,GIN,Guinea,5166.715000766508
2014,62,GMB,Gambia,157.1548331918945
2014,63,GNQ,Equatorial Guinea,0.0
2014,64,GRC,Greece,139917.6965642485
2014,65,GTM,Guatemala,429.9691823370823
2014,66,HND,Honduras,931.4655816899744
2014,67,HKG,Hong Kong,0.0
2014,68,HRV,Croatia,130.0645594857994
2014,69,HTI,Haiti,177.8372112294977
2014,70,HUN,Hungary,179.37645121742048
2014,71,IDN,Indonesia,371018.7762163483
2014,72,IND,India,7693958.54029805
2014,73,IRL,Ireland,207.06448754449247
2014,74,IRN,Iran,1851362.9822409428
2014,75,IRQ,Iraq,307682.850143624
2014,76,ISL,Iceland,0.07149417917777837
2014,77,ISR,Israel,41841.94154824045
2014,78,ITA,Italy,87126.42150896092
2014,79,JAM,Jamaica,286.65488190690996
2014,80,JOR,Jordan,18383.55040163805
2014,81,JPN,Japan,560.251112507935
2014,82,KAZ,Kazakhstan,59588.89740077834
2014,83,KEN,Kenya,13533.425537134433
2014,84,KGZ,Kyrgyzstan,26180.8166762017
2014,85,KHM,Cambodia,1949.125402523322
2014,86,KOR,South Korea,777.8295745212482
2014,87,KWT,Kuwait,1327.719724988826
2014,88,LAO,Laos,1206.52864795437
2014,89,LBN,Lebanon,58795.18470611597
2014,90,LBR,Liberia,29.7439487477152
2014,91,LBY,Libya,47092.662572037974
2014,92,LKA,Sri Lanka,30906.60681645685
2014,93,LTU,Lithuania,48.11497422966817
2014,94,LUX,Luxembourg,1.2530685641390988
2014,95,LVA,Latvia,9.75530302955961
2014,96,MAR,Morocco,353698.2081869965
2014,97,MDA,Moldova,731.4750465358591
2014,98,MDG,Madagascar,13726.131726576425
2014,99,MEX,Mexico,446034.39160262
2014,100,MKD,Macedonia,26032.09187783506
2014,101,MLI,Mali,20149.914144116487
2014,102,MLT,Malta,10.942665583819995
2014,103,MMR,Myanmar,3366.3762088635003
2014,104,MNG,Mongolia,933.3739672186223
2014,105,MOZ,Mozambique,1300.9620927324518
2014,106,MRT,Mauritania,24165.378521083716
2014,107,MWI,Malawi,712.2044844072624
2014,108,MYS,Malaysia,273.7829965767249
2014,109,NAM,Namibia,81.79006430641623
2014,110,NER,Niger,3118.241723342081
2014,111,NGA,Nigeria,27484.147111838996
2014,112,NIC,Nicaragua,106.80880776375153
2014,113,NLD,Netherlands,688.643011974577
2014,114,NOR,Norway,22.96027497290906
2014,115,NPL,Nepal,11251.201139933648
2014,116,NZL,New Zealand,899.6889998096528
2014,117,OMN,Oman,6287.37502840061
2014,118,PAK,Pakistan,1601966.5837441739
2014,119,PSE,Palestine,261.42318924
2014,120,PAN,Panama,279.53017125648
2014,121,PER,Peru,22716.08762728694
2014,122,PHL,Philippines,9238.111043847
2014,123,PNG,Papua New Guinea,4.98022521548879
2014,124,POL,Poland,2384.4083443991585
2014,125,PRK,North Korea,1059.9062333362472
2014,126,PRT,Portugal,55996.8935069263
2014,127,PRY,Paraguay,48510.627162095036
2014,128,QAT,Qatar,1349.0521559225429
2014,129,ROU,Romania,4178.236777134034
2014,130,RUS,Russia,70697.06789473862
2014,131,RWA,Rwanda,23241.72537424245
2014,132,SAU,Saudi Arabia,80484.276957755
2014,133,SDS,South Sudan,0.0
2014,134,SEN,Senegal,52041.361825496075
2014,135,SGP,Singapore,0.016478369741617413
2014,136,SLE,Sierra Leone,139.02994080767078
2014,137,SLV,El Salvador,58.719884427115296
2014,138,SOM,Somalia,9390.050798917166
2014,139,SRB,Serbia,3850.6366011290734
2014,140,SDN,Sudan,385766.7945118106
2014,141,SVK,Slovakia,155.6572945505524
2014,142,SVN,Slovenia,12.89375144602531
2014,143,SWE,Sweden,177.7342602850426
2014,144,SYR,Syria,482063.4658825941
2014,145,TCD,Chad,1235.864836966216
2014,146,TGO,Togo,442.3358769821922
2014,147,THA,Thailand,49276.5976724425
2014,148,TJK,Tajikistan,52815.3372410258
2014,149,TKM,Turkmenistan,101324.3221458386
2014,150,TUN,Tunisia,97956.21362863573
2014,151,TUR,Turkey,507352.8651354343
2014,152,TZA,Tanzania,12317.131091214633
2014,153,UGA,Uganda,135582.25550839375
2014,154,UKR,Ukraine,24735.206449138437
2014,155,URY,Uruguay,1609.3615653871002
2014,156,USA,United States,1753917.0315676196
2014,157,UZB,Uzbekistan,315392.131398327
2014,158,VEN,Venezuela,10464.643853039744
2014,159,VNM,Viet Nam,33078.24400419893
2014,160,YEM,Yemen,90608.2968693315
2014,161,ZAF,South Africa,61759.965200442864
2014,162,ZMB,Zambia,319.68339741303396
2014,163,ZWE,Zimbabwe,2339.566398082019
2015,0,XAM,Rest of Americas,33860.832276118286
2015,1,XEU,Rest of Europe,1586.2260476765553
2015,2,XAF,Rest of Africa,497.36599499373654
2015,3,XAS,Rest of Asia-Pacific,143.48802192602935
2015,4,AFG,Afghanistan,87578.59133873621
2015,5,AGO,Angola,14.207017490991099
2015,6,ALB,Albania,3631.6889231852283
2015,7,ARE,United Arab Emirates,34114.87823665455
2015,8,ARG,Argentina,84528.57464081922
2015,9,ARM,Armenia,19302.29935441146
2015,10,AUS,Australia,181292.86500339562
2015,11,AUT,Austria,124.52332052438537
2015,12,AZE,Azerbaijan,57635.7538611747
2015,13,BDI,Burundi,13759.395438936734
2015,14,BEL,Belgium,122.7445365753335
2015,15,BEN,Benin,1189.8640346764412
2015,16,BFA,Burkina Faso,2087.7842200172668
2015,17,BGD,Bangladesh,5352.863555049579
2015,18,BGR,Bulgaria,4787.371932527545
2015,19,BHR,Bahrain,28.47096407512764
2015,20,BHS,Bahamas,0.0
2015,21,BIH,Bosnia and Herzegovina,54.58964477358465
2015,22,BLR,Belarus,1390.571442296006
2015,23,BLZ,Belize,5.341207214840701
2015,24,BOL,Bolivia,2400.22239239
2015,25,BRA,Brazil,33591.6881357985
2015,26,BRN,Brunei Darussalam,0.0048427847407897
2015,27,BTN,Bhutan,8.479584615909355
2015,28,BWA,Botswana,129.2297557479337
2015,29,CAF,Central African Republic,504.1182790459217
2015,30,CAN,Canada,6809.947714443017
2015,31,CHE,Switzerland,23.370686359403063
2015,32,CHL,Chile,23869.559522644937
2015,33,CHN,China,6553062.220443395
2015,34,CIV,Cote d'Ivoire,6813.290443623589
2015,35,CMR,Cameroon,2512.8482274534863
2015,36,COD,DR Congo,5408.357237112852
2015,37,COG,Rep Congo,3.816787344741523
2015,38,COL,Colombia,690.52634339269
2015,39,CRI,Costa Rica,10161.35314758631
2015,40,CUB,Cuba,10465.010761203499
2015,41,CYP,Cyprus,8436.542680124041
2015,42,CZE,Czech Republic,93.77373494215344
2015,43,DEU,Germany,867.456976039533
2015,44,DJI,Djibouti,4.06012067256073
2015,45,DYE,DR Yemen (Aden),0.0
2015,46,DNK,Denmark,235.63586347474197
2015,47,DOM,Dominican Republic,27797.90618398305
2015,48,DZA,Algeria,494.03310031770394
2015,49,ECU,Ecuador,1272.7193095457549
2015,50,EGY,Egypt,4214861.206955609
2015,51,ERI,Eritrea,2510.580292605664
2015,52,ESP,Spain,925477.110691446
2015,53,EST,Estonia,4.914711734754019
2015,54,ETH,Ethiopia,19744.337324866872
2015,55,FIN,Finland,39.41806511678391
2015,56,FRA,France,16354.757203114194
2015,57,GAB,Gabon,11.072669643621538
2015,58,GBR,United Kingdom,1712.84405818919
2015,59,GEO,Georgia,12776.63691215411
2015,60,GHA,Ghana,9921.42012490314
2015,61,GIN,Guinea,5174.500241830589
2015,62,GMB,Gambia,157.43726028139673
2015,63,GNQ,Equatorial Guinea,0.0
2015,64,GRC,Greece,129739.93055422581
2015,65,GTM,Guatemala,417.4980291721715
2015,66,HND,Honduras,905.9961202813547
2015,67,HKG,Hong Kong,0.0
2015,68,HRV,Croatia,132.85500949856268
2015,69,HTI,Haiti,174.29138652176658
2015,70,HUN,Hungary,185.7396859195958
2015,71,IDN,Indonesia,378660.33922500507
2015,72,IND,India,8098884.90232815
2015,73,IRL,Ireland,226.5968129605859
2015,74,IRN,Iran,1827883.810620584
2015,75,IRQ,Iraq,296471.04307094496
2015,76,ISL,Iceland,0.0661671293169808
2015,77,ISR,Israel,41740.79350058714
2015,78,ITA,Italy,86608.84107126782
2015,79,JAM,Jamaica,280.85560888845
2015,80,JOR,Jordan,18433.175862321514
2015,81,JPN,Japan,558.0013213029713
2015,82,KAZ,Kazakhstan,57849.44810451043
2015,83,KEN,Kenya,13326.799328245552
2015,84,KGZ,Kyrgyzstan,25581.979225858104
2015,85,KHM,Cambodia,1912.6296674644223
2015,86,KOR,South Korea,774.0284575387261
2015,87,KWT,Kuwait,1337.1675499738708
2015,88,LAO,Laos,1158.7750622971603
2015,89,LBN,Lebanon,59406.43387412501
2015,90,LBR,Liberia,29.723324556910175
2015,91,LBY,Libya,46810.04489987366
2015,92,LKA,Sri Lanka,29944.98308831168
2015,93,LTU,Lithuania,50.02096687014626
2015,94,LUX,Luxembourg,1.3372259587199553
2015,95,LVA,Latvia,9.520367530098682
2015,96,MAR,Morocco,350066.7966007962
2015,97,MDA,Moldova,560.9372604897073
2015,98,MDG,Madagascar,13806.934173946971
2015,99,MEX,Mexico,454944.40553496
2015,100,MKD,Macedonia,25119.77921579475
2015,101,MLI,Mali,20258.422925921866
2015,102,MLT,Malta,11.54504600861
2015,103,MMR,Myanmar,3300.7117995989
2015,104,MNG,Mongolia,888.5645181196264
2015,105,MOZ,Mozambique,1293.532080684051
2015,106,MRT,Mauritania,24229.83654516028
2015,107,MWI,Malawi,709.650331721679
2015,108,MYS,Malaysia,259.8907838226823
2015,109,NAM,Namibia,78.26983434048977
2015,110,NER,Niger,3028.3618320952137
2015,111,NGA,Nigeria,27531.672395260757
2015,112,NIC,Nicaragua,104.6491321872366
2015,113,NLD,Netherlands,691.522935721336
2015,114,NOR,Norway,22.301896824438302
2015,115,NPL,Nepal,11018.58513783711
2015,116,NZL,New Zealand,853.677211250554
2015,117,OMN,Oman,6355.699966461021
2015,118,PAK,Pakistan,1595781.189798669
2015,119,PSE,Palestine,250.5975581
2015,120,PAN,Panama,270.22752878341
2015,121,PER,Peru,22122.210264174682
2015,122,PHL,Philippines,9068.7177442597
2015,123,PNG,Papua New Guinea,4.624008797940171
2015,124,POL,Poland,2343.8122544056678
2015,125,PRK,North Korea,1036.004802401003
2015,126,PRT,Portugal,56901.226798348
2015,127,PRY,Paraguay,47121.46450904588
2015,128,QAT,Qatar,1252.006707706113
2015,129,ROU,Romania,4271.8063579298805
2015,130,RUS,Russia,64888.614847844015
2015,131,RWA,Rwanda,23274.07206025187
2015,132,SAU,Saudi Arabia,78535.37518916285
2015,133,SDS,South Sudan,0.0
2015,134,SEN,Senegal,52366.53813715252
2015,135,SGP,Singapore,0.015300106923656298
2015,136,SLE,Sierra Leone,137.91741510532776
2015,137,SLV,El Salvador,58.8089880384348
2015,138,SOM,Somalia,9266.315999682172
2015,139,SRB,Serbia,3678.3491678190967
2015,140,SDN,Sudan,381576.56496770895
2015,141,SVK,Slovakia,158.25783758242463
2015,142,SVN,Slovenia,13.130995384421958
2015,143,SWE,Sweden,182.795018051542
2015,144,SYR,Syria,473230.82409418793
2015,145,TCD,Chad,1214.518652293802
2015,146,TGO,Togo,437.953030196329
2015,147,THA,Thailand,47733.5550008259
2015,148,TJK,Tajikistan,52502.93075563329
2015,149,TKM,Turkmenistan,99310.1757091553
2015,150,TUN,Tunisia,97473.44582312298
2015,151,TUR,Turkey,510229.42077790026
2015,152,TZA,Tanzania,12296.915005781932
2015,153,UGA,Uganda,136028.9461050214
2015,154,UKR,Ukraine,23250.938071533765
2015,155,URY,Uruguay,1560.6350822025997
2015,156,USA,United States,1745814.5476516027
2015,157,UZB,Uzbekistan,308683.116829221
2015,158,VEN,Venezuela,10151.461637214052
2015,159,VNM,Viet Nam,31974.977335370033
2015,160,YEM,Yemen,89019.1334098423
2015,161,ZAF,South Africa,61569.97679348325
2015,162,ZMB,Zambia,316.01773056204536
2015,163,ZWE,Zimbabwe,2328.1004733976465
2016,0,XAM,Rest of Americas,33576.45318644524
2016,1,XEU,Rest of Europe,1617.5048479760144
2016,2,XAF,Rest of Africa,622.3420154421617
2016,3,XAS,Rest of Asia-Pacific,147.2901720025922
2016,4,AFG,Afghanistan,87588.708883507
2016,5,AGO,Angola,12.1948238092243
2016,6,ALB,Albania,3710.0315137235284
2016,7,ARE,United Arab Emirates,31646.713561552682
2016,8,ARG,Argentina,85200.2889222461
2016,9,ARM,Armenia,21427.13120496834
2016,10,AUS,Australia,192000.94238148327
2016,11,AUT,Austria,125.34362378926552
2016,12,AZE,Azerbaijan,56229.8204205447
2016,13,BDI,Burundi,16246.47974898446
2016,14,BEL,Belgium,125.64405427875843
2016,15,BEN,Benin,1330.2027618035581
2016,16,BFA,Burkina Faso,2012.880552322139
2016,17,BGD,Bangladesh,5710.7012454352
2016,18,BGR,Bulgaria,4580.55183507732
2016,19,BHR,Bahrain,35.256529549227096
2016,20,BHS,Bahamas,0.0
2016,21,BIH,Bosnia and Herzegovina,55.76657712592899
2016,22,BLR,Belarus,1305.3056507291544
2016,23,BLZ,Belize,5.4981867425908995
2016,24,BOL,Bolivia,2403.9962219515
2016,25,BRA,Brazil,33756.271667827095
2016,26,BRN,Brunei Darussalam,0.004826788605965146
2016,27,BTN,Bhutan,8.216565269348735
2016,28,BWA,Botswana,166.6636896617451
2016,29,CAF,Central African Republic,531.2500915495046
2016,30,CAN,Canada,6798.753186816267
2016,31,CHE,Switzerland,24.112083706634245
2016,32,CHL,Chile,24729.756672739954
2016,33,CHN,China,6605538.802398932
2016,34,CIV,Cote d'Ivoire,7525.326306064051
2016,35,CMR,Cameroon,2819.9886764639314
2016,36,COD,DR Congo,5673.643759517313
2016,37,COG,Rep Congo,3.778519081725322
2016,38,COL,Colombia,712.6228538736215
2016,39,CRI,Costa Rica,10705.278482878763
2016,40,CUB,Cuba,10779.526295219199
2016,41,CYP,Cyprus,8412.118999643399
2016,42,CZE,Czech Republic,93.84273827257483
2016,43,DEU,Germany,888.6491373435704
2016,44,DJI,Djibouti,4.0403364897655
2016,45,DYE,DR Yemen (Aden),0.0
2016,46,DNK,Denmark,234.8901089265423
2016,47,DOM,Dominican Republic,29163.63546377562
2016,48,DZA,Algeria,483.40915329115
2016,49,ECU,Ecuador,1341.032589526987
2016,50,EGY,Egypt,4185220.109804366
2016,51,ERI,Eritrea,2464.947045515187
2016,52,ESP,Spain,908352.298104987
2016,53,EST,Estonia,5.00851816371636
2016,54,ETH,Ethiopia,20409.93863364951
2016,55,FIN,Finland,41.51344078840266
2016,56,FRA,France,15945.001053386373
2016,57,GAB,Gabon,11.198731514214748
2016,58,GBR,United Kingdom,1640.8074271018597
2016,59,GEO,Georgia,12984.82986062109
2016,60,GHA,Ghana,9851.01025188767
2016,61,GIN,Guinea,5173.054846362193
2016,62,GMB,Gambia,137.32125198787534
2016,63,GNQ,Equatorial Guinea,0.0
2016,64,GRC,Greece,127941.80375640879
2016,65,GTM,Guatemala,419.951560980023
2016,66,HND,Honduras,926.3655987729392
2016,67,HKG,Hong Kong,0.0
2016,68,HRV,Croatia,137.79473116182317
2016,69,HTI,Haiti,173.79184632281832
2016,70,HUN,Hungary,191.0927704866811
2016,71,IDN,Indonesia,378184.49072446435
2016,72,IND,India,8010922.0185268
2016,73,IRL,Ireland,236.27112484176848
2016,74,IRN,Iran,1830404.406238402
2016,75,IRQ,Iraq,331152.52802704106
2016,76,ISL,Iceland,0.033982509980510486
2016,77,ISR,Israel,40405.91883400939
2016,78,ITA,Italy,86213.58662081351
2016,79,JAM,Jamaica,265.34833716275
2016,80,JOR,Jordan,19002.22932392363
2016,81,JPN,Japan,551.0447138959706
2016,82,KAZ,Kazakhstan,53242.778011602
2016,83,KEN,Kenya,14175.381389161406
2016,84,KGZ,Kyrgyzstan,24596.8619420943
2016,85,KHM,Cambodia,1933.925136770562
2016,86,KOR,South Korea,757.7791097117429
2016,87,KWT,Kuwait,1316.9800455380866
2016,88,LAO,Laos,1194.677654319638
2016,89,LBN,Lebanon,59158.38085772931
2016,90,LBR,Liberia,25.62921188984571
2016,91,LBY,Libya,46205.44983349433
2016,92,LKA,Sri Lanka,29784.253188410905
2016,93,LTU,Lithuania,50.262562195374116
2016,94,LUX,Luxembourg,1.2752623470617703
2016,95,LVA,Latvia,9.567268415984993
2016,96,MAR,Morocco,297721.17099262215
2016,97,MDA,Moldova,511.0534933397275
2016,98,MDG,Madagascar,13530.184356081169
2016,99,MEX,Mexico,436961.27075150004
2016,100,MKD,Macedonia,24890.078999952766
2016,101,MLI,Mali,20322.23347576651
2016,102,MLT,Malta,11.957595150139996
2016,103,MMR,Myanmar,3319.4461749182
2016,104,MNG,Mongolia,856.2381602781423
2016,105,MOZ,Mozambique,1442.109431916254
2016,106,MRT,Mauritania,23827.63936825187
2016,107,MWI,Malawi,697.0156240491651
2016,108,MYS,Malaysia,263.3534109863393
2016,109,NAM,Namibia,70.75028403758705
2016,110,NER,Niger,3265.4447115925113
2016,111,NGA,Nigeria,32868.22489581319
2016,112,NIC,Nicaragua,93.67495009095578
2016,113,NLD,Netherlands,700.7618157306802
2016,114,NOR,Norway,24.431077859390562
2016,115,NPL,Nepal,10944.267924517691
2016,116,NZL,New Zealand,1006.3472286193349
2016,117,OMN,Oman,5506.316856466882
2016,118,PAK,Pakistan,1599361.440512761
2016,119,PSE,Palestine,271.9370638
2016,120,PAN,Panama,266.641896353011
2016,121,PER,Peru,21039.246640901718
2016,122,PHL,Philippines,9111.782219499
2016,123,PNG,Papua New Guinea,4.459165072953111
2016,124,POL,Poland,2407.1987342689267
2016,125,PRK,North Korea,1072.5781268054775
2016,126,PRT,Portugal,53486.1988932848
2016,127,PRY,Paraguay,47357.1103418882
2016,128,QAT,Qatar,364.14574867859704
2016,129,ROU,Romania,4277.909912817583
2016,130,RUS,Russia,64374.781052403996
2016,131,RWA,Rwanda,23307.828392639258
2016,132,SAU,Saudi Arabia,77061.49572189379
2016,133,SDS,South Sudan,0.0
2016,134,SEN,Senegal,69798.91503484744
2016,135,SGP,Singapore,0.015460475039568423
2016,136,SLE,Sierra Leone,112.53557302786372
2016,137,SLV,El Salvador,56.7382007236539
2016,138,SOM,Somalia,8066.578229365531
2016,139,SRB,Serbia,3464.5908250844996
2016,140,SDN,Sudan,320005.83738054393
2016,141,SVK,Slovakia,155.12590467289616
2016,142,SVN,Slovenia,13.316937734069025
2016,143,SWE,Sweden,190.1577114528966
2016,144,SYR,Syria,403619.0470436711
2016,145,TCD,Chad,1405.232070988552
2016,146,TGO,Togo,431.6682887625957
2016,147,THA,Thailand,48740.7227648864
2016,148,TJK,Tajikistan,51981.6232544631
2016,149,TKM,Turkmenistan,96672.3137613484
2016,150,TUN,Tunisia,98694.78914051286
2016,151,TUR,Turkey,503161.91391917504
2016,152,TZA,Tanzania,12546.089398231214
2016,153,UGA,Uganda,127512.73410230599
2016,154,UKR,Ukraine,22711.005593330825
2016,155,URY,Uruguay,1475.0704951476
2016,156,USA,United States,1805061.5172823535
2016,157,UZB,Uzbekistan,311454.241588554
2016,158,VEN,Venezuela,9496.950203352282
2016,159,VNM,Viet Nam,32339.914702011585
2016,160,YEM,Yemen,101179.23117963382
2016,161,ZAF,South Africa,58949.62746828168
2016,162,ZMB,Zambia,379.83235568908276
2016,163,ZWE,Zimbabwe,2306.458511394263
2017,0,XAM,Rest of Americas,31803.555355282406
2017,1,XEU,Rest of Europe,1668.5627835170135
2017,2,XAF,Rest of Africa,545.1140386885496
2017,3,XAS,Rest of Asia-Pacific,154.50487142334805
2017,4,AFG,Afghanistan,83671.97569726068
2017,5,AGO,Angola,12.6179865001609
2017,6,ALB,Albania,3770.1821274507834
2017,7,ARE,United Arab Emirates,33489.98460057208
2017,8,ARG,Argentina,82047.49919244378
2017,9,ARM,Armenia,25749.53277999928
2017,10,AUS,Australia,203250.26389609475
2017,11,AUT,Austria,130.92244813389226
2017,12,AZE,Azerbaijan,59139.89738897
2017,13,BDI,Burundi,34071.40952273077
2017,14,BEL,Belgium,134.56688174498998
2017,15,BEN,Benin,1235.0637975294985
2017,16,BFA,Burkina Faso,1983.179808025885
2017,17,BGD,Bangladesh,5664.8867934143
2017,18,BGR,Bulgaria,4496.506384314663
2017,19,BHR,Bahrain,48.64202944061009
2017,20,BHS,Bahamas,0.0
2017,21,BIH,Bosnia and Herzegovina,59.09614576125889
2017,22,BLR,Belarus,1549.80280187059
2017,23,BLZ,Belize,5.8804633238643
2017,24,BOL,Bolivia,2448.6470545525
2017,25,BRA,Brazil,33348.0778870472
2017,26,BRN,Brunei Darussalam,0.004845448624066962
2017,27,BTN,Bhutan,8.667720758012457
2017,28,BWA,Botswana,165.43051345068594
2017,29,CAF,Central African Republic,568.5890345220937
2017,30,CAN,Canada,7012.847944114517
2017,31,CHE,Switzerland,25.161363056224875
2017,32,CHL,Chile,25958.715602293876
2017,33,CHN,China,6580137.855111727
2017,34,CIV,Cote d'Ivoire,7874.142612438427
2017,35,CMR,Cameroon,2782.477050602613
2017,36,COD,DR Congo,6014.276641373286
2017,37,COG,Rep Congo,3.7595355645669963
2017,38,COL,Colombia,1638.989026787976
2017,39,CRI,Costa Rica,10584.282845540714
2017,40,CUB,Cuba,11152.9413327137
2017,41,CYP,Cyprus,8951.1919825437
2017,42,CZE,Czech Republic,105.45334933957989
2017,43,DEU,Germany,948.5318946969514
2017,44,DJI,Djibouti,4.14371461803951
2017,45,DYE,DR Yemen (Aden),0.0
2017,46,DNK,Denmark,256.50949849026665
2017,47,DOM,Dominican Republic,29781.514261605844
2017,48,DZA,Algeria,500.420337359977
2017,49,ECU,Ecuador,1410.733522681765
2017,50,EGY,Egypt,4250376.407898363
2017,51,ERI,Eritrea,2437.487394163784
2017,52,ESP,Spain,909813.4927092299
2017,53,EST,Estonia,5.398343346852473
2017,54,ETH,Ethiopia,21068.31459129189
2017,55,FIN,Finland,44.0754624624212
2017,56,FRA,France,16395.258958963474
2017,57,GAB,Gabon,11.41553149560351
2017,58,GBR,United Kingdom,1672.3170414758902
2017,59,GEO,Georgia,12684.02582162638
2017,60,GHA,Ghana,11892.163842136039
2017,61,GIN,Guinea,5195.455751102999
2017,62,GMB,Gambia,139.01472666995218
2017,63,GNQ,Equatorial Guinea,0.0
2017,64,GRC,Greece,134292.3393682426
2017,65,GTM,Guatemala,401.2086471814222
2017,66,HND,Honduras,859.0238317350095
2017,67,HKG,Hong Kong,0.0
2017,68,HRV,Croatia,146.48536383059493
2017,69,HTI,Haiti,180.01908110623287
2017,70,HUN,Hungary,202.71899997176249
2017,71,IDN,Indonesia,385634.1438428578
2017,72,IND,India,8128055.533867771
2017,73,IRL,Ireland,258.4709679702441
2017,74,IRN,Iran,1802347.5546048512
2017,75,IRQ,Iraq,382682.151062579
2017,76,ISL,Iceland,19.833814973455457
2017,77,ISR,Israel,45113.122193221774
2017,78,ITA,Italy,87818.65255625402
2017,79,JAM,Jamaica,250.36376227365002
2017,80,JOR,Jordan,15968.848155567157
2017,81,JPN,Japan,565.8087086655237
2017,82,KAZ,Kazakhstan,60791.1369479289
2017,83,KEN,Kenya,13470.492988810405
2017,84,KGZ,Kyrgyzstan,26028.380164854098
2017,85,KHM,Cambodia,1916.809764939856
2017,86,KOR,South Korea,746.677689969157
2017,87,KWT,Kuwait,1463.6716514019197
2017,88,LAO,Laos,1222.3654564928258
2017,89,LBN,Lebanon,59079.92092128744
2017,90,LBR,Liberia,27.423723662010456
2017,91,LBY,Libya,44903.62205719302
2017,92,LKA,Sri Lanka,24000.435419605343
2017,93,LTU,Lithuania,55.81440240518985
2017,94,LUX,Luxembourg,1.5096891649057227
2017,95,LVA,Latvia,10.321224786116797
2017,96,MAR,Morocco,349461.00520098046
2017,97,MDA,Moldova,629.2539889136015
2017,98,MDG,Madagascar,12414.165929083129
2017,99,MEX,Mexico,429600.40852681996
2017,100,MKD,Macedonia,25651.689684003828
2017,101,MLI,Mali,18058.94127236098
2017,102,MLT,Malta,12.386856004240004
2017,103,MMR,Myanmar,3327.4025157638007
2017,104,MNG,Mongolia,800.0189748923532
2017,105,MOZ,Mozambique,1467.857262875656
2017,106,MRT,Mauritania,30312.760424426033
2017,107,MWI,Malawi,704.5868097799985
2017,108,MYS,Malaysia,277.15273234840583
2017,109,NAM,Namibia,78.33632208350033
2017,110,NER,Niger,3277.489486334012
2017,111,NGA,Nigeria,34936.8142971704
2017,112,NIC,Nicaragua,101.6174402033534
2017,113,NLD,Netherlands,758.1495715673099
2017,114,NOR,Norway,25.0252465583726
2017,115,NPL,Nepal,11534.37016510249
2017,116,NZL,New Zealand,1127.4451207046159
2017,117,OMN,Oman,6683.175156025901
2017,118,PAK,Pakistan,1644738.775092509
2017,119,PSE,Palestine,292.5589578
2017,120,PAN,Panama,267.764834733805
2017,121,PER,Peru,21120.21431222712
2017,122,PHL,Philippines,9093.173860414601
2017,123,PNG,Papua New Guinea,4.78452161558359
2017,124,POL,Poland,2504.784943690227
2017,125,PRK,North Korea,1084.9938718599733
2017,126,PRT,Portugal,53571.84320387239
2017,127,PRY,Paraguay,48953.9605001768
2017,128,QAT,Qatar,382.70301296296304
2017,129,ROU,Romania,4464.590809949477
2017,130,RUS,Russia,61867.205704997774
2017,131,RWA,Rwanda,24308.582463499974
2017,132,SAU,Saudi Arabia,84722.12241478285
2017,133,SDS,South Sudan,0.0
2017,134,SEN,Senegal,57033.63214587557
2017,135,SGP,Singapore,0.016579124618533024
2017,136,SLE,Sierra Leone,130.7127570189667
2017,137,SLV,El Salvador,57.17556057530899
2017,138,SOM,Somalia,8537.197409653872
2017,139,SRB,Serbia,3494.2528297221
2017,140,SDN,Sudan,388997.7080775538
2017,141,SVK,Slovakia,160.3986860029031
2017,142,SVN,Slovenia,13.893894226194693
2017,143,SWE,Sweden,199.8717897581865
2017,144,SYR,Syria,329732.31094345957
2017,145,TCD,Chad,1378.8467806302028
2017,146,TGO,Togo,444.1884119939722
2017,147,THA,Thailand,49284.8503033545
2017,148,TJK,Tajikistan,54008.980920079295
2017,149,TKM,Turkmenistan,95601.8159527627
2017,150,TUN,Tunisia,95994.2864408457
2017,151,TUR,Turkey,504477.4224608707
2017,152,TZA,Tanzania,12272.828182079236
2017,153,UGA,Uganda,128612.5618597677
2017,154,UKR,Ukraine,23206.420428636942
2017,155,URY,Uruguay,1431.2022114422
2017,156,USA,United States,1854039.4268070972
2017,157,UZB,Uzbekistan,289449.392951592
2017,158,VEN,Venezuela,10004.547773302635
2017,159,VNM,Viet Nam,32913.84793682071
2017,160,YEM,Yemen,93404.2038541113
2017,161,ZAF,South Africa,62949.57280817826
2017,162,ZMB,Zambia,511.15629940964897
2017,163,ZWE,Zimbabwe,2126.473902514263
2018,0,XAM,Rest of Americas,31745.89840718092
2018,1,XEU,Rest of Europe,1946.366703003144
2018,2,XAF,Rest of Africa,551.8503707584617
2018,3,XAS,Rest of Asia-Pacific,160.62791672105874
2018,4,AFG,Afghanistan,84571.23359390598
2018,5,AGO,Angola,12.7848883316985
2018,6,ALB,Albania,3814.7489674849667
2018,7,ARE,United Arab Emirates,33106.3854946739
2018,8,ARG,Argentina,81086.09270807209
2018,9,ARM,Armenia,29273.011990906023
2018,10,AUS,Australia,202743.37169481764
2018,11,AUT,Austria,135.03439531714855
2018,12,AZE,Azerbaijan,59057.40907165511
2018,13,BDI,Burundi,30390.96037932325
2018,14,BEL,Belgium,141.97594541526382
2018,15,BEN,Benin,1300.345884672296
2018,16,BFA,Burkina Faso,2081.5217380946556
2018,17,BGD,Bangladesh,5570.2764904594
2018,18,BGR,Bulgaria,4600.9663294491
2018,19,BHR,Bahrain,58.828593609073614
2018,20,BHS,Bahamas,0.0
2018,21,BIH,Bosnia and Herzegovina,62.1761657191129
2018,22,BLR,Belarus,1599.6462852500488
2018,23,BLZ,Belize,5.357865928582701
2018,24,BOL,Bolivia,2502.7977148460004
2018,25,BRA,Brazil,33016.4563117432
2018,26,BRN,Brunei Darussalam,0.004928614541956767
2018,27,BTN,Bhutan,8.514900319969776
2018,28,BWA,Botswana,189.42814655797133
2018,29,CAF,Central African Republic,652.3580144000682
2018,30,CAN,Canada,7279.742096227489
2018,31,CHE,Switzerland,25.825605935664086
2018,32,CHL,Chile,27163.03267442878
2018,33,CHN,China,6628370.6345706545
2018,34,CIV,Cote d'Ivoire,7658.245179375431
2018,35,CMR,Cameroon,3218.3584822223347
2018,36,COD,DR Congo,6257.771652812097
2018,37,COG,Rep Congo,3.7753574403568804
2018,38,COL,Colombia,1697.8316681777771
2018,39,CRI,Costa Rica,10397.948355752947
2018,40,CUB,Cuba,12452.845211304699
2018,41,CYP,Cyprus,7702.0194915124
2018,42,CZE,Czech Republic,110.98053355170481
2018,43,DEU,Germany,984.331067629244
2018,44,DJI,Djibouti,4.18749328730218
2018,45,DYE,DR Yemen (Aden),0.0
2018,46,DNK,Denmark,252.65333188003584
2018,47,DOM,Dominican Republic,31980.628958107976
2018,48,DZA,Algeria,582.5970588352116
2018,49,ECU,Ecuador,1370.2395833495368
2018,50,EGY,Egypt,4206211.9594373815
2018,51,ERI,Eritrea,2437.961113035043
2018,52,ESP,Spain,910467.633391354
2018,53,EST,Estonia,5.527847269417141
2018,54,ETH,Ethiopia,24554.177049524063
2018,55,FIN,Finland,47.183796484283086
2018,56,FRA,France,16545.42713336547
2018,57,GAB,Gabon,11.481353699234598
2018,58,GBR,United Kingdom,1761.87989079805
2018,59,GEO,Georgia,11451.51998651923
2018,60,GHA,Ghana,12980.724809777475
2018,61,GIN,Guinea,5236.546810675192
2018,62,GMB,Gambia,110.7054275909444
2018,63,GNQ,Equatorial Guinea,0.0
2018,64,GRC,Greece,145584.14898208
2018,65,GTM,Guatemala,424.36055907045545
2018,66,HND,Honduras,882.7983740418122
2018,67,HKG,Hong Kong,0.0
2018,68,HRV,Croatia,153.15255414334334
2018,69,HTI,Haiti,171.66007834609147
2018,70,HUN,Hungary,203.2717092118397
2018,71,IDN,Indonesia,383305.6718858735
2018,72,IND,India,8055726.7184227
2018,73,IRL,Ireland,311.8538210440555
2018,74,IRN,Iran,1833886.9044432659
2018,75,IRQ,Iraq,271086.40123683534
2018,76,ISL,Iceland,17.94260531320505
2018,77,ISR,Israel,44036.82636662741
2018,78,ITA,Italy,85718.58343655731
2018,79,JAM,Jamaica,241.69477745584004
2018,80,JOR,Jordan,17233.985732932662
2018,81,JPN,Japan,569.6146505209456
2018,82,KAZ,Kazakhstan,62612.905873710435
2018,83,KEN,Kenya,13991.734004861386
2018,84,KGZ,Kyrgyzstan,26497.177281657197
2018,85,KHM,Cambodia,1888.7843648815401
2018,86,KOR,South Korea,736.2333442087745
2018,87,KWT,Kuwait,1315.4380462288939
2018,88,LAO,Laos,1224.5693522416602
2018,89,LBN,Lebanon,60901.026530841715
2018,90,LBR,Liberia,29.290236777386703
2018,91,LBY,Libya,46194.77107581349
2018,92,LKA,Sri Lanka,29695.703148765457
2018,93,LTU,Lithuania,60.17647022979103
2018,94,LUX,Luxembourg,1.6583927044004707
2018,95,LVA,Latvia,11.26761490481413
2018,96,MAR,Morocco,329236.6114808773
2018,97,MDA,Moldova,712.349798754713
2018,98,MDG,Madagascar,13162.074162770485
2018,99,MEX,Mexico,414247.07525481994
2018,100,MKD,Macedonia,26197.10627941247
2018,101,MLI,Mali,21617.13590801743
2018,102,MLT,Malta,12.88366915126
2018,103,MMR,Myanmar,3372.8924680791997
2018,104,MNG,Mongolia,1006.3097169965305
2018,105,MOZ,Mozambique,2356.1995819813164
2018,106,MRT,Mauritania,35697.22169335366
2018,107,MWI,Malawi,716.6513961114497
2018,108,MYS,Malaysia,313.85721505372146
2018,109,NAM,Namibia,139.13096707669231
2018,110,NER,Niger,3466.263172231659
2018,111,NGA,Nigeria,36480.072698417396
2018,112,NIC,Nicaragua,102.27555562925416
2018,113,NLD,Netherlands,803.51935974613
2018,114,NOR,Norway,26.640853367893367
2018,115,NPL,Nepal,12281.775345621469
2018,116,NZL,New Zealand,1110.904084441378
2018,117,OMN,Oman,7030.856553623071
2018,118,PAK,Pakistan,1563869.721108028
2018,119,PSE,Palestine,290.29281561
2018,120,PAN,Panama,266.396805149138
2018,121,PER,Peru,22495.298323968396
2018,122,PHL,Philippines,8724.956627982901
2018,123,PNG,Papua New Guinea,4.8084512202739305
2018,124,POL,Poland,2578.7189260314894
2018,125,PRK,North Korea,1055.7582120090065
2018,126,PRT,Portugal,54379.70472489111
2018,127,PRY,Paraguay,50470.980313673834
2018,128,QAT,Qatar,250.363686656756
2018,129,ROU,Romania,4654.874468108162
2018,130,RUS,Russia,60385.45892178927
2018,131,RWA,Rwanda,23871.685709397803
2018,132,SAU,Saudi Arabia,55606.93485347084
2018,133,SDS,South Sudan,0.0
2018,134,SEN,Senegal,57522.60231842564
2018,135,SGP,Singapore,0.015032772298339412
2018,136,SLE,Sierra Leone,126.62613605382599
2018,137,SLV,El Salvador,51.5288066058616
2018,138,SOM,Somalia,8456.488106082405
2018,139,SRB,Serbia,3374.8931264143007
2018,140,SDN,Sudan,237000.36419672138
2018,141,SVK,Slovakia,159.41930615424096
2018,142,SVN,Slovenia,15.698202945257329
2018,143,SWE,Sweden,206.91472710688413
2018,144,SYR,Syria,283118.832949652
2018,145,TCD,Chad,1424.3624155792222
2018,146,TGO,Togo,467.856099531917
2018,147,THA,Thailand,51128.1111909117
2018,148,TJK,Tajikistan,55547.0230439035
2018,149,TKM,Turkmenistan,93914.7967793689
2018,150,TUN,Tunisia,100251.97811441525
2018,151,TUR,Turkey,495813.0899992348
2018,152,TZA,Tanzania,11941.693385259026
2018,153,UGA,Uganda,132916.48379030873
2018,154,UKR,Ukraine,23096.12044001561
2018,155,URY,Uruguay,1468.4635979296
2018,156,USA,United States,1889067.5698919857
2018,157,UZB,Uzbekistan,259725.45870047
2018,158,VEN,Venezuela,10699.556308034927
2018,159,VNM,Viet Nam,31741.248907358
2018,160,YEM,Yemen,101308.6746638019
2018,161,ZAF,South Africa,66471.46039597443
2018,162,ZMB,Zambia,446.0962403106113
2018,163,ZWE,Zimbabwe,2375.313608612706
2019,0,XAM,Rest of Americas,31983.466498884784
2019,1,XEU,Rest of Europe,1971.663610626551
2019,2,XAF,Rest of Africa,559.3704863486047
2019,3,XAS,Rest of Asia-Pacific,161.57536556267138
2019,4,AFG,Afghanistan,85067.54073019477
2019,5,AGO,Angola,12.30909564425896
2019,6,ALB,Albania,3825.1104054330376
2019,7,ARE,United Arab Emirates,36031.64441630362
2019,8,ARG,Argentina,81158.87367836118
2019,9,ARM,Armenia,28879.027376506492
2019,10,AUS,Australia,202797.0797213035
2019,11,AUT,Austria,133.43981296942624
2019,12,AZE,Azerbaijan,59221.55196798475
2019,13,BDI,Burundi,31192.879801611733
2019,14,BEL,Belgium,139.0724582513026
2019,15,BEN,Benin,1327.7070079972873
2019,16,BFA,Burkina Faso,2123.0427783328755
2019,17,BGD,Bangladesh,5569.486406755888
2019,18,BGR,Bulgaria,4537.324563065127
2019,19,BHR,Bahrain,59.3758819065598
2019,20,BHS,Bahamas,0.0
2019,21,BIH,Bosnia and Herzegovina,64.0202826758212
2019,22,BLR,Belarus,1673.8850618770634
2019,23,BLZ,Belize,5.417372082777954
2019,24,BOL,Bolivia,2540.434994931841
2019,25,BRA,Brazil,33680.7737355572
2019,26,BRN,Brunei Darussalam,0.00486372421020396
2019,27,BTN,Bhutan,8.544991447956912
2019,28,BWA,Botswana,190.66080609992915
2019,29,CAF,Central African Republic,665.9097916095837
2019,30,CAN,Canada,7219.254952415068
2019,31,CHE,Switzerland,25.358940654817516
2019,32,CHL,Chile,27537.475529818326
2019,33,CHN,China,6695845.284499553
2019,34,CIV,Cote d'Ivoire,7785.249328196376
2019,35,CMR,Cameroon,3279.8772851140493
2019,36,COD,DR Congo,6401.470304475146
2019,37,COG,Rep Congo,3.827192477915129
2019,38,COL,Colombia,1724.4290667159644
2019,39,CRI,Costa Rica,10465.81595354262
2019,40,CUB,Cuba,12520.615303724262
2019,41,CYP,Cyprus,6413.967530225679
2019,42,CZE,Czech Republic,109.04271238735714
2019,43,DEU,Germany,977.8585676927111
2019,44,DJI,Djibouti,4.056702861684873
2019,45,DYE,DR Yemen (Aden),0.0
2019,46,DNK,Denmark,254.19738939751375
2019,47,DOM,Dominican Republic,32696.27091737362
2019,48,DZA,Algeria,505.8335886689581
2019,49,ECU,Ecuador,1376.6884193855167
2019,50,EGY,Egypt,4231912.107813472
2019,51,ERI,Eritrea,2454.697737941425
2019,52,ESP,Spain,919186.0830486002
2019,53,EST,Estonia,4.996057556514625
2019,54,ETH,Ethiopia,24770.823195231053
2019,55,FIN,Finland,46.25113837362735
2019,56,FRA,France,16338.518229633337
2019,57,GAB,Gabon,11.686299566912577
2019,58,GBR,United Kingdom,1733.465873084695
2019,59,GEO,Georgia,11407.161138065661
2019,60,GHA,Ghana,13174.192026174964
2019,61,GIN,Guinea,5336.560826789317
2019,62,GMB,Gambia,113.03671475963505
2019,63,GNQ,Equatorial Guinea,0.0
2019,64,GRC,Greece,140728.47334380378
2019,65,GTM,Guatemala,426.97171087082233
2019,66,HND,Honduras,886.995845220039
2019,67,HKG,Hong Kong,0.0
2019,68,HRV,Croatia,144.0441262016122
2019,69,HTI,Haiti,172.4964518648523
2019,70,HUN,Hungary,200.57633073944046
2019,71,IDN,Indonesia,387702.54232339066
2019,72,IND,India,8156696.439497434
2019,73,IRL,Ireland,312.4589002631683
2019,74,IRN,Iran,1839670.0548837609
2019,75,IRQ,Iraq,276742.1813194186
2019,76,ISL,Iceland,18.864917171658856
2019,77,ISR,Israel,44244.38653246843
2019,78,ITA,Italy,84234.95847332873
2019,79,JAM,Jamaica,248.5203663634627
2019,80,JOR,Jordan,17322.753108755984
2019,81,JPN,Japan,542.0831827969698
2019,82,KAZ,Kazakhstan,59708.66072767897
2019,83,KEN,Kenya,14197.480076022399
2019,84,KGZ,Kyrgyzstan,26440.09973819009
2019,85,KHM,Cambodia,1900.494247753013
2019,86,KOR,South Korea,733.137857580223
2019,87,KWT,Kuwait,1326.6963449435968
2019,88,LAO,Laos,1234.7227958907317
2019,89,LBN,Lebanon,61432.677703182366
2019,90,LBR,Liberia,29.6353683153498
2019,91,LBY,Libya,46590.69687573322
2019,92,LKA,Sri Lanka,29656.258005652257
2019,93,LTU,Lithuania,58.68575767153081
2019,94,LUX,Luxembourg,1.699568207350739
2019,95,LVA,Latvia,10.418809512933095
2019,96,MAR,Morocco,331341.95377308823
2019,97,MDA,Moldova,742.6976098065219
2019,98,MDG,Madagascar,13491.256523165872
2019,99,MEX,Mexico,416415.7689220686
2019,100,MKD,Macedonia,26302.017722450055
2019,101,MLI,Mali,22250.82054724714
2019,102,MLT,Malta,13.29240332309579
2019,103,MMR,Myanmar,3328.7663081600467
2019,104,MNG,Mongolia,1027.7599387152022
2019,105,MOZ,Mozambique,2419.351862561586
2019,106,MRT,Mauritania,36619.68823129534
2019,107,MWI,Malawi,728.9811126591073
2019,108,MYS,Malaysia,314.76245316853795
2019,109,NAM,Namibia,140.67167325254638
2019,110,NER,Niger,3509.4896127324428
2019,111,NGA,Nigeria,37453.24990707333
2019,112,NIC,Nicaragua,103.05734815413891
2019,113,NLD,Netherlands,826.7247291421285
2019,114,NOR,Norway,26.35017540013393
2019,115,NPL,Nepal,12341.723057018535
2019,116,NZL,New Zealand,1106.9729143165082
2019,117,OMN,Oman,7072.3579537861115
2019,118,PAK,Pakistan,1572209.7815916126
2019,119,PSE,Palestine,290.550340908776
2019,120,PAN,Panama,268.28201519202764
2019,121,PER,Peru,22844.671320551144
2019,122,PHL,Philippines,8759.532043103816
2019,123,PNG,Papua New Guinea,4.749405675662338
2019,124,POL,Poland,2557.250308867792
2019,125,PRK,North Korea,1051.5741763755664
2019,126,PRT,Portugal,50544.367056643794
2019,127,PRY,Paraguay,51143.24175341752
2019,128,QAT,Qatar,1123.3899704710411
2019,129,ROU,Romania,4668.220393352175
2019,130,RUS,Russia,59827.08148453626
2019,131,RWA,Rwanda,24129.511243008026
2019,132,SAU,Saudi Arabia,55624.79361383694
2019,133,SDS,South Sudan,0.0
2019,134,SEN,Senegal,58998.68116895138
2019,135,SGP,Singapore,0.01505228435910851
2019,136,SLE,Sierra Leone,128.1559455609473
2019,137,SLV,El Salvador,51.291615965271546
2019,138,SOM,Somalia,8554.414554658864
2019,139,SRB,Serbia,3592.2925169829577
2019,140,SDN,Sudan,238494.07542643632
2019,141,SVK,Slovakia,156.43396933728812
2019,142,SVN,Slovenia,15.496863817312418
2019,143,SWE,Sweden,205.05212439879006
2019,144,SYR,Syria,310932.2559865218
2019,145,TCD,Chad,1451.2547787673377
2019,146,TGO,Togo,475.6918087498372
2019,147,THA,Thailand,51195.526528769915
2019,148,TJK,Tajikistan,56073.953177212235
2019,149,TKM,Turkmenistan,94353.3787736854
2019,150,TUN,Tunisia,101230.30619036306
2019,151,TUR,Turkey,497761.72408033407
2019,152,TZA,Tanzania,12186.619605922566
2019,153,UGA,Uganda,135076.34595069505
2019,154,UKR,Ukraine,21357.89859151228
2019,155,URY,Uruguay,1460.6534089514128
2019,156,USA,United States,1895631.0426286247
2019,157,UZB,Uzbekistan,260459.82914862112
2019,158,VEN,Venezuela,10861.893812769054
2019,159,VNM,Viet Nam,31833.902287980814
2019,160,YEM,Yemen,101727.80500375226
2019,161,ZAF,South Africa,65826.47807009394
2019,162,ZMB,Zambia,453.5414318728667
2019,163,ZWE,Zimbabwe,2414.7026311862983
2020,0,XAM,Rest of Americas,32221.034590588544
2020,1,XEU,Rest of Europe,1996.960518249959
2020,2,XAF,Rest of Africa,566.8918435561359
2020,3,XAS,Rest of Asia-Pacific,162.5228144042842
2020,4,AFG,Afghanistan,85563.84786648332
2020,5,AGO,Angola,11.837348722787503
2020,6,ALB,Albania,3803.5370807999275
2020,7,ARE,United Arab Emirates,36418.635227105886
2020,8,ARG,Argentina,81231.65464865028
2020,9,ARM,Armenia,28486.119190189274
2020,10,AUS,Australia,202851.61483400862
2020,11,AUT,Austria,131.84523062170385
2020,12,AZE,Azerbaijan,59385.694864314275
2020,13,BDI,Burundi,31994.95837894914
2020,14,BEL,Belgium,136.16897108734153
2020,15,BEN,Benin,1355.2796080375242
2020,16,BFA,Burkina Faso,2164.5878502046153
2020,17,BGD,Bangladesh,5568.696323052376
2020,18,BGR,Bulgaria,4465.777319551073
2020,19,BHR,Bahrain,59.923170204045974
2020,20,BHS,Bahamas,0.0
2020,21,BIH,Bosnia and Herzegovina,65.86439963252941
2020,22,BLR,Belarus,1748.1240092894564
2020,23,BLZ,Belize,5.476878236973196
2020,24,BOL,Bolivia,2578.072275017679
2020,25,BRA,Brazil,34345.09115937113
2020,26,BRN,Brunei Darussalam,0.004798833878451253
2020,27,BTN,Bhutan,8.575082575944041
2020,28,BWA,Botswana,191.78985513581392
2020,29,CAF,Central African Republic,679.470482668408
2020,30,CAN,Canada,7158.767808602647
2020,31,CHE,Switzerland,24.892275373971064
2020,32,CHL,Chile,27911.918385207973
2020,33,CHN,China,6763319.934428464
2020,34,CIV,Cote d'Ivoire,7912.295277378016
2020,35,CMR,Cameroon,3341.459543315277
2020,36,COD,DR Congo,6545.178907713102
2020,37,COG,Rep Congo,3.8790410261165924
2020,38,COL,Colombia,1751.0264652541487
2020,39,CRI,Costa Rica,10533.68355133229
2020,40,CUB,Cuba,12588.385396143807
2020,41,CYP,Cyprus,5125.915568938968
2020,42,CZE,Czech Republic,107.11144024572742
2020,43,DEU,Germany,971.3524019361826
2020,44,DJI,Djibouti,3.9542639784193656
2020,45,DYE,DR Yemen (Aden),0.0
2020,46,DNK,Denmark,255.74168545163403
2020,47,DOM,Dominican Republic,33411.91955003902
2020,48,DZA,Algeria,430.072373726606
2020,49,ECU,Ecuador,1383.1372554214963
2020,50,EGY,Egypt,4257612.256189554
2020,51,ERI,Eritrea,2471.4376967267513
2020,52,ESP,Spain,927911.3213516229
2020,53,EST,Estonia,4.464119143906956
2020,54,ETH,Ethiopia,24987.842990297562
2020,55,FIN,Finland,45.31850344912071
2020,56,FRA,France,16131.609325901201
2020,57,GAB,Gabon,11.89125895189147
2020,58,GBR,United Kingdom,1705.0518553713382
2020,59,GEO,Georgia,11362.802289612115
2020,60,GHA,Ghana,13367.664594963544
2020,61,GIN,Guinea,5436.58218204605
2020,62,GMB,Gambia,115.36867431245943
2020,63,GNQ,Equatorial Guinea,0.0
2020,64,GRC,Greece,135869.67753002828
2020,65,GTM,Guatemala,429.58286267118825
2020,66,HND,Honduras,891.1933163982646
2020,67,HKG,Hong Kong,0.0
2020,68,HRV,Croatia,135.96778097689423
2020,69,HTI,Haiti,173.332825383613
2020,70,HUN,Hungary,197.87044889045876
2020,71,IDN,Indonesia,392099.412760907
2020,72,IND,India,8257666.1605721675
2020,73,IRL,Ireland,313.0639794822815
2020,74,IRN,Iran,1845453.3919466482
2020,75,IRQ,Iraq,282397.9614020016
2020,76,ISL,Iceland,19.787261665733155
2020,77,ISR,Israel,44451.946698309446
2020,78,ITA,Italy,82751.33351010023
2020,79,JAM,Jamaica,245.2204043882756
2020,80,JOR,Jordan,17411.520484579305
2020,81,JPN,Japan,514.5517150729938
2020,82,KAZ,Kazakhstan,56804.63094715058
2020,83,KEN,Kenya,14403.236014956981
2020,84,KGZ,Kyrgyzstan,26383.02219472297
2020,85,KHM,Cambodia,1912.2041306244869
2020,86,KOR,South Korea,730.0423709516717
2020,87,KWT,Kuwait,1337.9546436583003
2020,88,LAO,Laos,1244.8762395398023
2020,89,LBN,Lebanon,61964.32887552303
2020,90,LBR,Liberia,29.980508134165376
2020,91,LBY,Libya,46986.90761887821
2020,92,LKA,Sri Lanka,29616.54522977164
2020,93,LTU,Lithuania,57.195553983198366
2020,94,LUX,Luxembourg,1.7407437103010068
2020,95,LVA,Latvia,9.570589759251328
2020,96,MAR,Morocco,333562.6383283698
2020,97,MDA,Moldova,773.0454818701207
2020,98,MDG,Madagascar,13820.444734799188
2020,99,MEX,Mexico,418584.46258931723
2020,100,MKD,Macedonia,26484.520886495964
2020,101,MLI,Mali,22885.515353022813
2020,102,MLT,Malta,13.244632843786086
2020,103,MMR,Myanmar,3284.8065923532204
2020,104,MNG,Mongolia,1049.2102139256467
2020,105,MOZ,Mozambique,2482.506797782916
2020,106,MRT,Mauritania,37550.152188398555
2020,107,MWI,Malawi,741.319586059753
2020,108,MYS,Malaysia,315.6676912833546
2020,109,NAM,Namibia,142.21278337176184
2020,110,NER,Niger,3553.0713342887657
2020,111,NGA,Nigeria,38426.49358930719
2020,112,NIC,Nicaragua,103.83914067902342
2020,113,NLD,Netherlands,849.8983802181453
2020,114,NOR,Norway,26.059519837983878
2020,115,NPL,Nepal,12401.670768415592
2020,116,NZL,New Zealand,1103.0417441916388
2020,117,OMN,Oman,7113.859956082846
2020,118,PAK,Pakistan,1580549.8420751963
2020,119,PSE,Palestine,290.807866207551
2020,120,PAN,Panama,270.1672252349168
2020,121,PER,Peru,23194.044317133877
2020,122,PHL,Philippines,8794.10745822472
2020,123,PNG,Papua New Guinea,4.690371101339592
2020,124,POL,Poland,2535.781274992124
2020,125,PRK,North Korea,1047.4010524803155
2020,126,PRT,Portugal,46709.03137444282
2020,127,PRY,Paraguay,51815.5031931612
2020,128,QAT,Qatar,1136.6542754211562
2020,129,ROU,Romania,4680.197897341385
2020,130,RUS,Russia,59274.22706505231
2020,131,RWA,Rwanda,24388.09211779957
2020,132,SAU,Saudi Arabia,55642.65237420294
2020,133,SDS,South Sudan,0.0
2020,134,SEN,Senegal,60475.980692282974
2020,135,SGP,Singapore,0.015071796419877683
2020,136,SLE,Sierra Leone,129.86741068832671
2020,137,SLV,El Salvador,51.054425324681375
2020,138,SOM,Somalia,8664.313336218114
2020,139,SRB,Serbia,3560.3926647020858
2020,140,SDN,Sudan,239989.99506747123
2020,141,SVK,Slovakia,153.44230482316715
2020,142,SVN,Slovenia,15.295524689367504
2020,143,SWE,Sweden,203.189521690697
2020,144,SYR,Syria,307711.9523106303
2020,145,TCD,Chad,1478.1577581327401
2020,146,TGO,Togo,483.88772628112787
2020,147,THA,Thailand,51262.941866628134
2020,148,TJK,Tajikistan,56600.88331052106
2020,149,TKM,Turkmenistan,94791.96076800203
2020,150,TUN,Tunisia,102268.61453095965
2020,151,TUR,Turkey,499710.35816143395
2020,152,TZA,Tanzania,12431.55713290091
2020,153,UGA,Uganda,137236.21676357603
2020,154,UKR,Ukraine,22681.135935560596
2020,155,URY,Uruguay,1450.4295161494194
2020,156,USA,United States,1902194.5153652634
2020,157,UZB,Uzbekistan,261194.1995967723
2020,158,VEN,Venezuela,11024.231317503189
2020,159,VNM,Viet Nam,31926.55566860361
2020,160,YEM,Yemen,102146.93534370279
2020,161,ZAF,South Africa,65181.4957442134
2020,162,ZMB,Zambia,461.09515750855417
2020,163,ZWE,Zimbabwe,2454.0922615479917
2021,0,XAM,Rest of Americas,32458.602682292396
2021,1,XEU,Rest of Europe,2022.2574258733662
2021,2,XAF,Rest of Africa,574.8161168741403
2021,3,XAS,Rest of Asia-Pacific,163.47026324589683
2021,4,AFG,Afghanistan,86060.1550027722
2021,5,AGO,Angola,11.36917382692293
2021,6,ALB,Albania,3782.1571520320344
2021,7,ARE,United Arab Emirates,36805.62603790805
2021,8,ARG,Argentina,81304.43561893936
2021,9,ARM,Armenia,28094.17842292638
2021,10,AUS,Australia,202906.9023357101
2021,11,AUT,Austria,130.25064827398143
2021,12,AZE,Azerbaijan,59549.83776064392
2021,13,BDI,Burundi,32804.11820222984
2021,14,BEL,Belgium,133.26548392338032
2021,15,BEN,Benin,1382.7481365656017
2021,16,BFA,Burkina Faso,2206.1374895945837
2021,17,BGD,Bangladesh,5567.906239348865
2021,18,BGR,Bulgaria,4394.405929758738
2021,19,BHR,Bahrain,60.470458501532256
2021,20,BHS,Bahamas,0.0
2021,21,BIH,Bosnia and Herzegovina,67.7085165892377
2021,22,BLR,Belarus,1822.3631158244032
2021,23,BLZ,Belize,5.536384391168451
2021,24,BOL,Bolivia,2615.709555103522
2021,25,BRA,Brazil,35009.40858318514
2021,26,BRN,Brunei Darussalam,0.004733943546698635
2021,27,BTN,Bhutan,8.605173703931175
2021,28,BWA,Botswana,192.92021423093288
2021,29,CAF,Central African Republic,693.0644422697263
2021,30,CAN,Canada,7098.280664790226
2021,31,CHE,Switzerland,24.425610093124593
2021,32,CHL,Chile,28286.361240597627
2021,33,CHN,China,6830794.584357371
2021,34,CIV,Cote d'Ivoire,8039.548113420788
2021,35,CMR,Cameroon,3403.4267714732414
2021,36,COD,DR Congo,6688.884726154583
2021,37,COG,Rep Congo,3.9309013902979952
2021,38,COL,Colombia,1777.623863792337
2021,39,CRI,Costa Rica,10601.551149121975
2021,40,CUB,Cuba,12656.15548856338
2021,41,CYP,Cyprus,7213.031965201307
2021,42,CZE,Czech Republic,105.1861637981264
2021,43,DEU,Germany,964.8462361796558
2021,44,DJI,Djibouti,3.838691361797994
2021,45,DYE,DR Yemen (Aden),0.0
2021,46,DNK,Denmark,257.28619915112466
2021,47,DOM,Dominican Republic,34127.57404020842
2021,48,DZA,Algeria,491.29483967512954
2021,49,ECU,Ecuador,1389.586091457475
2021,50,EGY,Egypt,4283312.4045656435
2021,51,ERI,Eritrea,2488.180663056596
2021,52,ESP,Spain,936643.3177281448
2021,53,EST,Estonia,3.9321808811652814
2021,54,ETH,Ethiopia,25205.19290132507
2021,55,FIN,Finland,44.385889677884855
2021,56,FRA,France,15924.70042216906
2021,57,GAB,Gabon,12.09623027975578
2021,58,GBR,United Kingdom,1676.6378376579828
2021,59,GEO,Georgia,11318.44344115854
2021,60,GHA,Ghana,13561.152633831498
2021,61,GIN,Guinea,5536.609852041272
2021,62,GMB,Gambia,117.70122778681184
2021,63,GNQ,Equatorial Guinea,0.0
2021,64,GRC,Greece,131010.88171625286
2021,65,GTM,Guatemala,432.1940144715552
2021,66,HND,Honduras,895.3907875764924
2021,67,HKG,Hong Kong,0.0
2021,68,HRV,Croatia,127.4525635997927
2021,69,HTI,Haiti,174.1691989023736
2021,70,HUN,Hungary,195.16457070209012
2021,71,IDN,Indonesia,396496.2831984243
2021,72,IND,India,8358635.8816469
2021,73,IRL,Ireland,313.6690587013935
2021,74,IRN,Iran,1851236.9012932256
2021,75,IRQ,Iraq,288053.74148458475
2021,76,ISL,Iceland,20.709635711129867
2021,77,ISR,Israel,44659.50686415046
2021,78,ITA,Italy,81267.70854687155
2021,79,JAM,Jamaica,241.92044241308855
2021,80,JOR,Jordan,17500.28786040264
2021,81,JPN,Japan,487.02024734901727
2021,82,KAZ,Kazakhstan,53900.80034746116
2021,83,KEN,Kenya,14609.096864842926
2021,84,KGZ,Kyrgyzstan,26325.944651255842
2021,85,KHM,Cambodia,1923.9140134959596
2021,86,KOR,South Korea,726.9468843231205
2021,87,KWT,Kuwait,1349.2129423730032
2021,88,LAO,Laos,1255.0296831888725
2021,89,LBN,Lebanon,62495.98004786371
2021,90,LBR,Liberia,30.32565526596161
2021,91,LBY,Libya,47383.36762759395
2021,92,LKA,Sri Lanka,29576.832453891016
2021,93,LTU,Lithuania,55.70577748333422
2021,94,LUX,Luxembourg,1.78191921325128
2021,95,LVA,Latvia,8.72289452921838
2021,96,MAR,Morocco,335727.7860073601
2021,97,MDA,Moldova,803.3934093856385
2021,98,MDG,Madagascar,14149.638045692082
2021,99,MEX,Mexico,420753.1562565659
2021,100,MKD,Macedonia,26632.183321516084
2021,101,MLI,Mali,23519.764033589196
2021,102,MLT,Malta,13.196862364476377
2021,103,MMR,Myanmar,3401.3819311514635
2021,104,MNG,Mongolia,1070.660537600811
2021,105,MOZ,Mozambique,2545.6640552387253
2021,106,MRT,Mauritania,38478.2937362843
2021,107,MWI,Malawi,753.6985804447714
2021,108,MYS,Malaysia,316.5729293981702
2021,109,NAM,Namibia,143.75577329713093
2021,110,NER,Niger,3596.5193495662725
2021,111,NGA,Nigeria,39399.79508918851
2021,112,NIC,Nicaragua,104.62093320390821
2021,113,NLD,Netherlands,873.0720312941631
2021,114,NOR,Norway,25.768883329388732
2021,115,NPL,Nepal,12461.618479812652
2021,116,NZL,New Zealand,1099.1105740667688
2021,117,OMN,Oman,7155.362490715343
2021,118,PAK,Pakistan,1588889.9025587812
2021,119,PSE,Palestine,291.065391506327
2021,120,PAN,Panama,272.0524352778074
2021,121,PER,Peru,23543.417313716644
2021,122,PHL,Philippines,8828.682873345635
2021,123,PNG,Papua New Guinea,4.631346589068227
2021,124,POL,Poland,2514.312241999229
2021,125,PRK,North Korea,1043.237791495695
2021,126,PRT,Portugal,49833.331601003454
2021,127,PRY,Paraguay,52487.76463290482
2021,128,QAT,Qatar,1149.9185803712703
2021,129,ROU,Romania,4692.17543863294
2021,130,RUS,Russia,58726.34515197302
2021,131,RWA,Rwanda,24646.304401991332
2021,132,SAU,Saudi Arabia,55660.511134569024
2021,133,SDS,South Sudan,0.0
2021,134,SEN,Senegal,61962.49420076681
2021,135,SGP,Singapore,0.015091308480646774
2021,136,SLE,Sierra Leone,131.48893274754084
2021,137,SLV,El Salvador,50.81723468409133
2021,138,SOM,Somalia,8768.539794089898
2021,139,SRB,Serbia,3529.0421694388147
2021,140,SDN,Sudan,241487.9206621977
2021,141,SVK,Slovakia,150.45067719591694
2021,142,SVN,Slovenia,15.094185561422583
2021,143,SWE,Sweden,201.32691898260288
2021,144,SYR,Syria,304492.30151395017
2021,145,TCD,Chad,1505.0700822382378
2021,146,TGO,Togo,491.9083593630312
2021,147,THA,Thailand,51330.35720448636
2021,148,TJK,Tajikistan,57127.813443829786
2021,149,TKM,Turkmenistan,95230.5427623184
2021,150,TUN,Tunisia,103277.36911661757
2021,151,TUR,Turkey,501658.99224253336
2021,152,TZA,Tanzania,12676.539048742688
2021,153,UGA,Uganda,139396.09521667904
2021,154,UKR,Ukraine,22483.474092424196
2021,155,URY,Uruguay,1440.2056233474273
2021,156,USA,United States,1908757.9881019022
2021,157,UZB,Uzbekistan,261928.5700449234
2021,158,VEN,Venezuela,11186.568822237317
2021,159,VNM,Viet Nam,32019.209049226403
2021,160,YEM,Yemen,102566.06568365313
2021,161,ZAF,South Africa,64536.51341833296
2021,162,ZMB,Zambia,468.6723417194824
2021,163,ZWE,Zimbabwe,2493.482406218876
2022,0,XAM,Rest of Americas,32696.170773996153
2022,1,XEU,Rest of Europe,2047.554333496774
2022,2,XAF,Rest of Africa,582.6739143638986
2022,3,XAS,Rest of Asia-Pacific,164.41771208750959
2022,4,AFG,Afghanistan,86556.46213906097
2022,5,AGO,Angola,10.904165205118657
2022,6,ALB,Albania,3760.953968803557
2022,7,ARE,United Arab Emirates,37192.616848710204
2022,8,ARG,Argentina,81377.21658922848
2022,9,ARM,Armenia,27703.11016762307
2022,10,AUS,Australia,202962.87633824843
2022,11,AUT,Austria,128.65606592625903
2022,12,AZE,Azerbaijan,59713.980656973465
2022,13,BDI,Burundi,33608.812096332025
2022,14,BEL,Belgium,130.36199675941916
2022,15,BEN,Benin,1410.2176078895359
2022,16,BFA,Burkina Faso,2247.8342362441626
2022,17,BGD,Bangladesh,5567.1161556453535
2022,18,BGR,Bulgaria,4531.650469075426
2022,19,BHR,Bahrain,61.01774679901834
2022,20,BHS,Bahamas,0.0
2022,21,BIH,Bosnia and Herzegovina,69.55263354594602
2022,22,BLR,Belarus,1896.6023709492404
2022,23,BLZ,Belize,5.5958905453636945
2022,24,BOL,Bolivia,2653.3468351893607
2022,25,BRA,Brazil,35673.72600699917
2022,26,BRN,Brunei Darussalam,0.004669053214946065
2022,27,BTN,Bhutan,8.635264831918303
2022,28,BWA,Botswana,194.29666815086952
2022,29,CAF,Central African Republic,706.6485236546669
2022,30,CAN,Canada,7037.793520977805
2022,31,CHE,Switzerland,23.958944812278133
2022,32,CHL,Chile,28660.804095987274
2022,33,CHN,China,6898269.234286269
2022,34,CIV,Cote d'Ivoire,8166.690114651336
2022,35,CMR,Cameroon,3465.1604947283304
2022,36,COD,DR Congo,6832.591771262349
2022,37,COG,Rep Congo,3.984343919390491
2022,38,COL,Colombia,1804.2212623305231
2022,39,CRI,Costa Rica,10669.418746911637
2022,40,CUB,Cuba,12723.925580982934
2022,41,CYP,Cyprus,7056.437858402853
2022,42,CZE,Czech Republic,103.26638762407278
2022,43,DEU,Germany,958.3400704231283
2022,44,DJI,Djibouti,3.7237091088454295
2022,45,DYE,DR Yemen (Aden),0.0
2022,46,DNK,Denmark,258.8309120139034
2022,47,DOM,Dominican Republic,34843.23369326564
2022,48,DZA,Algeria,463.28899209981853
2022,49,ECU,Ecuador,1396.0349274934547
2022,50,EGY,Egypt,4309012.552941736
2022,51,ERI,Eritrea,2504.92635144086
2022,52,ESP,Spain,945381.5082964844
2022,53,EST,Estonia,3.4002427563147144
2022,54,ETH,Ethiopia,25422.83564270434
2022,55,FIN,Finland,43.45329526165895
2022,56,FRA,France,15717.791518436918
2022,57,GAB,Gabon,12.301212201107584
2022,58,GBR,United Kingdom,1648.2238199446256
2022,59,GEO,Georgia,11274.084592704981
2022,60,GHA,Ghana,13754.631959953631
2022,61,GIN,Guinea,5636.642984910568
2022,62,GMB,Gambia,120.03430799638383
2022,63,GNQ,Equatorial Guinea,0.0
2022,64,GRC,Greece,126152.08590247735
2022,65,GTM,Guatemala,435.819056669196
2022,66,HND,Honduras,899.5882587547171
2022,67,HKG,Hong Kong,0.0
2022,68,HRV,Croatia,118.98187115042697
2022,69,HTI,Haiti,175.00557242113442
2022,70,HUN,Hungary,193.41178001249003
2022,71,IDN,Indonesia,400893.15363594063
2022,72,IND,India,8459605.602721624
2022,73,IRL,Ireland,314.2741379205064
2022,74,IRN,Iran,1857020.5700911859
2022,75,IRQ,Iraq,293709.5215671678
2022,76,ISL,Iceland,21.632036599636074
2022,77,ISR,Israel,44867.067029991464
2022,78,ITA,Italy,79784.08358364298
2022,79,JAM,Jamaica,238.62048043790165
2022,80,JOR,Jordan,17589.05523622595
2022,81,JPN,Japan,459.4887796250414
2022,82,KAZ,Kazakhstan,50997.15441826179
2022,83,KEN,Kenya,14814.901670734873
2022,84,KGZ,Kyrgyzstan,26268.867107788712
2022,85,KHM,Cambodia,1935.6238963674323
2022,86,KOR,South Korea,723.8513976945692
2022,87,KWT,Kuwait,1360.4712410877069
2022,88,LAO,Laos,1265.1831268379442
2022,89,LBN,Lebanon,63027.631220204275
2022,90,LBR,Liberia,30.67080888157215
2022,91,LBY,Libya,47780.04665164295
2022,92,LKA,Sri Lanka,29537.11967801038
2022,93,LTU,Lithuania,54.21636170988492
2022,94,LUX,Luxembourg,1.8230947162015385
2022,95,LVA,Latvia,7.875670742474231
2022,96,MAR,Morocco,337894.1248471843
2022,97,MDA,Moldova,833.7413874714853
2022,98,MDG,Madagascar,14478.87410495024
2022,99,MEX,Mexico,422921.8499238144
2022,100,MKD,Macedonia,26782.288629932635
2022,101,MLI,Mali,24155.175153527653
2022,102,MLT,Malta,13.149091885166664
2022,103,MMR,Myanmar,3411.27737795093
2022,104,MNG,Mongolia,1092.1109053240743
2022,105,MOZ,Mozambique,2608.846457180701
2022,106,MRT,Mauritania,39505.56668517506
2022,107,MWI,Malawi,766.0626323078604
2022,108,MYS,Malaysia,317.47816751298666
2022,109,NAM,Namibia,145.3818735838802
2022,110,NER,Niger,3640.2150586671996
2022,111,NGA,Nigeria,40380.44425446274
2022,112,NIC,Nicaragua,105.40272572879289
2022,113,NLD,Netherlands,896.2456823701801
2022,114,NOR,Norway,25.478263107546343
2022,115,NPL,Nepal,12521.56619120971
2022,116,NZL,New Zealand,1095.1794039418987
2022,117,OMN,Oman,7218.686316174503
2022,118,PAK,Pakistan,1597229.9630423659
2022,119,PSE,Palestine,291.322916805102
2022,120,PAN,Panama,273.9376453206969
2022,121,PER,Peru,23892.790310299388
2022,122,PHL,Philippines,8863.258288466546
2022,123,PNG,Papua New Guinea,4.57233133119468
2022,124,POL,Poland,2492.8432097918853
2022,125,PRK,North Korea,1039.0834740983696
2022,126,PRT,Portugal,48329.8171663383
2022,127,PRY,Paraguay,53160.026072648485
2022,128,QAT,Qatar,1163.1828853213851
2022,129,ROU,Romania,4704.153012966065
2022,130,RUS,Russia,58182.95554775342
2022,131,RWA,Rwanda,24904.521796437355
2022,132,SAU,Saudi Arabia,55678.36989493504
2022,133,SDS,South Sudan,0.0
2022,134,SEN,Senegal,63477.690201315585
2022,135,SGP,Singapore,0.015110820541416365
2022,136,SLE,Sierra Leone,133.1109592534424
2022,137,SLV,El Salvador,50.580044043501275
2022,138,SOM,Somalia,8872.942122594597
2022,139,SRB,Serbia,3498.18993946387
2022,140,SDN,Sudan,242987.6738924093
2022,141,SVK,Slovakia,147.4590815436241
2022,142,SVN,Slovenia,14.893051355014506
2022,143,SWE,Sweden,199.46431627450903
2022,144,SYR,Syria,301273.2506354053
2022,145,TCD,Chad,1531.9906653594644
2022,146,TGO,Togo,499.9300349075305
2022,147,THA,Thailand,51397.772542344595
2022,148,TJK,Tajikistan,57654.74357713851
2022,149,TKM,Turkmenistan,95669.1247566349
2022,150,TUN,Tunisia,104296.58595003957
2022,151,TUR,Turkey,503607.62632363255
2022,152,TZA,Tanzania,12921.506857846605
2022,153,UGA,Uganda,141555.98044290752
2022,154,UKR,Ukraine,22291.592820777874
2022,155,URY,Uruguay,1429.981730545436
2022,156,USA,United States,1915321.4608385419
2022,157,UZB,Uzbekistan,262662.9404930745
2022,158,VEN,Venezuela,11348.906326971444
2022,159,VNM,Viet Nam,32111.8624298492
2022,160,YEM,Yemen,103104.78282322627
2022,161,ZAF,South Africa,63891.531092452395
2022,162,ZMB,Zambia,476.21245359082957
2022,163,ZWE,Zimbabwe,2532.872988415904
2023,0,XAM,Rest of Americas,32933.7388657
2023,1,XEU,Rest of Europe,2072.8512411201814
2023,2,XAF,Rest of Africa,590.3928187520305
2023,3,XAS,Rest of Asia-Pacific,165.36516092912228
2023,4,AFG,Afghanistan,87052.76927534971
2023,5,AGO,Angola,10.441973645580054
2023,6,ALB,Albania,3739.912766486131
2023,7,ARE,United Arab Emirates,37579.60765951248
2023,8,ARG,Argentina,81449.99755951746
2023,9,ARM,Armenia,27312.83142509468
2023,10,AUS,Australia,203067.49724735325
2023,11,AUT,Austria,127.0614835785367
2023,12,AZE,Azerbaijan,59878.123553303114
2023,13,BDI,Burundi,34413.633472096684
2023,14,BEL,Belgium,127.45850959545797
2023,15,BEN,Benin,1437.6879178182521
2023,16,BFA,Burkina Faso,2289.436901500114
2023,17,BGD,Bangladesh,5566.326071941842
2023,18,BGR,Bulgaria,4636.913197612983
2023,19,BHR,Bahrain,61.565035096504516
2023,20,BHS,Bahamas,0.0
2023,21,BIH,Bosnia and Herzegovina,71.39801018408515
2023,22,BLR,Belarus,1970.8417651215223
2023,23,BLZ,Belize,5.655396699558947
2023,24,BOL,Bolivia,2690.9841152752015
2023,25,BRA,Brazil,36338.04343081317
2023,26,BRN,Brunei Darussalam,0.004617704430579246
2023,27,BTN,Bhutan,8.665355959905439
2023,28,BWA,Botswana,195.48960743164392
2023,29,CAF,Central African Republic,720.2388214440579
2023,30,CAN,Canada,6977.306377165382
2023,31,CHE,Switzerland,23.492279531431556
2023,32,CHL,Chile,29035.246951376917
2023,33,CHN,China,6965743.884215179
2023,34,CIV,Cote d'Ivoire,8295.502860164832
2023,35,CMR,Cameroon,3526.876605343213
2023,36,COD,DR Congo,6976.299899670397
2023,37,COG,Rep Congo,4.036628845105268
2023,38,COL,Colombia,1830.8186608687083
2023,39,CRI,Costa Rica,10737.28634470132
2023,40,CUB,Cuba,12791.695673402497
2023,41,CYP,Cyprus,6902.634043548041
2023,42,CZE,Czech Republic,101.35167072249463
2023,43,DEU,Germany,951.8339046666001
2023,44,DJI,Djibouti,3.6762422072326277
2023,45,DYE,DR Yemen (Aden),0.0
2023,46,DNK,Denmark,260.3758076263655
2023,47,DOM,Dominican Republic,35558.945675116396
2023,48,DZA,Algeria,449.4611940711214
2023,49,ECU,Ecuador,1402.4837635294346
2023,50,EGY,Egypt,4334712.701317825
2023,51,ERI,Eritrea,2521.674511072987
2023,52,ESP,Spain,954125.3914956877
2023,53,EST,Estonia,2.86830475866312
2023,54,ETH,Ethiopia,25882.26380585685
2023,55,FIN,Finland,42.52071860359942
2023,56,FRA,France,15510.882614704788
2023,57,GAB,Gabon,12.508083657781235
2023,58,GBR,United Kingdom,1619.8098022312697
2023,59,GEO,Georgia,11239.786178734928
2023,60,GHA,Ghana,13948.58370358507
2023,61,GIN,Guinea,5736.754209841296
2023,62,GMB,Gambia,122.36785712475657
2023,63,GNQ,Equatorial Guinea,0.0
2023,64,GRC,Greece,121293.29008870188
2023,65,GTM,Guatemala,438.6855002858614
2023,66,HND,Honduras,903.7857299329448
2023,67,HKG,Hong Kong,0.0
2023,68,HRV,Croatia,110.55134356372086
2023,69,HTI,Haiti,175.84194593989523
2023,70,HUN,Hungary,197.04671378471014
2023,71,IDN,Indonesia,405290.0240734579
2023,72,IND,India,8560575.32379637
2023,73,IRL,Ireland,314.8792171396195
2023,74,IRN,Iran,1862804.386816348
2023,75,IRQ,Iraq,299365.3016497511
2023,76,ISL,Iceland,22.554461943556934
2023,77,ISR,Israel,45074.627195832494
2023,78,ITA,Italy,78300.45862041449
2023,79,JAM,Jamaica,235.32051846271455
2023,80,JOR,Jordan,17677.82261204928
2023,81,JPN,Japan,431.9573119010656
2023,82,KAZ,Kazakhstan,60180.71650641308
2023,83,KEN,Kenya,15022.104070968471
2023,84,KGZ,Kyrgyzstan,26211.78956432158
2023,85,KHM,Cambodia,1947.3337792389063
2023,86,KOR,South Korea,720.755911066017
2023,87,KWT,Kuwait,1371.72953980241
2023,88,LAO,Laos,1275.3365704870137
2023,89,LBN,Lebanon,63559.28239254495
2023,90,LBR,Liberia,31.01596826720596
2023,91,LBY,Libya,48176.91890585434
2023,92,LKA,Sri Lanka,29497.406902129762
2023,93,LTU,Lithuania,52.727252224873375
2023,94,LUX,Luxembourg,1.8642702191518086
2023,95,LVA,Latvia,7.028872091932713
2023,96,MAR,Morocco,340061.5133208202
2023,97,MDA,Moldova,864.0894118225671
2023,98,MDG,Madagascar,14808.772840176936
2023,99,MEX,Mexico,425090.5435910631
2023,100,MKD,Macedonia,26934.596403898267
2023,101,MLI,Mali,24805.018955980693
2023,102,MLT,Malta,13.10132140585696
2023,103,MMR,Myanmar,3421.347273531349
2023,104,MNG,Mongolia,1113.5613131993546
2023,105,MOZ,Mozambique,2672.0135068857344
2023,106,MRT,Mauritania,40458.54149293647
2023,107,MWI,Malawi,778.4327181522931
2023,108,MYS,Malaysia,318.3834056278033
2023,109,NAM,Namibia,148.06304507421873
2023,110,NER,Niger,3687.657942551337
2023,111,NGA,Nigeria,41355.70182942269
2023,112,NIC,Nicaragua,106.18451825367751
2023,113,NLD,Netherlands,919.4193334461971
2023,114,NOR,Norway,25.187656874939414
2023,115,NPL,Nepal,12581.513902606766
2023,116,NZL,New Zealand,1091.2482338170294
2023,117,OMN,Oman,7265.6748281966775
2023,118,PAK,Pakistan,1605570.0235259486
2023,119,PSE,Palestine,291.580442103878
2023,120,PAN,Panama,275.8228553635863
2023,121,PER,Peru,24242.163306882132
2023,122,PHL,Philippines,8897.833703587456
2023,123,PNG,Papua New Guinea,4.513324606864165
2023,124,POL,Poland,2471.3741782860766
2023,125,PRK,North Korea,1034.9372911441255
2023,126,PRT,Portugal,46831.50595899482
2023,127,PRY,Paraguay,53832.287512392235
2023,128,QAT,Qatar,1176.4471902714995
2023,129,ROU,Romania,4716.130616676311
2023,130,RUS,Russia,57643.63765492569
2023,131,RWA,Rwanda,25162.743720906015
2023,132,SAU,Saudi Arabia,55811.334787635904
2023,133,SDS,South Sudan,0.0
2023,134,SEN,Senegal,64967.055990751745
2023,135,SGP,Singapore,0.015130332602185454
2023,136,SLE,Sierra Leone,134.73343694239801
2023,137,SLV,El Salvador,50.34285340291111
2023,138,SOM,Somalia,8977.499858239918
2023,139,SRB,Serbia,3467.7910014562144
2023,140,SDN,Sudan,244489.0970751109
2023,141,SVK,Slovakia,144.46751373082978
2023,142,SVN,Slovenia,14.691764137704919
2023,143,SWE,Sweden,197.6017135664154
2023,144,SYR,Syria,298054.7524488107
2023,145,TCD,Chad,1558.9350980388544
2023,146,TGO,Togo,507.9591374701813
2023,147,THA,Thailand,51465.187880202815
2023,148,TJK,Tajikistan,58181.673710447336
2023,149,TKM,Turkmenistan,96107.7067509514
2023,150,TUN,Tunisia,105308.46938687324
2023,151,TUR,Turkey,505556.2604047317
2023,152,TZA,Tanzania,13166.482398812763
2023,153,UGA,Uganda,143715.871695908
2023,154,UKR,Ukraine,22104.99591472521
2023,155,URY,Uruguay,1419.757837743443
2023,156,USA,United States,1921885.780702106
2023,157,UZB,Uzbekistan,263397.31094122556
2023,158,VEN,Venezuela,11511.24383170558
2023,159,VNM,Viet Nam,32204.515810472036
2023,160,YEM,Yemen,103554.00748055663
2023,161,ZAF,South Africa,63246.54876657184
2023,162,ZMB,Zambia,483.75852224045207
2023,163,ZWE,Zimbabwe,2572.26394467956
2024,0,XAM,Rest of Americas,33171.306957403765
2024,1,XEU,Rest of Europe,2098.14814874359
2024,2,XAF,Rest of Africa,598.1091968960967
2024,3,XAS,Rest of Asia-Pacific,166.31260977073495
2024,4,AFG,Afghanistan,87549.07641163829
2024,5,AGO,Angola,9.982297223933575
2024,6,ALB,Albania,3719.020404376318
2024,7,ARE,United Arab Emirates,37966.59847031464
2024,8,ARG,Argentina,81522.77852980656
2024,9,ARM,Armenia,26923.26930526035
2024,10,AUS,Australia,203134.38233153673
2024,11,AUT,Austria,125.46690123081424
2024,12,AZE,Azerbaijan,60042.26644963264
2024,13,BDI,Burundi,35218.56959433381
2024,14,BEL,Belgium,124.55502243149678
2024,15,BEN,Benin,1465.1589763621537
2024,16,BFA,Burkina Faso,2331.0472077778295
2024,17,BGD,Bangladesh,5573.136597503235
2024,18,BGR,Bulgaria,4643.655802882464
2024,19,BHR,Bahrain,62.1123233939907
2024,20,BHS,Bahamas,0.0
2024,21,BIH,Bosnia and Herzegovina,73.24238092561623
2024,22,BLR,Belarus,2045.0812896699726
2024,23,BLZ,Belize,5.71490285375419
2024,24,BOL,Bolivia,2728.6213953610404
2024,25,BRA,Brazil,37002.36085462709
2024,26,BRN,Brunei Darussalam,0.004555551166403753
2024,27,BTN,Bhutan,8.695447087892576
2024,28,BWA,Botswana,196.85206780038826
2024,29,CAF,Central African Republic,733.8346591841256
2024,30,CAN,Canada,6916.819233352952
2024,31,CHE,Switzerland,23.025614250585107
2024,32,CHL,Chile,29409.689806766564
2024,33,CHN,China,7033218.534144077
2024,34,CIV,Cote d'Ivoire,8422.980869759169
2024,35,CMR,Cameroon,3588.593787312087
2024,36,COD,DR Congo,7120.008988440417
2024,37,COG,Rep Congo,4.089023092089045
2024,38,COL,Colombia,1857.4160594068949
2024,39,CRI,Costa Rica,10805.153942490993
2024,40,CUB,Cuba,12859.46576582204
2024,41,CYP,Cyprus,6751.4124077961615
2024,42,CZE,Czech Republic,99.44161913645779
2024,43,DEU,Germany,945.3277389100729
2024,44,DJI,Djibouti,3.576354603735428
2024,45,DYE,DR Yemen (Aden),0.0
2024,46,DNK,Denmark,261.9208713592331
2024,47,DOM,Dominican Republic,36274.674388101594
2024,48,DZA,Algeria,426.07382150024984
2024,49,ECU,Ecuador,1408.9325995654144
2024,50,EGY,Egypt,4377425.255110856
2024,51,ERI,Eritrea,2538.506386604223
2024,52,ESP,Spain,962874.519606621
2024,53,EST,Estonia,2.3363668786308547
2024,54,ETH,Ethiopia,26151.389551880762
2024,55,FIN,Finland,41.58815828059329
2024,56,FRA,France,15303.973710972647
2024,57,GAB,Gabon,12.713595228834535
2024,58,GBR,United Kingdom,1591.3957845179132
2024,59,GEO,Georgia,11197.457441986742
2024,60,GHA,Ghana,14142.17785728492
2024,61,GIN,Guinea,5836.811035929702
2024,62,GMB,Gambia,124.70182518674709
2024,63,GNQ,Equatorial Guinea,0.0
2024,64,GRC,Greece,116434.49427492633
2024,65,GTM,Guatemala,441.55256569149174
2024,66,HND,Honduras,907.9832011111694
2024,67,HKG,Hong Kong,0.0
2024,68,HRV,Croatia,102.15716964763921
2024,69,HTI,Haiti,176.67831945865572
2024,70,HUN,Hungary,195.81296611024993
2024,71,IDN,Indonesia,409686.89451097517
2024,72,IND,India,8661545.044871092
2024,73,IRL,Ireland,315.4842963587325
2024,74,IRN,Iran,1868588.3410854642
2024,75,IRQ,Iraq,305021.08173233405
2024,76,ISL,Iceland,23.476909629711162
2024,77,ISR,Israel,45328.585059268684
2024,78,ITA,Italy,76816.83365718591
2024,79,JAM,Jamaica,232.02055648752744
2024,80,JOR,Jordan,17766.58998787259
2024,81,JPN,Japan,404.42584417708986
2024,82,KAZ,Kazakhstan,59702.36766619519
2024,83,KEN,Kenya,15228.209833019415
2024,84,KGZ,Kyrgyzstan,26154.71202085446
2024,85,KHM,Cambodia,1959.0436621103781
2024,86,KOR,South Korea,717.6604244374657
2024,87,KWT,Kuwait,1382.9878385171132
2024,88,LAO,Laos,1285.4900141360854
2024,89,LBN,Lebanon,64090.9335648856
2024,90,LBR,Liberia,31.361132805588973
2024,91,LBY,Libya,48573.96230117186
2024,92,LKA,Sri Lanka,29457.694126249145
2024,93,LTU,Lithuania,51.23840416036945
2024,94,LUX,Luxembourg,1.9054457221020784
2024,95,LVA,Latvia,6.182458011036299
2024,96,MAR,Morocco,346642.2986832764
2024,97,MDA,Moldova,894.4374786263993
2024,98,MDG,Madagascar,15138.131711636195
2024,99,MEX,Mexico,427259.23725831177
2024,100,MKD,Macedonia,27088.89636895001
2024,101,MLI,Mali,25442.80144843861
2024,102,MLT,Malta,13.053550926547246
2024,103,MMR,Myanmar,3431.578900185386
2024,104,MNG,Mongolia,1135.01175777664
2024,105,MOZ,Mozambique,2735.7956066383563
2024,106,MRT,Mauritania,41411.80195294222
2024,107,MWI,Malawi,790.8081486626936
2024,108,MYS,Malaysia,319.28864374261974
2024,109,NAM,Namibia,149.8644317083614
2024,110,NER,Niger,3732.0383159087132
2024,111,NGA,Nigeria,42331.01065996452
2024,112,NIC,Nicaragua,106.96631077856209
2024,113,NLD,Netherlands,942.592984522214
2024,114,NOR,Norway,24.897062712927006
2024,115,NPL,Nepal,12641.461614003832
2024,116,NZL,New Zealand,1087.3170636921595
2024,117,OMN,Oman,7312.6739512675085
2024,118,PAK,Pakistan,1613910.0840095333
2024,119,PSE,Palestine,291.837967402653
2024,120,PAN,Panama,277.7080654064756
2024,121,PER,Peru,24591.536303464887
2024,122,PHL,Philippines,8932.409118708354
2024,123,PNG,Papua New Guinea,4.454325770466844
2024,124,POL,Poland,2449.905147408893
2024,125,PRK,North Korea,1030.7985276957284
2024,126,PRT,Portugal,45338.00865262181
2024,127,PRY,Paraguay,54504.54895213587
2024,128,QAT,Qatar,1189.7114952216134
2024,129,ROU,Romania,4728.108246597591
2024,130,RUS,Russia,57108.021527317556
2024,131,RWA,Rwanda,25420.96967624037
2024,132,SAU,Saudi Arabia,55852.4447567177
2024,133,SDS,South Sudan,0.0
2024,134,SEN,Senegal,66456.6093147442
2024,135,SGP,Singapore,0.015149844662954649
2024,136,SLE,Sierra Leone,136.35631952332625
2024,137,SLV,El Salvador,50.3742632465839
2024,138,SOM,Somalia,9082.195437598722
2024,139,SRB,Serbia,3437.805613570641
2024,140,SDN,Sudan,245992.05025267563
2024,141,SVK,Slovakia,151.96263079296764
2024,142,SVN,Slovenia,14.490477149237092
2024,143,SWE,Sweden,195.73911085832177
2024,144,SYR,Syria,294836.76469501737
2024,145,TCD,Chad,1585.8729994599166
2024,146,TGO,Togo,515.9852973641579
2024,147,THA,Thailand,51532.60321806103
2024,148,TJK,Tajikistan,58708.60384375607
2024,149,TKM,Turkmenistan,96546.28874526791
2024,150,TUN,Tunisia,106320.55131784406
2024,151,TUR,Turkey,507504.89448583184
2024,152,TZA,Tanzania,13411.464779449543
2024,153,UGA,Uganda,145875.76833032208
2024,154,UKR,Ukraine,21923.242742470753
2024,155,URY,Uruguay,1409.5339449414496
2024,156,USA,United States,1928449.4243570599
2024,157,UZB,Uzbekistan,264131.68138937664
2024,158,VEN,Venezuela,11673.581336439716
2024,159,VNM,Viet Nam,32297.169191094847
2024,160,YEM,Yemen,104003.2996036968
2024,161,ZAF,South Africa,62601.56644069135
2024,162,ZMB,Zambia,492.15714568194926
2024,163,ZWE,Zimbabwe,2611.655222257051
