year,region_name,value_Mm3_H2Oeq
1995,Afghanistan,407703.4944994223
1995,Albania,5357.911298955394
1995,Algeria,217696.79507612422
1995,Angola,3659.4800931116365
1995,Argentina,49529.66748974411
1995,Armenia,12786.797941486146
1995,Australia,142260.50279173115
1995,Austria,39.8037295296392
1995,Azerbaijan,173458.72460023404
1995,Bahrain,8.126160100432486
1995,Bangladesh,94606.0483478939
1995,Belarus,360.38825901041736
1995,Belgium,306.76689395316333
1995,Benin,11.015789388443501
1995,Bhutan,107.04253967398337
1995,Bolivia,8010.205279665072
1995,Bosnia and Herzegovina,0.12656652937835752
1995,Botswana,82.20307694611083
1995,Brazil,28837.19628903124
1995,Brunei Darussalam,0.046441842044944066
1995,Bulgaria,20533.988395584263
1995,Burkina Faso,1625.0516720317032
1995,Burundi,81.78468630005713
1995,Cambodia,3102.9606482964896
1995,Cameroon,18.418406472667026
1995,Canada,129751.27110310779
1995,Central African Republic,0.2687330573445356
1995,Chad,154.03063568225042
1995,Chile,169414.8417160378
1995,China,3417543.3184547466
1995,Colombia,449.37443771634344
1995,Costa Rica,768.4514042914295
1995,Cote d'Ivoire,186.60245636508662
1995,Croatia,11.10379603910921
1995,Cuba,8118.0361066354735
1995,Cyprus,14752.900793915362
1995,Czech Republic,141.83888276531204
1995,DR Congo,201.09560220538134
1995,Denmark,1292.7173155259175
1995,Djibouti,465.3018098397607
1995,Dominican Republic,3143.4022893478227
1995,Ecuador,11891.80884158174
1995,Egypt,3777923.581623132
1995,El Salvador,261.67266008772935
1995,Eritrea,87.91590988601156
1995,Estonia,0.05976467299935824
1995,Ethiopia,5642.0504768587925
1995,Finland,265.22347979814356
1995,France,47854.65214598585
1995,Gabon,2.7820309015536435
1995,Gambia,0.8756540328809992
1995,Georgia,12790.075081989222
1995,Germany,879.7157357550223
1995,Ghana,147.8565703528588
1995,Greece,180952.77894862878
1995,Guatemala,349.42085590342907
1995,Guinea,1068.6566952092467
1995,Haiti,319.19902054111
1995,Honduras,263.26784416678584
1995,Hungary,9349.771889816451
1995,India,5920152.990851991
1995,Indonesia,302945.71844627085
1995,Iran,2480106.5566800158
1995,Iraq,500362.9426587189
1995,Israel,87868.22101128781
1995,Italy,128831.56719188746
1995,Jamaica,89.52829288326357
1995,Japan,3037.1836642845956
1995,Jordan,30099.59470189246
1995,Kazakhstan,480778.99273961334
1995,Kenya,4054.2040675537646
1995,Kuwait,2238.005990547225
1995,Kyrgyzstan,71334.44361108322
1995,Laos,2186.6589387900012
1995,Latvia,2.2106784677282683
1995,Lebanon,32765.96630102462
1995,Liberia,0.015043416440018113
1995,Libya,92505.96115296579
1995,Lithuania,1.8563172310310816
1995,Luxembourg,0.0009559391484963589
1995,Macedonia,202.71160051266654
1995,Madagascar,16684.430561940368
1995,Malawi,634.6894950981632
1995,Malaysia,262.6282114159499
1995,Mali,45306.896597500476
1995,Mauritania,6570.665801396658
1995,Mexico,702422.3455092865
1995,Moldova,2314.482560891263
1995,Mongolia,2919.901639797017
1995,Morocco,280362.91541654215
1995,Mozambique,524.9437262497308
1995,Myanmar,7580.71261109203
1995,Namibia,62.734223899643254
1995,Nepal,93270.8399270197
1995,Netherlands,220.65859862882866
1995,New Zealand,148.8250506211738
1995,Nicaragua,758.3007946330267
1995,Niger,1465.840292103423
1995,Nigeria,1112.7948382528766
1995,North Korea,8124.621526372246
1995,Norway,66.46249379386218
1995,Oman,22654.317257483483
1995,Pakistan,2092649.7406182897
1995,Panama,34.21802490407294
1995,Paraguay,70.6982718634889
1995,Peru,89714.22119325167
1995,Philippines,21796.23694936377
1995,Poland,922.1272036713895
1995,Portugal,97119.1349541703
1995,Qatar,1726.119230654743
1995,Rep Congo,23.916171299755717
1995,Rest of Africa,1520.5703532652758
1995,Rest of Americas,829.3818286716211
1995,Rest of Asia-Pacific,2964.351823604927
1995,Rest of Europe,6301.687830289228
1995,Romania,153114.52326250225
1995,Russia,104024.53111134388
1995,Rwanda,1.0600156418853866
1995,Saudi Arabia,532204.5358033308
1995,Senegal,29433.188542236665
1995,Serbia,89.21543869358513
1995,Sierra Leone,1.420724621930353
1995,Slovakia,76.3848728977371
1995,Slovenia,0.42180164837828044
1995,Somalia,18198.749918354188
1995,South Africa,61823.408182370804
1995,South Korea,5155.779069482188
1995,South Sudan,106.4927449977707
1995,Spain,615645.1181879359
1995,Sri Lanka,124631.36060625092
1995,Sudan,501687.88507165044
1995,Sweden,195.209900032197
1995,Switzerland,4.072994347548251
1995,Syria,217027.2562981889
1995,Tajikistan,176965.32599778744
1995,Tanzania,597.8705661615527
1995,Thailand,47288.52507353573
1995,Togo,27.941924748811008
1995,Tunisia,92966.13143253818
1995,Turkey,174060.961181011
1995,Turkmenistan,518991.30783281627
1995,Uganda,47.551314684633276
1995,Ukraine,59488.93930564853
1995,United Arab Emirates,19147.384496166647
1995,United Kingdom,856.7243086317434
1995,United States,2163169.163318381
1995,Uruguay,930.4295465807007
1995,Uzbekistan,766724.3126566265
1995,Venezuela,15730.597521924625
1995,Viet Nam,265588.8222532204
1995,Yemen,87538.0567615987
1995,Zambia,1342.189491374983
1995,Zimbabwe,7206.526535043724
1996,Afghanistan,414936.3415132445
1996,Albania,5724.421640238298
1996,Algeria,181069.22280985478
1996,Angola,3759.8916644053884
1996,Argentina,53487.769256969026
1996,Armenia,13907.255895433105
1996,Australia,159770.10617693502
1996,Austria,9.857007050537756
1996,Azerbaijan,175676.1007029521
1996,Bahrain,9.3326657745809
1996,Bangladesh,100906.36265385083
1996,Belarus,202.2089517725275
1996,Belgium,185.71670519673486
1996,Benin,18.662267626248315
1996,Bhutan,95.09633492187716
1996,Bolivia,6780.647686301573
1996,Bosnia and Herzegovina,0.31429695200073055
1996,Botswana,109.6961404601006
1996,Brazil,24198.687567672423
1996,Brunei Darussalam,0.2982443687232513
1996,Bulgaria,40376.513080080294
1996,Burkina Faso,1622.193567652212
1996,Burundi,99.94124045492948
1996,Cambodia,3136.4336230715944
1996,Cameroon,18.85908809607746
1996,Canada,125683.12243201167
1996,Central African Republic,0.1703605974080692
1996,Chad,191.73758628714285
1996,Chile,172202.1340513468
1996,China,3296124.3715221924
1996,Colombia,387.1758402950655
1996,Costa Rica,904.8922640298724
1996,Cote d'Ivoire,172.85493973862057
1996,Croatia,16.43430137370286
1996,Cuba,8440.933809814847
1996,Cyprus,15383.616233884914
1996,Czech Republic,24.57308570017879
1996,DR Congo,205.69352062202043
1996,Denmark,967.1663067435661
1996,Djibouti,470.59691025658907
1996,Dominican Republic,2484.1319883070983
1996,Ecuador,11663.055818493503
1996,Egypt,3768452.330652624
1996,El Salvador,318.8439771820731
1996,Eritrea,85.71667659872458
1996,Estonia,0.007335225037315532
1996,Ethiopia,5875.620731147115
1996,Finland,164.21940610028147
1996,France,34561.578572407554
1996,Gabon,2.68068950576284
1996,Gambia,0.9054465055206595
1996,Georgia,11719.453682240168
1996,Germany,413.9628170672327
1996,Ghana,252.7722266507237
1996,Greece,211369.21655090948
1996,Guatemala,463.14362283277086
1996,Guinea,1107.2393300850713
1996,Haiti,275.97418540977
1996,Honduras,201.0633157439279
1996,Hungary,6761.137353932869
1996,India,5593352.044732735
1996,Indonesia,302370.3981997439
1996,Iran,2630617.863471328
1996,Iraq,488372.0179237017
1996,Ireland,0.37658839085908485
1996,Israel,83526.39751122147
1996,Italy,143425.07779468008
1996,Jamaica,69.15601509812811
1996,Japan,3793.459660705613
1996,Jordan,23360.09828151131
1996,Kazakhstan,506981.4288924734
1996,Kenya,5080.869877030974
1996,Kuwait,1565.242258421084
1996,Kyrgyzstan,63648.75554652245
1996,Laos,1978.1242628019702
1996,Latvia,1.8751517079914186
1996,Lebanon,36072.278445679214
1996,Liberia,0.0037345818638033976
1996,Libya,95885.82334521652
1996,Lithuania,1.5978239355326906
1996,Luxembourg,0.0011448919105810087
1996,Macedonia,311.3306430467043
1996,Madagascar,15436.601273224436
1996,Malawi,425.92072068689123
1996,Malaysia,272.45112480647214
1996,Mali,51245.36658747483
1996,Mauritania,8651.298920600027
1996,Mexico,660378.7460538384
1996,Moldova,1607.3335988983192
1996,Mongolia,3595.5170994711484
1996,Morocco,242459.12039183523
1996,Mozambique,423.3216413867103
1996,Myanmar,6390.070455948056
1996,Namibia,81.32127673628914
1996,Nepal,66957.7472928059
1996,Netherlands,130.89638750225618
1996,New Zealand,73.02394880712319
1996,Nicaragua,882.0441413588153
1996,Niger,2068.4049466898286
1996,Nigeria,1277.7524478442701
1996,North Korea,10746.354165357261
1996,Norway,94.69612546904574
1996,Oman,23122.9179660407
1996,Pakistan,2422176.5187524925
1996,Panama,27.819384645475832
1996,Paraguay,82.14778148050719
1996,Peru,97869.11320367262
1996,Philippines,21094.461087033505
1996,Poland,339.8569540266158
1996,Portugal,96304.21871094816
1996,Qatar,1549.8574995279562
1996,Rep Congo,31.755408583755134
1996,Rest of Africa,1405.1099771702332
1996,Rest of Americas,568.3042695334431
1996,Rest of Asia-Pacific,3800.7114208920602
1996,Rest of Europe,6737.709235227362
1996,Romania,198567.52176641417
1996,Russia,107475.76095051797
1996,Rwanda,3.5378510830874244
1996,Saudi Arabia,516147.019656573
1996,Senegal,32998.86057420458
1996,Serbia,156.05539327298024
1996,Sierra Leone,3.939028834130975
1996,Slovakia,26.354550944527947
1996,Slovenia,0.3216910005649727
1996,Somalia,17886.47239273784
1996,South Africa,52008.36618899785
1996,South Korea,4664.593719303039
1996,South Sudan,137.3984489820196
1996,Spain,533253.2190733369
1996,Sri Lanka,96187.34191395881
1996,Sudan,533629.2455712067
1996,Sweden,95.15005936346688
1996,Switzerland,0.7316181760716309
1996,Syria,235835.65712675866
1996,Tajikistan,147904.21458455684
1996,Tanzania,803.0710659789297
1996,Thailand,44296.888907588815
1996,Togo,29.276306229353633
1996,Tunisia,69681.78725625656
1996,Turkey,218789.6181685046
1996,Turkmenistan,534996.5766681605
1996,Uganda,42.574852208803335
1996,Ukraine,75010.10192940068
1996,United Arab Emirates,20657.398866833828
1996,United Kingdom,793.5603896288239
1996,United States,2315437.5502815926
1996,Uruguay,1141.8759436082562
1996,Uzbekistan,809322.1175291565
1996,Venezuela,14532.127491527524
1996,Viet Nam,249806.0163446724
1996,Yemen,91634.09567153524
1996,Zambia,1489.9486951891379
1996,Zimbabwe,7173.3420437875775
1997,Afghanistan,393105.05829349597
1997,Albania,6958.632551860811
1997,Algeria,202184.53989607
1997,Angola,3894.7351568109502
1997,Argentina,43906.96500944688
1997,Armenia,11173.494650343762
1997,Australia,205418.14889776157
1997,Austria,16.062946235083245
1997,Azerbaijan,137279.80352078733
1997,Bahrain,9.420836642486979
1997,Bangladesh,88140.25758508738
1997,Belarus,33.98015266118138
1997,Belgium,115.18634293070642
1997,Benin,18.409667998649784
1997,Bhutan,120.7286893021106
1997,Bolivia,6591.399279135702
1997,Bosnia and Herzegovina,0.2588840953418951
1997,Botswana,95.15470910357745
1997,Brazil,23292.839413953458
1997,Brunei Darussalam,0.015443198399110812
1997,Bulgaria,19483.324364549448
1997,Burkina Faso,1815.597257756913
1997,Burundi,125.10329745714719
1997,Cambodia,2764.6267603015062
1997,Cameroon,20.003251874652555
1997,Canada,142423.99797180883
1997,Central African Republic,0.4230084714021353
1997,Chad,251.79429575687726
1997,Chile,164095.43425182966
1997,China,3839728.210456684
1997,Colombia,559.4601989126003
1997,Costa Rica,879.574025863765
1997,Cote d'Ivoire,226.35216400974392
1997,Croatia,10.884664683084496
1997,Cuba,10277.462509147332
1997,Cyprus,15031.336572607635
1997,Czech Republic,48.461403416047204
1997,DR Congo,234.43996978235327
1997,Denmark,812.3969864972029
1997,Djibouti,520.8232845809422
1997,Dominican Republic,4032.975465890015
1997,Ecuador,3805.1209068769294
1997,Egypt,3798483.7739581494
1997,El Salvador,380.88555871829413
1997,Eritrea,97.37761237996632
1997,Estonia,0.0015852507025991586
1997,Ethiopia,6997.692782613306
1997,Finland,202.2596499510374
1997,France,19194.667143600134
1997,Gabon,2.648904425416816
1997,Gambia,0.6588778727547996
1997,Georgia,5761.610561791085
1997,Germany,479.09740257658757
1997,Ghana,289.437088870535
1997,Greece,207178.78101645652
1997,Guatemala,377.25396303000207
1997,Guinea,1171.5567560736463
1997,Haiti,537.015099456734
1997,Honduras,255.9794177462072
1997,Hungary,3264.353442708441
1997,India,6341769.016795629
1997,Indonesia,395200.59845231206
1997,Iran,2765616.4490236086
1997,Iraq,569349.0068712702
1997,Ireland,0.12158326890754984
1997,Israel,85779.77539065333
1997,Italy,166086.05243131644
1997,Jamaica,139.75045691601625
1997,Japan,3018.805069084525
1997,Jordan,26028.358128351916
1997,Kazakhstan,324486.1419059156
1997,Kenya,5188.347788977144
1997,Kuwait,2223.2657110525975
1997,Kyrgyzstan,81016.01822494551
1997,Laos,2250.5185335048927
1997,Latvia,2.290264957791625
1997,Lebanon,35645.44665681543
1997,Liberia,0.012573496114563768
1997,Libya,103547.69194421108
1997,Lithuania,1.7703256521898785
1997,Luxembourg,0.00031439339303545417
1997,Macedonia,302.9603845446365
1997,Madagascar,16679.421303580275
1997,Malawi,448.6465356668444
1997,Malaysia,305.23774648557804
1997,Mali,54626.62914253664
1997,Mauritania,10534.976886942695
1997,Mexico,556912.7973635048
1997,Moldova,395.8084149625598
1997,Mongolia,3336.2378633070693
1997,Morocco,256119.15770636318
1997,Mozambique,368.85460232472417
1997,Myanmar,7709.954384782601
1997,Namibia,90.55415656991244
1997,Nepal,84032.34782469287
1997,Netherlands,76.6154930435003
1997,New Zealand,49.32707044158752
1997,Nicaragua,939.9722248909952
1997,Niger,2422.4467623380447
1997,Nigeria,1296.0486769433237
1997,North Korea,5967.884551656314
1997,Norway,117.31770123315972
1997,Oman,23612.563850416875
1997,Pakistan,1898865.4355818524
1997,Panama,37.29852333184794
1997,Paraguay,55.90102980286636
1997,Peru,99712.21434787585
1997,Philippines,20230.305353310898
1997,Poland,363.0977202949114
1997,Portugal,57569.71945168686
1997,Qatar,2137.6955290837286
1997,Rep Congo,29.62242209171437
1997,Rest of Africa,1566.8318519177922
1997,Rest of Americas,824.8821364456929
1997,Rest of Asia-Pacific,3477.4241043983475
1997,Rest of Europe,6664.04599618376
1997,Romania,65583.6512907188
1997,Russia,55136.75200573348
1997,Rwanda,5.300869197709063
1997,Saudi Arabia,546014.5920975561
1997,Senegal,34721.99759420879
1997,Serbia,62.047438851589504
1997,Sierra Leone,5.230931363806136
1997,Slovakia,43.77927339739622
1997,Slovenia,0.06563961863831597
1997,Somalia,17944.548263959587
1997,South Africa,58325.28228276428
1997,South Korea,4989.72483660865
1997,South Sudan,138.99088467942002
1997,Spain,514643.02945812803
1997,Sri Lanka,92801.61474566229
1997,Sudan,631546.4908855408
1997,Sweden,125.5728512347362
1997,Switzerland,0.31679877960311875
1997,Syria,284010.96794910304
1997,Tajikistan,145777.02766143216
1997,Tanzania,833.9843929533287
1997,Thailand,50833.63539138142
1997,Togo,21.165852102726326
1997,Tunisia,92054.23241940474
1997,Turkey,182474.29750626773
1997,Turkmenistan,455782.9186899148
1997,Uganda,81.9685322423509
1997,Ukraine,20772.04077218612
1997,United Arab Emirates,24323.777704555432
1997,United Kingdom,314.2876565470184
1997,United States,1943218.447746721
1997,Uruguay,938.8706092408029
1997,Uzbekistan,763489.9591864345
1997,Venezuela,13455.918208976418
1997,Viet Nam,227480.10452514133
1997,Yemen,107790.20961582697
1997,Zambia,1396.2313571647564
1997,Zimbabwe,7167.09336834314
1998,Afghanistan,397048.03817804577
1998,Albania,5930.937108621514
1998,Algeria,194782.27244307785
1998,Angola,4053.2321617410216
1998,Argentina,34937.421107326365
1998,Armenia,13096.743527232898
1998,Australia,195667.1490075348
1998,Austria,36.12309988933288
1998,Azerbaijan,152523.13774520747
1998,Bahrain,11.030263390546764
1998,Bangladesh,73239.60967004487
1998,Belarus,37.04810852266268
1998,Belgium,104.1648462899831
1998,Benin,29.120803797210527
1998,Bhutan,119.29702342123392
1998,Bolivia,7694.351076974256
1998,Bosnia and Herzegovina,0.3438395161656875
1998,Botswana,81.06367232379893
1998,Brazil,24391.43309539881
1998,Brunei Darussalam,0.16687415494348853
1998,Bulgaria,27842.758183953174
1998,Burkina Faso,1649.7241301548079
1998,Burundi,84.76849595930096
1998,Cambodia,3306.592002319121
1998,Cameroon,27.02716401789589
1998,Canada,140806.6631907296
1998,Central African Republic,0.1183055695136834
1998,Chad,319.0825333224992
1998,Chile,157487.53454434828
1998,China,2898423.550080161
1998,Colombia,471.9060540676538
1998,Costa Rica,949.4012354154204
1998,Cote d'Ivoire,221.13546735959997
1998,Croatia,13.336226114602395
1998,Cuba,9115.38944897855
1998,Cyprus,14532.60903129749
1998,Czech Republic,87.06754625072384
1998,DR Congo,192.5976420941388
1998,Denmark,70.23444570805125
1998,Djibouti,524.0297719285758
1998,Dominican Republic,3749.870883663477
1998,Ecuador,5255.636033824044
1998,Egypt,3802241.478191175
1998,El Salvador,376.70607409122715
1998,Eritrea,105.63844182673058
1998,Ethiopia,4859.567668174605
1998,Finland,33.564366561340776
1998,France,43194.43984341502
1998,Gabon,2.431751500413002
1998,Gambia,0.7708220580360958
1998,Georgia,14450.567605631888
1998,Germany,304.60876540958475
1998,Ghana,404.60091620345474
1998,Greece,228864.21430089706
1998,Guatemala,497.8636427271755
1998,Guinea,1369.538404651114
1998,Haiti,246.24968694468203
1998,Honduras,277.39100142850435
1998,Hungary,3607.937896426071
1998,India,5338295.601669907
1998,Indonesia,131397.52640493837
1998,Iran,2809044.5434951787
1998,Iraq,568770.4909086988
1998,Ireland,0.013909087324153415
1998,Israel,89029.67805804969
1998,Italy,166620.98904228417
1998,Jamaica,89.02099363324824
1998,Japan,2272.981833580134
1998,Jordan,28720.0886188916
1998,Kazakhstan,231700.49857765323
1998,Kenya,3484.1385282529145
1998,Kuwait,2192.8517466832373
1998,Kyrgyzstan,45649.47887246941
1998,Laos,2928.5174754376167
1998,Latvia,0.17300270073797908
1998,Lebanon,37069.041340556505
1998,Liberia,0.007710351637593099
1998,Libya,102687.1913696364
1998,Lithuania,0.11214181327527811
1998,Luxembourg,0.0003893488927379842
1998,Macedonia,218.8189947915046
1998,Madagascar,17188.860753112098
1998,Malawi,589.3060818987882
1998,Malaysia,327.8389422361904
1998,Mali,59222.18907220056
1998,Mauritania,11678.965479396194
1998,Mexico,668044.2475670951
1998,Moldova,605.6727439531617
1998,Mongolia,3377.250871615485
1998,Morocco,317118.6686241597
1998,Mozambique,411.34583398584795
1998,Myanmar,9698.840843534666
1998,Namibia,108.71205736949184
1998,Nepal,71429.44835421814
1998,Netherlands,60.97675900758675
1998,New Zealand,392.9762896736175
1998,Nicaragua,984.2967472323807
1998,Niger,2982.5877048687134
1998,Nigeria,1629.767048787365
1998,North Korea,6668.384313782
1998,Norway,12.589013174162195
1998,Oman,28764.200506269044
1998,Pakistan,2020415.6129575062
1998,Panama,46.3037332542265
1998,Paraguay,43.74824870265618
1998,Peru,76096.57963228822
1998,Philippines,19086.36449469306
1998,Poland,261.50426783167677
1998,Portugal,85470.19516120451
1998,Qatar,2452.1212511277367
1998,Rep Congo,23.75202883382572
1998,Rest of Africa,1737.1427640707614
1998,Rest of Americas,879.0245228585616
1998,Rest of Asia-Pacific,2392.1248752660786
1998,Rest of Europe,6280.075067358188
1998,Romania,146727.548605073
1998,Russia,88257.37754761254
1998,Rwanda,4.240548670799882
1998,Saudi Arabia,474057.08417711436
1998,Senegal,27641.503227046225
1998,Serbia,79.34056339252678
1998,Sierra Leone,5.290780558916785
1998,Slovakia,65.9322736343326
1998,Slovenia,0.28961097595446894
1998,Somalia,13212.873191391489
1998,South Africa,62106.82804252094
1998,South Korea,3969.205332391984
1998,South Sudan,141.82526388798408
1998,Spain,675123.2310625826
1998,Sri Lanka,101151.67738533311
1998,Sudan,544160.1823428096
1998,Sweden,11.686589614320155
1998,Switzerland,3.4503549412297763
1998,Syria,312216.1234978629
1998,Tajikistan,127089.66046256789
1998,Tanzania,813.8799614437831
1998,Thailand,55444.78524774361
1998,Togo,24.198041786009135
1998,Tunisia,90963.3059912129
1998,Turkey,164795.0745771347
1998,Turkmenistan,459372.6333362788
1998,Uganda,53.04103992282159
1998,Ukraine,38766.72658104405
1998,United Arab Emirates,38875.40959329838
1998,United Kingdom,354.6874367474607
1998,United States,2021410.8596576739
1998,Uruguay,731.594578751783
1998,Uzbekistan,633180.9028705839
1998,Venezuela,16029.14414048845
1998,Viet Nam,341471.90560267074
1998,Yemen,103712.12620152386
1998,Zambia,1682.8515462167356
1998,Zimbabwe,9300.587117024312
1999,Afghanistan,391107.544285332
1999,Albania,4624.416052517169
1999,Algeria,218624.93680918668
1999,Angola,3719.496150440808
1999,Argentina,48209.84673505504
1999,Armenia,14657.592478948842
1999,Australia,194312.55914549454
1999,Austria,14.390141126858135
1999,Azerbaijan,144307.52949508923
1999,Bahrain,11.896600911328957
1999,Bangladesh,143835.34280971598
1999,Belarus,302.5180907101338
1999,Belgium,162.79819254348234
1999,Benin,20.04149676158078
1999,Bhutan,134.29808355190093
1999,Bolivia,7072.227915280433
1999,Bosnia and Herzegovina,0.1639536828472647
1999,Botswana,103.8103435596823
1999,Brazil,25182.589483210515
1999,Brunei Darussalam,0.39444130124449367
1999,Bulgaria,18296.41736777628
1999,Burkina Faso,1405.6302201247443
1999,Burundi,130.6901678470602
1999,Cambodia,2575.0445904884627
1999,Cameroon,32.18224890928495
1999,Canada,76905.83750364758
1999,Central African Republic,0.3586572039042936
1999,Chad,386.19249723337424
1999,Chile,182948.45929107588
1999,China,3532840.253905041
1999,Colombia,387.7022203362772
1999,Costa Rica,933.529494310077
1999,Cote d'Ivoire,174.7749832787394
1999,Croatia,9.55684582535154
1999,Cuba,8222.460851455091
1999,Cyprus,13924.90429504109
1999,Czech Republic,69.22301978282377
1999,DR Congo,191.7108493971654
1999,Denmark,359.4943475464815
1999,Djibouti,529.4200800284384
1999,Dominican Republic,3011.9658606343387
1999,Ecuador,6341.3686694350545
1999,Egypt,4019861.2537614964
1999,El Salvador,396.64154579386326
1999,Eritrea,95.10135069629727
1999,Ethiopia,6510.546769413477
1999,Finland,240.79191638309402
1999,France,37722.52313994857
1999,Gabon,1.4197043625600285
1999,Gambia,0.6652339911333625
1999,Georgia,17094.697159977502
1999,Germany,684.8588423829308
1999,Ghana,168.84935979963876
1999,Greece,221200.75918781225
1999,Guatemala,376.0743173592686
1999,Guinea,1373.642120757223
1999,Haiti,278.2687374958926
1999,Honduras,276.5505860329405
1999,Hungary,3465.1072254361425
1999,India,6776661.6713522775
1999,Indonesia,357000.50465509685
1999,Iran,2857200.01708856
1999,Iraq,601150.0630233448
1999,Ireland,0.9329721252824272
1999,Israel,87476.37446872459
1999,Italy,161120.48069788626
1999,Jamaica,73.51722808549252
1999,Japan,2974.846146174158
1999,Jordan,30017.099778544718
1999,Kazakhstan,228083.2864173433
1999,Kenya,6499.808377116512
1999,Kuwait,2397.7924754255337
1999,Kyrgyzstan,42344.55926848023
1999,Laos,3409.2125597157033
1999,Latvia,1.0721170770365487
1999,Lebanon,43883.34879272711
1999,Liberia,0.020158954720284273
1999,Libya,123563.16763175523
1999,Lithuania,3.040732203803685
1999,Luxembourg,0.00044020612066818644
1999,Macedonia,180.02538107419068
1999,Madagascar,16903.189809284355
1999,Malawi,467.32488807490205
1999,Malaysia,194.10067068100676
1999,Mali,61366.86301913599
1999,Mauritania,9364.358319281362
1999,Mexico,594156.7801399291
1999,Moldova,1750.1941224760526
1999,Mongolia,3281.1751282375712
1999,Morocco,337091.5474248725
1999,Mozambique,322.90760683945433
1999,Myanmar,9869.555812370232
1999,Namibia,141.09342543979352
1999,Nepal,88799.05537897821
1999,Netherlands,128.92798592502976
1999,New Zealand,459.3039649757376
1999,Nicaragua,907.6950273045876
1999,Niger,2687.1958229421894
1999,Nigeria,1842.8686923471412
1999,North Korea,7553.528922290947
1999,Norway,41.26688351522616
1999,Oman,33409.12059984018
1999,Pakistan,2447757.7707306836
1999,Panama,26.08031386465484
1999,Paraguay,119.42148952730051
1999,Peru,94712.91327764747
1999,Philippines,17740.52755129459
1999,Poland,543.6941540484777
1999,Portugal,108510.4633624761
1999,Qatar,2265.929030341463
1999,Rep Congo,27.80846767652622
1999,Rest of Africa,1990.6527342188983
1999,Rest of Americas,403.2871442501184
1999,Rest of Asia-Pacific,3519.8719153021852
1999,Rest of Europe,6035.631243819431
1999,Romania,101172.98282715413
1999,Russia,80050.06527490575
1999,Rwanda,12.624398296920045
1999,Saudi Arabia,488863.6563256925
1999,Senegal,45575.34836127791
1999,Serbia,13.962967222120906
1999,Sierra Leone,5.786600177387099
1999,Slovakia,20.011193027207213
1999,Slovenia,0.2781459946270586
1999,Somalia,18227.330446590415
1999,South Africa,67077.9704766172
1999,South Korea,3178.6196689979365
1999,South Sudan,36.96433809795293
1999,Spain,844716.343467129
1999,Sri Lanka,142783.85020838908
1999,Sudan,455842.767861519
1999,Sweden,96.42974013403021
1999,Switzerland,0.258245334336503
1999,Syria,346247.3723910339
1999,Tajikistan,145870.9274511123
1999,Tanzania,747.258940131681
1999,Thailand,43912.76766563025
1999,Togo,19.2483929363354
1999,Tunisia,102161.31298780716
1999,Turkey,181829.8284238676
1999,Turkmenistan,462089.6367434384
1999,Uganda,72.06817230877984
1999,Ukraine,49562.442178337194
1999,United Arab Emirates,101601.30669953588
1999,United Kingdom,416.09782865454974
1999,United States,2354835.214499049
1999,Uruguay,1218.8581789630484
1999,Uzbekistan,736338.5695543356
1999,Venezuela,11513.423238460293
1999,Viet Nam,239865.29636386878
1999,Yemen,103878.22144767917
1999,Zambia,1510.557904732293
1999,Zimbabwe,6761.790778444103
2000,Afghanistan,408087.91971182975
2000,Albania,7316.640341738588
2000,Algeria,219903.1936921545
2000,Angola,4087.2172265365252
2000,Argentina,37004.185584524006
2000,Armenia,21492.298357932432
2000,Australia,167065.56819627245
2000,Austria,61.4997278434732
2000,Azerbaijan,183975.4725463821
2000,Bahrain,11.914658911731589
2000,Bangladesh,117851.65051812302
2000,Belarus,138.10526482982948
2000,Belgium,34.719039982513706
2000,Benin,34.02397498016994
2000,Bhutan,134.6155442201439
2000,Bolivia,7433.606685431546
2000,Bosnia and Herzegovina,0.656970773119876
2000,Botswana,80.63415448134182
2000,Brazil,20367.462068590332
2000,Brunei Darussalam,0.4422437983719515
2000,Bulgaria,38867.265557589
2000,Burkina Faso,1938.288951774439
2000,Burundi,165.91825554793004
2000,Cambodia,2725.1619486039835
2000,Cameroon,35.104144794152795
2000,Canada,141594.5289896621
2000,Central African Republic,0.6282582109469771
2000,Chad,451.07387602183564
2000,Chile,169993.34542676952
2000,China,4301990.764012839
2000,Colombia,455.5172749609431
2000,Costa Rica,1057.098028286827
2000,Cote d'Ivoire,271.8286973550249
2000,Croatia,18.5242698786743
2000,Cuba,10714.546538091668
2000,Cyprus,14377.926860132902
2000,Czech Republic,83.92813655759905
2000,DR Congo,216.6423257785475
2000,Denmark,375.29915346812965
2000,Djibouti,548.5898134913477
2000,Dominican Republic,3354.287333644909
2000,Ecuador,8985.548469209733
2000,Egypt,4038317.124507377
2000,El Salvador,352.3974101988955
2000,Eritrea,91.3633201390836
2000,Ethiopia,7768.158867372666
2000,Finland,63.670327807010246
2000,France,27304.66059154596
2000,Gabon,2.5812693044878072
2000,Gambia,0.7038406285155036
2000,Georgia,21939.860398195277
2000,Germany,341.96698493407257
2000,Ghana,220.90994759201297
2000,Greece,300361.29156114464
2000,Guatemala,582.3961531361142
2000,Guinea,1287.4088570560393
2000,Haiti,276.2192676210484
2000,Honduras,291.390055847613
2000,Hungary,8215.167195555134
2000,India,7304824.976104538
2000,Indonesia,341910.9044956719
2000,Iran,3120877.890269832
2000,Iraq,647790.1816487876
2000,Ireland,0.9226552404140259
2000,Israel,93309.94775379205
2000,Italy,197198.77774282254
2000,Jamaica,129.8535143481936
2000,Japan,3646.783789849978
2000,Jordan,29935.839962127237
2000,Kazakhstan,255084.84566358005
2000,Kenya,6469.494581785675
2000,Kuwait,2490.0533594104286
2000,Kyrgyzstan,58338.74474020494
2000,Laos,3016.281635847238
2000,Latvia,0.055589478398434276
2000,Lebanon,47600.86977333139
2000,Liberia,0.00372578415183803
2000,Libya,113446.31983691879
2000,Lithuania,1.4361271707466656
2000,Luxembourg,0.00027458757110145065
2000,Macedonia,301.34114923464205
2000,Madagascar,16972.56895360852
2000,Malawi,685.7555229760859
2000,Malaysia,181.5506492739127
2000,Mali,71434.00964424905
2000,Mauritania,8333.195330427734
2000,Mexico,626851.524142469
2000,Moldova,1950.600056610721
2000,Mongolia,2842.3788715061446
2000,Morocco,339885.148468838
2000,Mozambique,298.745796963484
2000,Myanmar,9728.464009570198
2000,Namibia,171.0139714542607
2000,Nepal,83515.61648160723
2000,Netherlands,48.79984431151104
2000,New Zealand,80.90564013460782
2000,Nicaragua,962.0632646301871
2000,Niger,2910.091586523086
2000,Nigeria,2054.8376116308414
2000,North Korea,6590.889852151796
2000,Norway,12.627115823762697
2000,Oman,33237.126810305956
2000,Pakistan,2439371.7092393753
2000,Panama,29.517539640211403
2000,Paraguay,114.54384936734947
2000,Peru,104753.95361652308
2000,Philippines,13694.739940223048
2000,Poland,273.6336186809924
2000,Portugal,96642.39005573226
2000,Qatar,2769.3506032503296
2000,Rep Congo,28.165023399593707
2000,Rest of Africa,1858.7693679218619
2000,Rest of Americas,328.3211556069758
2000,Rest of Asia-Pacific,2852.660637719054
2000,Rest of Europe,6315.986298200548
2000,Romania,234194.4686989628
2000,Russia,74195.00409409756
2000,Rwanda,10.048206956970155
2000,Saudi Arabia,442003.5643308431
2000,Senegal,36677.73587532732
2000,Serbia,145.6022515763869
2000,Sierra Leone,4.8545391271018925
2000,Slovakia,104.07201630978369
2000,Slovenia,1.6536528301427549
2000,Somalia,17007.165177635066
2000,South Africa,52429.32261520287
2000,South Korea,3653.909768315956
2000,South Sudan,21.353178202116396
2000,Spain,901566.2638642666
2000,Sri Lanka,134264.83798742614
2000,Sudan,444569.4945142016
2000,Sweden,27.190952649630635
2000,Switzerland,0.7051235897390805
2000,Syria,446735.98601035686
2000,Tajikistan,173422.52358741517
2000,Tanzania,906.3093746157713
2000,Thailand,43027.717192850214
2000,Togo,24.664074995387978
2000,Tunisia,98507.60166006813
2000,Turkey,223971.94478089426
2000,Turkmenistan,549664.1465681181
2000,Uganda,76.008305904522
2000,Ukraine,41217.46878252151
2000,United Arab Emirates,120013.12351395642
2000,United Kingdom,336.70107772360313
2000,United States,2773251.4314723145
2000,Uruguay,1399.7586100166768
2000,Uzbekistan,795118.3941160232
2000,Venezuela,10762.112330718162
2000,Viet Nam,248359.03481749055
2000,Yemen,105132.03592863408
2000,Zambia,1719.9234720450436
2000,Zimbabwe,6400.151604486839
2001,Afghanistan,398419.04427802615
2001,Albania,5753.3938354574475
2001,Algeria,220146.0766169653
2001,Angola,3664.9806949320073
2001,Argentina,43825.17813258317
2001,Armenia,16618.577139512938
2001,Australia,224942.17047878486
2001,Austria,53.711176392517565
2001,Azerbaijan,175349.14527184967
2001,Bahrain,12.03130740672668
2001,Bangladesh,134733.58614638774
2001,Belarus,86.63224623887929
2001,Belgium,111.34680001210664
2001,Benin,40.45796977806817
2001,Bhutan,109.2929917362289
2001,Bolivia,6233.506177450789
2001,Bosnia and Herzegovina,0.2964113122760299
2001,Botswana,115.36465332769009
2001,Brazil,21455.131589985573
2001,Brunei Darussalam,0.7264184872881335
2001,Bulgaria,21165.224009106627
2001,Burkina Faso,2145.83765537125
2001,Burundi,89.32816051254302
2001,Cambodia,3003.2597481877806
2001,Cameroon,35.599399466489395
2001,Canada,202099.91622606927
2001,Central African Republic,0.43754418233596265
2001,Chad,528.6772172748367
2001,Chile,179436.93669117725
2001,China,4260996.903685337
2001,Colombia,673.868280711689
2001,Costa Rica,1016.4947757670585
2001,Cote d'Ivoire,315.35440887952956
2001,Croatia,20.42993950919064
2001,Cuba,7010.426713672457
2001,Cyprus,13632.44741354251
2001,Czech Republic,40.486904828645905
2001,DR Congo,213.73205201746075
2001,Denmark,284.7846404892657
2001,Djibouti,577.4660789017655
2001,Dominican Republic,4022.4763415348507
2001,Ecuador,11153.59804181827
2001,Egypt,3946552.005483171
2001,El Salvador,356.0769137242555
2001,Eritrea,104.80494006851859
2001,Ethiopia,6678.52379278035
2001,Finland,127.05232794919735
2001,France,25608.672501233763
2001,Gabon,2.304762832324621
2001,Gambia,0.6928018393735829
2001,Georgia,13586.395788301425
2001,Germany,327.7338669927615
2001,Ghana,345.43131403832984
2001,Greece,271545.6783120114
2001,Guatemala,578.0113465263927
2001,Guinea,1359.861862448404
2001,Haiti,375.31618088198326
2001,Honduras,337.38236357918237
2001,Hungary,3124.774619519579
2001,India,7540415.177887843
2001,Indonesia,315876.5747194531
2001,Iran,3132226.7054550615
2001,Iraq,619370.2342587566
2001,Ireland,0.5110270438712389
2001,Israel,89560.44622321382
2001,Italy,202266.26229015726
2001,Jamaica,106.4950310796246
2001,Japan,3297.8275597781067
2001,Jordan,28121.586097856085
2001,Kazakhstan,266672.68651662575
2001,Kenya,5950.913165986186
2001,Kuwait,2898.810115892153
2001,Kyrgyzstan,59721.676332025774
2001,Laos,3816.4666878162593
2001,Latvia,0.016875243774322563
2001,Lebanon,43052.93685881351
2001,Liberia,0.005763062979912184
2001,Libya,104165.8566152045
2001,Lithuania,0.22923405301212557
2001,Luxembourg,0.0035490062884817905
2001,Macedonia,230.4242497153035
2001,Madagascar,16837.364629101525
2001,Malawi,549.2468848040156
2001,Malaysia,195.63400171010423
2001,Mali,92737.51805747347
2001,Mauritania,5686.3310351509435
2001,Mexico,613165.1172937196
2001,Moldova,1263.7110280383265
2001,Mongolia,4080.2767710045605
2001,Morocco,363326.9704966497
2001,Mozambique,518.1988703580178
2001,Myanmar,11634.432421746202
2001,Namibia,233.8592398461456
2001,Nepal,89446.67826538156
2001,Netherlands,182.66553566882334
2001,New Zealand,160.43511586622637
2001,Nicaragua,887.0460567346523
2001,Niger,2392.0053489157
2001,Nigeria,2017.8266680324998
2001,North Korea,12939.936033206552
2001,Norway,18.852073786274417
2001,Oman,31595.744074425766
2001,Pakistan,2372592.8199453447
2001,Panama,42.57138845707811
2001,Paraguay,73.92120242751909
2001,Peru,95457.04015057531
2001,Philippines,15990.727135995558
2001,Poland,268.8351353878646
2001,Portugal,95891.56012863293
2001,Qatar,2703.8676220864836
2001,Rep Congo,30.775504578227284
2001,Rest of Africa,2072.6044530126414
2001,Rest of Americas,766.9646189923419
2001,Rest of Asia-Pacific,3799.420730932246
2001,Rest of Europe,6004.418918536819
2001,Romania,176966.25921406367
2001,Russia,87029.81396696974
2001,Rwanda,6.081292413055274
2001,Saudi Arabia,488423.8655864576
2001,Senegal,36866.91292664461
2001,Serbia,68.48963310144543
2001,Sierra Leone,5.093459218702577
2001,Slovakia,65.65459514586453
2001,Slovenia,1.3838735699684648
2001,Somalia,21281.939470178262
2001,South Africa,55741.606405195256
2001,South Korea,6061.521088211262
2001,South Sudan,40.94384885885229
2001,Spain,924146.9865329324
2001,Sri Lanka,107921.85216728746
2001,Sudan,472785.9344345364
2001,Sweden,90.57155810887662
2001,Switzerland,0.6881035160691749
2001,Syria,394491.24236601795
2001,Tajikistan,186100.92182647574
2001,Tanzania,758.1149586599504
2001,Thailand,45833.96823762638
2001,Togo,25.103025706697796
2001,Tunisia,104438.71822245924
2001,Turkey,224310.31208930042
2001,Turkmenistan,533459.4347688463
2001,Uganda,52.55805735024043
2001,Ukraine,44375.03388985564
2001,United Arab Emirates,133522.29443502642
2001,United Kingdom,351.7725759841444
2001,United States,2832490.0219357368
2001,Uruguay,732.8386987033268
2001,Uzbekistan,801381.6464917068
2001,Venezuela,18963.107637545512
2001,Viet Nam,234787.8891396446
2001,Yemen,113167.4299427704
2001,Zambia,1733.4536624206332
2001,Zimbabwe,7040.900541191631
2002,Afghanistan,361448.8604070296
2002,Albania,4665.09033554454
2002,Algeria,227611.5525843561
2002,Angola,4108.567031740109
2002,Argentina,42056.46497299759
2002,Armenia,9447.173730731303
2002,Australia,212267.46121652235
2002,Austria,36.97899584874309
2002,Azerbaijan,134755.14245614823
2002,Bahrain,17.290596595339863
2002,Bangladesh,124650.77045082889
2002,Belarus,424.3297256373592
2002,Belgium,17.460303591952798
2002,Benin,34.35749395497229
2002,Bhutan,90.75127191355064
2002,Bolivia,7208.722211207827
2002,Bosnia and Herzegovina,0.19779718232872617
2002,Botswana,152.87884322802884
2002,Brazil,23767.08526166424
2002,Brunei Darussalam,0.021146295566407753
2002,Bulgaria,14762.552588037604
2002,Burkina Faso,1751.8444620852124
2002,Burundi,350.2299725662505
2002,Cambodia,4333.171733415716
2002,Cameroon,65.15505783267294
2002,Canada,102470.33159973403
2002,Central African Republic,1.9971935911246714
2002,Chad,640.775508463295
2002,Chile,179779.93593108148
2002,China,3750927.342710574
2002,Colombia,659.7865616499784
2002,Costa Rica,864.7749577757879
2002,Cote d'Ivoire,261.1187411877972
2002,Croatia,22.454082919657054
2002,Cuba,8845.975012115729
2002,Cyprus,11332.522914439114
2002,Czech Republic,24.128605756882102
2002,DR Congo,243.9415301046767
2002,Denmark,195.1583690366885
2002,Djibouti,575.3425599398989
2002,Dominican Republic,3693.539759265009
2002,Ecuador,10344.235890827269
2002,Egypt,4071371.1548016556
2002,El Salvador,348.041190698475
2002,Eritrea,166.25305851557025
2002,Ethiopia,7970.848470397257
2002,Finland,153.2193083002503
2002,France,23142.344982097868
2002,Gabon,2.8967571856640086
2002,Gambia,0.5414841214974696
2002,Georgia,7422.23034878478
2002,Germany,176.61440202901875
2002,Ghana,331.3410207318918
2002,Greece,239592.81448001374
2002,Guatemala,755.1382456822616
2002,Guinea,1248.5508294763454
2002,Haiti,457.8646556358967
2002,Honduras,376.3696143538056
2002,Hungary,4715.174446232356
2002,India,7148266.350075721
2002,Indonesia,415888.54131790344
2002,Iran,3041375.644540918
2002,Iraq,483631.8152812948
2002,Ireland,0.025301167348392103
2002,Israel,85042.48691100166
2002,Italy,172166.4846537901
2002,Jamaica,102.13016267380856
2002,Japan,2965.298550280409
2002,Jordan,28817.787003379104
2002,Kazakhstan,215017.88994273954
2002,Kenya,5890.132202488557
2002,Kuwait,3002.9690528896053
2002,Kyrgyzstan,48217.980152678436
2002,Laos,3364.6161996009546
2002,Latvia,0.3343122177411219
2002,Lebanon,38921.34011041713
2002,Liberia,0.0038137547657258603
2002,Libya,105280.3882183045
2002,Lithuania,3.1536916404784834
2002,Luxembourg,0.0030838211383768543
2002,Macedonia,268.07681716004254
2002,Madagascar,16624.957365454564
2002,Malawi,776.055029845756
2002,Malaysia,328.7032676045514
2002,Mali,72906.50815415203
2002,Mauritania,8844.320246572222
2002,Mexico,631396.6538259105
2002,Moldova,1371.3102452757469
2002,Mongolia,4856.495035425173
2002,Morocco,305391.3465754557
2002,Mozambique,669.8109660611406
2002,Myanmar,11234.148007822763
2002,Namibia,383.3120730980137
2002,Nepal,74623.41377029849
2002,Netherlands,56.60309587373447
2002,New Zealand,105.65334591156662
2002,Nicaragua,919.636398391895
2002,Niger,2431.9570880821516
2002,Nigeria,2420.8980880214785
2002,North Korea,9882.412273944496
2002,Norway,30.929415809800368
2002,Oman,31639.25332620364
2002,Pakistan,2124575.542248519
2002,Panama,36.614521621942664
2002,Paraguay,106.09865034568037
2002,Peru,107811.64378518851
2002,Philippines,21943.041071879943
2002,Poland,276.1154030501124
2002,Portugal,99960.73072946927
2002,Qatar,2344.613574247291
2002,Rep Congo,29.02896053683812
2002,Rest of Africa,2340.276531505333
2002,Rest of Americas,555.4973107920698
2002,Rest of Asia-Pacific,4872.126375733584
2002,Rest of Europe,4891.340728194349
2002,Romania,136401.61953878414
2002,Russia,71297.98267823442
2002,Rwanda,8.401469641017922
2002,Saudi Arabia,480806.7654097188
2002,Senegal,44461.684139135046
2002,Serbia,78.92689317246342
2002,Sierra Leone,4.505067167648371
2002,Slovakia,59.046440528133886
2002,Slovenia,1.0675724626465621
2002,Somalia,21034.690200848352
2002,South Africa,60390.05883278212
2002,South Korea,3928.861777818646
2002,South Sudan,100.78882022034804
2002,Spain,871322.5192205057
2002,Sri Lanka,132478.14861469946
2002,Sudan,421857.9513472094
2002,Sweden,76.44004768344712
2002,Switzerland,1.6707740864644445
2002,Syria,429295.24275882373
2002,Tajikistan,148420.6992370289
2002,Tanzania,1136.8372537457244
2002,Thailand,46708.19710270789
2002,Togo,22.889940398789975
2002,Tunisia,100390.18206781623
2002,Turkey,212151.2141108628
2002,Turkmenistan,448699.1494197634
2002,Uganda,74.36804429534696
2002,Ukraine,54026.87551520011
2002,United Arab Emirates,136802.9808746919
2002,United Kingdom,216.15338101600105
2002,United States,2849447.866551068
2002,Uruguay,781.4321701249958
2002,Uzbekistan,589576.109121356
2002,Venezuela,13590.999577328957
2002,Viet Nam,365308.5501338969
2002,Yemen,120039.3742614719
2002,Zambia,1964.4332098197374
2002,Zimbabwe,7912.3873503090035
2003,Afghanistan,421576.5328240811
2003,Albania,6615.029715998259
2003,Algeria,244256.05257456793
2003,Angola,3953.9784176748367
2003,Argentina,48518.46361746518
2003,Armenia,11197.784758431046
2003,Australia,133235.7053257097
2003,Austria,90.62942099204557
2003,Azerbaijan,113264.7623079325
2003,Bahrain,19.376471936217143
2003,Bangladesh,103461.24907410517
2003,Belarus,204.7292183007883
2003,Belgium,323.57512794227927
2003,Benin,26.88351997473218
2003,Bhutan,75.20648497191725
2003,Bolivia,7373.297924596455
2003,Bosnia and Herzegovina,0.5592002676130499
2003,Botswana,116.93959349482209
2003,Brazil,25861.940406602458
2003,Brunei Darussalam,0.1974046969601817
2003,Bulgaria,17420.868307044362
2003,Burkina Faso,1513.434855633645
2003,Burundi,112.57635262272093
2003,Cambodia,4263.930148965474
2003,Cameroon,61.04137946028381
2003,Canada,165144.59679513006
2003,Central African Republic,0.5753579057371446
2003,Chad,750.6118052036214
2003,Chile,180688.10308641207
2003,China,3376601.4996003173
2003,Colombia,662.1083099388658
2003,Costa Rica,973.1261451029085
2003,Cote d'Ivoire,199.7493438908147
2003,Croatia,59.082844843669264
2003,Cuba,4308.928213822645
2003,Cyprus,10788.848623028065
2003,Czech Republic,76.23448008196877
2003,DR Congo,236.43987198126743
2003,Denmark,356.6274991513012
2003,Djibouti,572.6751307514927
2003,Dominican Republic,2988.7216743412023
2003,Ecuador,11219.545622819152
2003,Egypt,4162707.208892973
2003,El Salvador,355.9672704261736
2003,Eritrea,139.03173367239495
2003,Ethiopia,7522.240252393675
2003,Finland,153.60961202452884
2003,France,59361.80693943034
2003,Gabon,2.4414364015077337
2003,Gambia,0.5292427869184485
2003,Georgia,12968.232087901626
2003,Germany,1156.3651147499659
2003,Ghana,404.04462183331145
2003,Greece,232011.90850343887
2003,Guatemala,589.3731574326184
2003,Guinea,1269.1679611207594
2003,Haiti,320.82872201850654
2003,Honduras,333.6032303901491
2003,Hungary,6493.571375123542
2003,India,6601586.168576592
2003,Indonesia,446870.495257798
2003,Iran,3147565.9732801924
2003,Iraq,522311.8048921882
2003,Ireland,0.32470548689992806
2003,Israel,92961.35888390802
2003,Italy,247844.90264968382
2003,Jamaica,52.48512988670031
2003,Japan,2019.8734509275428
2003,Jordan,27144.035181235493
2003,Kazakhstan,221156.45846249713
2003,Kenya,5785.228456948762
2003,Kuwait,3443.0109886372848
2003,Kyrgyzstan,43518.98216421208
2003,Laos,3079.564239443978
2003,Latvia,0.2148310749198477
2003,Lebanon,42033.27303570334
2003,Liberia,0.004787762099004443
2003,Libya,117459.63281475239
2003,Lithuania,2.409275413757887
2003,Luxembourg,0.006596206355685022
2003,Macedonia,255.97481830114842
2003,Madagascar,16614.695361447477
2003,Malawi,609.6505694403505
2003,Malaysia,259.96115018416526
2003,Mali,68751.4123855176
2003,Mauritania,9262.064112586926
2003,Mexico,621571.5570576221
2003,Moldova,1172.8745208375547
2003,Mongolia,3438.1547270897063
2003,Morocco,320991.7352139267
2003,Mozambique,550.3260076219078
2003,Myanmar,9003.111487113494
2003,Namibia,385.82701213745463
2003,Nepal,73588.5492652893
2003,Netherlands,466.9074295105065
2003,New Zealand,426.31065166039264
2003,Nicaragua,818.6151910052769
2003,Niger,2080.79524519398
2003,Nigeria,2531.3758301449975
2003,North Korea,6687.156949327933
2003,Norway,14.985145533162456
2003,Oman,30460.08115023212
2003,Pakistan,2117852.051194689
2003,Panama,38.094555785165085
2003,Paraguay,76.19313340837509
2003,Peru,116318.4029639563
2003,Philippines,23477.46005286709
2003,Poland,372.71777078821447
2003,Portugal,97212.42699894377
2003,Qatar,2376.517357844862
2003,Rep Congo,28.843495177351343
2003,Rest of Africa,2404.8551707654537
2003,Rest of Americas,883.2677966408074
2003,Rest of Asia-Pacific,4345.116928009804
2003,Rest of Europe,4706.340669499987
2003,Romania,152180.28295252245
2003,Russia,56808.12547661835
2003,Rwanda,12.222797526783332
2003,Saudi Arabia,473949.034425604
2003,Senegal,39347.936941270396
2003,Serbia,134.24949302267535
2003,Sierra Leone,4.980904634152362
2003,Slovakia,111.41490685688308
2003,Slovenia,5.4528851839301105
2003,Somalia,22585.645837274642
2003,South Africa,67328.54169211043
2003,South Korea,2061.202274572699
2003,South Sudan,81.2724132313636
2003,Spain,1008429.0339388466
2003,Sri Lanka,129463.38207818293
2003,Sudan,433017.86571256735
2003,Sweden,82.93365357688356
2003,Switzerland,10.986729375361936
2003,Syria,433258.68695749255
2003,Tajikistan,147254.31990104134
2003,Tanzania,1368.1576807858146
2003,Thailand,48105.65327674989
2003,Togo,21.903325778848814
2003,Tunisia,84263.74747067921
2003,Turkey,266293.31575555616
2003,Turkmenistan,465812.581856339
2003,Uganda,74.77473721123836
2003,Ukraine,37912.31992708802
2003,United Arab Emirates,138816.19553613546
2003,United Kingdom,358.48429343749666
2003,United States,2854428.3679244486
2003,Uruguay,643.4743313840812
2003,Uzbekistan,604686.7369628305
2003,Venezuela,18019.573379255235
2003,Viet Nam,332078.35697299376
2003,Yemen,148534.17840031904
2003,Zambia,2539.3906566211417
2003,Zimbabwe,8811.133399917757
2004,Afghanistan,447423.78757986985
2004,Albania,4249.527530634731
2004,Algeria,229166.04109113818
2004,Angola,4892.72442675864
2004,Argentina,46461.21009075108
2004,Armenia,12053.55196472747
2004,Australia,138643.27381212215
2004,Austria,63.0803247489193
2004,Azerbaijan,139772.8938255118
2004,Bahrain,19.522092161646004
2004,Bangladesh,142325.13667167278
2004,Belarus,93.4334080584372
2004,Belgium,61.741172812200595
2004,Benin,25.104315016547304
2004,Bhutan,81.31489263129437
2004,Bolivia,6941.048713158697
2004,Bosnia and Herzegovina,0.31736985918190097
2004,Botswana,150.48336885069895
2004,Brazil,27912.15367055592
2004,Brunei Darussalam,0.5976620975125654
2004,Bulgaria,9153.130793232329
2004,Burkina Faso,2260.2152529925092
2004,Burundi,379.92325671533297
2004,Cambodia,4485.715192026485
2004,Cameroon,64.22965188722694
2004,Canada,87933.99938977287
2004,Central African Republic,0.5491129964272303
2004,Chad,766.9071884857728
2004,Chile,187747.4595511215
2004,China,3551139.9559084103
2004,Colombia,678.1686900676199
2004,Costa Rica,1003.8460376663519
2004,Cote d'Ivoire,208.0800991425518
2004,Croatia,36.33276437964242
2004,Cuba,5513.237004267901
2004,Cyprus,13119.26419654722
2004,Czech Republic,51.6062164915966
2004,DR Congo,243.72779311266856
2004,Denmark,309.45184930916815
2004,Djibouti,600.2284702442457
2004,Dominican Republic,2735.6162867081202
2004,Ecuador,11457.348049131271
2004,Egypt,4166235.406335496
2004,El Salvador,376.1370167539671
2004,Eritrea,152.2356130620575
2004,Estonia,2.1598944467252455e-05
2004,Ethiopia,7057.128144690257
2004,Finland,45.419432891483794
2004,France,49977.03299538466
2004,Gabon,2.844228413152799
2004,Gambia,0.7911231477384835
2004,Georgia,12992.467728460955
2004,Germany,357.32879870100504
2004,Ghana,360.8563804761193
2004,Greece,238451.27534862095
2004,Guatemala,602.8234198393068
2004,Guinea,1319.7389612562579
2004,Haiti,310.822254040615
2004,Honduras,331.34620109937305
2004,Hungary,3708.2022310006755
2004,India,7000142.518902781
2004,Indonesia,382432.9777673853
2004,Iran,3126578.4316028175
2004,Iraq,514773.15353464865
2004,Ireland,0.5139948082695622
2004,Israel,96779.72350732518
2004,Italy,187021.24733642238
2004,Jamaica,107.32048225668521
2004,Japan,2943.9817596544763
2004,Jordan,29400.250341294803
2004,Kazakhstan,243222.5031766816
2004,Kenya,6406.093377990484
2004,Kuwait,3095.4224223769033
2004,Kyrgyzstan,54155.858408184846
2004,Laos,2671.3365871527
2004,Latvia,0.08129518900684098
2004,Lebanon,45464.58471945844
2004,Liberia,0.0052308484372031545
2004,Libya,135994.39810427206
2004,Lithuania,0.7888070579895005
2004,Luxembourg,0.0014548666730439717
2004,Macedonia,173.86337146068186
2004,Madagascar,16794.451159916134
2004,Malawi,579.0230642043623
2004,Malaysia,340.1194310232291
2004,Mali,64550.669336721774
2004,Mauritania,8661.507735813799
2004,Mexico,544682.7333103545
2004,Moldova,1027.66933472873
2004,Mongolia,3634.1628400694904
2004,Morocco,334257.5654429331
2004,Mozambique,544.9810399920029
2004,Myanmar,13067.371765870623
2004,Namibia,455.4665023272799
2004,Nepal,78790.19459486705
2004,Netherlands,78.94846418007319
2004,New Zealand,741.4508206686725
2004,Nicaragua,878.6360042589033
2004,Niger,2561.105944662581
2004,Nigeria,2701.773870192759
2004,North Korea,6825.557595495889
2004,Norway,15.42486543238251
2004,Oman,32730.588578438397
2004,Pakistan,2594726.688807495
2004,Panama,44.302861986194024
2004,Paraguay,107.18234900768827
2004,Peru,116313.33839595504
2004,Philippines,20890.600918198114
2004,Poland,193.25721525883
2004,Portugal,102803.07307099736
2004,Qatar,2380.681582676829
2004,Rep Congo,30.67202339736441
2004,Rest of Africa,2248.3736880642177
2004,Rest of Americas,626.6555280671214
2004,Rest of Asia-Pacific,3116.055077615996
2004,Rest of Europe,5685.295111450961
2004,Romania,62234.27239227687
2004,Russia,42922.87429799607
2004,Rwanda,20.429740655468287
2004,Saudi Arabia,440295.7197360663
2004,Senegal,45429.69298033614
2004,Serbia,63.61324514212157
2004,Sierra Leone,4.538982682493081
2004,Slovakia,66.05035949188769
2004,Slovenia,0.5967757747045632
2004,Somalia,20024.16045233102
2004,South Africa,60102.522437565705
2004,South Korea,3205.5254158779203
2004,South Sudan,68.11796707791679
2004,Spain,846969.465580397
2004,Sri Lanka,101782.39746381846
2004,Sudan,389408.98337990354
2004,Sweden,23.64752207260598
2004,Switzerland,3.1129694415947777
2004,Syria,440836.873940271
2004,Tajikistan,169430.27108195671
2004,Tanzania,1450.6807250114448
2004,Thailand,55798.15236419821
2004,Togo,22.885404242857046
2004,Tunisia,81976.73684705954
2004,Turkey,247748.50900801376
2004,Turkmenistan,463950.5383116316
2004,Uganda,90.02027021148018
2004,Ukraine,20240.767298581577
2004,United Arab Emirates,143341.4654148986
2004,United Kingdom,249.45792223761558
2004,United States,2419447.3888759776
2004,Uruguay,1024.1651622154902
2004,Uzbekistan,629575.1805928255
2004,Venezuela,14365.066935656303
2004,Viet Nam,325310.1173803153
2004,Yemen,170497.01469422923
2004,Zambia,1903.5559721285406
2004,Zimbabwe,9680.423938450358
2005,Afghanistan,439648.44371871767
2005,Albania,4978.368757272516
2005,Algeria,300626.1844351415
2005,Angola,5354.948301547298
2005,Argentina,42369.90687886878
2005,Armenia,12410.402484612594
2005,Australia,147032.0832936423
2005,Austria,34.61965730664814
2005,Azerbaijan,183577.73504700544
2005,Bahrain,17.35909966580041
2005,Bangladesh,130200.14162362643
2005,Belarus,163.88305743200138
2005,Belgium,41.19135579179529
2005,Benin,33.65980377867056
2005,Bhutan,94.90207088084426
2005,Bolivia,6705.892537375877
2005,Bosnia and Herzegovina,0.1374752038254078
2005,Botswana,190.01693265268952
2005,Brazil,34728.83801306234
2005,Brunei Darussalam,0.29670739296733656
2005,Bulgaria,3216.268715717341
2005,Burkina Faso,2264.370486668673
2005,Burundi,114.26196443488236
2005,Cambodia,5354.440640222802
2005,Cameroon,71.32700498901235
2005,Canada,84992.48825056142
2005,Central African Republic,0.7409580368112855
2005,Chad,931.3736195626442
2005,Chile,186412.86103697345
2005,China,3793670.0031900727
2005,Colombia,581.7260359947916
2005,Costa Rica,889.3367843082245
2005,Cote d'Ivoire,213.3218387745863
2005,Croatia,29.891888362323776
2005,Cuba,4404.688431086045
2005,Cyprus,11022.86555480309
2005,Czech Republic,16.50321684937154
2005,DR Congo,239.2332124963526
2005,Denmark,254.73836521844433
2005,Djibouti,540.2397115982117
2005,Dominican Republic,2763.0455217726944
2005,Ecuador,14982.688880737056
2005,Egypt,4264881.062752251
2005,El Salvador,318.1111156229071
2005,Eritrea,140.63224348471712
2005,Estonia,7.78171435864075e-05
2005,Ethiopia,6303.0842499415785
2005,Finland,152.13641399794807
2005,France,60054.14782892778
2005,Gabon,3.391609204637498
2005,Gambia,0.7396025606440778
2005,Georgia,13666.989642354432
2005,Germany,337.2247410149676
2005,Ghana,435.1769179755187
2005,Greece,236559.325020529
2005,Guatemala,693.0895056559882
2005,Guinea,1246.4655539521293
2005,Haiti,297.88381189737964
2005,Honduras,372.3636507897254
2005,Hungary,1864.3315804670099
2005,India,6935026.185207308
2005,Indonesia,260011.45447201523
2005,Iran,3333273.0179717937
2005,Iraq,608838.9731588787
2005,Ireland,0.8090443353708666
2005,Israel,94379.57650756306
2005,Italy,249554.62389197183
2005,Jamaica,83.26756124177265
2005,Japan,3109.4632300868316
2005,Jordan,31771.627073069147
2005,Kazakhstan,218985.29112234493
2005,Kenya,6542.011220192988
2005,Kuwait,3602.7633224419383
2005,Kyrgyzstan,56247.606248501055
2005,Laos,3961.071590453528
2005,Latvia,0.19236735861057105
2005,Lebanon,42543.65827833948
2005,Liberia,0.01890397781420962
2005,Libya,141528.04793015262
2005,Lithuania,1.1860243763873053
2005,Luxembourg,0.003252006742566698
2005,Macedonia,287.23644788033135
2005,Madagascar,17687.00766469021
2005,Malawi,793.0966647969699
2005,Malaysia,299.21849352648115
2005,Mali,73349.74243065587
2005,Mauritania,7723.743273340821
2005,Mexico,600324.1373293065
2005,Moldova,735.9847583338625
2005,Mongolia,3669.5194771108067
2005,Morocco,426206.96841964475
2005,Mozambique,796.1228191528318
2005,Myanmar,13152.943219780514
2005,Namibia,603.7265000696437
2005,Nepal,110994.89438267451
2005,Netherlands,89.70187015627708
2005,New Zealand,106.78492185648697
2005,Nicaragua,867.0847006724132
2005,Niger,2882.5185781988353
2005,Nigeria,2716.99403946931
2005,North Korea,6330.402386901108
2005,Norway,30.559208848408595
2005,Oman,31044.11258016778
2005,Pakistan,2347847.6362379193
2005,Panama,29.88840951361685
2005,Paraguay,149.0195688839071
2005,Peru,118896.02068703626
2005,Philippines,22274.80672246315
2005,Poland,255.99744001826951
2005,Portugal,116165.16985001262
2005,Qatar,2344.7751686767397
2005,Rep Congo,30.47606506096384
2005,Rest of Africa,2083.234090352451
2005,Rest of Americas,451.57260736592184
2005,Rest of Asia-Pacific,3183.6451462965183
2005,Rest of Europe,4763.872575989842
2005,Romania,23011.477481161244
2005,Russia,61879.97689380485
2005,Rwanda,22.150612344434013
2005,Saudi Arabia,404692.3709558362
2005,Senegal,42717.4752251725
2005,Serbia,24.36000266468068
2005,Sierra Leone,3.9678449229960613
2005,Slovakia,28.687035530718862
2005,Slovenia,0.4369860465952615
2005,Somalia,19110.311802148983
2005,South Africa,56393.51660575858
2005,South Korea,3932.2349913790695
2005,South Sudan,111.13270168849783
2005,Spain,1168735.8131941399
2005,Sri Lanka,141427.22849878078
2005,Sudan,478593.4686129498
2005,Sweden,121.18419541128529
2005,Switzerland,2.295166231232898
2005,Syria,445230.6512638028
2005,Tajikistan,174128.49123913972
2005,Tanzania,1361.2071645177036
2005,Thailand,60380.47336864138
2005,Togo,25.896832647451706
2005,Tunisia,113931.15284623756
2005,Turkey,229293.46881548368
2005,Turkmenistan,576415.3068403321
2005,Uganda,99.9993643509965
2005,Ukraine,29380.470432865415
2005,United Arab Emirates,130367.35122870571
2005,United Kingdom,309.3854088591261
2005,United States,2437842.6209968473
2005,Uruguay,1608.1248947043907
2005,Uzbekistan,689902.4317445597
2005,Venezuela,12995.320025858227
2005,Viet Nam,353176.6517936664
2005,Yemen,186204.00775521385
2005,Zambia,2910.7631382069003
2005,Zimbabwe,11108.81643399218
2006,Afghanistan,452469.0079762554
2006,Albania,4908.214368942872
2006,Algeria,288296.9605716531
2006,Angola,5414.092991621825
2006,Argentina,48547.21562383542
2006,Armenia,13638.397806539819
2006,Australia,175202.17827096357
2006,Austria,45.09142745789724
2006,Azerbaijan,190845.38099164586
2006,Bahrain,22.24245170982817
2006,Bangladesh,150852.13144546936
2006,Belarus,191.1479528628773
2006,Belgium,201.47813581684187
2006,Benin,32.54520022488021
2006,Bhutan,104.32404185744024
2006,Bolivia,6652.471930518137
2006,Bosnia and Herzegovina,0.34264244966576685
2006,Botswana,123.5020972674361
2006,Brazil,29820.31962955058
2006,Brunei Darussalam,0.11118451440745625
2006,Bulgaria,5577.892000183038
2006,Burkina Faso,2109.858409320113
2006,Burundi,265.5109068476155
2006,Cambodia,4646.968507023925
2006,Cameroon,76.85660845572932
2006,Canada,113962.98020597907
2006,Central African Republic,0.9040201807623625
2006,Chad,989.3729074545943
2006,Chile,178692.06092229096
2006,China,4363534.616358312
2006,Colombia,528.6254431997507
2006,Costa Rica,846.0795670203762
2006,Cote d'Ivoire,204.88600731775702
2006,Croatia,48.46348486650491
2006,Cuba,3231.513404353748
2006,Cyprus,11061.66507082496
2006,Czech Republic,22.852544478380263
2006,DR Congo,243.86057440265498
2006,Denmark,634.7191212892802
2006,Djibouti,508.52670524592446
2006,Dominican Republic,2517.0329799007645
2006,Ecuador,12228.04108269505
2006,Egypt,4307066.694401798
2006,El Salvador,390.95244781644806
2006,Eritrea,167.58318424581725
2006,Estonia,0.11305940190700194
2006,Ethiopia,5992.294332079677
2006,Finland,508.03077286720077
2006,France,56057.64677782811
2006,Gabon,3.1978979694373817
2006,Gambia,0.8417445743936198
2006,Georgia,11738.560208910956
2006,Germany,844.1749115099109
2006,Ghana,406.05144551968925
2006,Greece,238354.27910790325
2006,Guatemala,807.5713596910304
2006,Guinea,1281.8806883962604
2006,Haiti,298.83669377020703
2006,Honduras,425.98873502732016
2006,Hungary,2496.7305504506453
2006,India,7908108.197306943
2006,Indonesia,449799.5268737171
2006,Iran,3374643.383201184
2006,Iraq,484356.44735474663
2006,Ireland,1.7724472034820407
2006,Israel,87908.3119771907
2006,Italy,236025.0353820499
2006,Jamaica,67.98619507271893
2006,Japan,2479.5843856864453
2006,Jordan,32015.440481179885
2006,Kazakhstan,257123.2088849889
2006,Kenya,6839.083943242557
2006,Kuwait,3869.824482814194
2006,Kyrgyzstan,68674.52962574264
2006,Laos,3333.7121448738317
2006,Latvia,0.5016840670495583
2006,Lebanon,40522.53160566809
2006,Liberia,0.004217837301440151
2006,Libya,133112.8018179366
2006,Lithuania,4.247728891295379
2006,Luxembourg,0.0060183040456760145
2006,Macedonia,213.30824103826194
2006,Madagascar,17744.86725427471
2006,Malawi,678.0143711806176
2006,Malaysia,146.18360747121466
2006,Mali,72028.09803033435
2006,Mauritania,7362.222858869942
2006,Mexico,651744.5687984437
2006,Moldova,911.3309871254038
2006,Mongolia,3110.845469202905
2006,Morocco,351557.5403491962
2006,Mozambique,542.4914707348989
2006,Myanmar,12674.785986268605
2006,Namibia,452.31790564498164
2006,Nepal,103359.62994117211
2006,Netherlands,372.13365016858154
2006,New Zealand,167.60558155346953
2006,Nicaragua,1113.185406689691
2006,Niger,3199.752081883183
2006,Nigeria,2786.156048065935
2006,North Korea,8135.697807847272
2006,Norway,70.46385764292737
2006,Oman,23331.400350136195
2006,Pakistan,2194781.612335829
2006,Panama,38.66042446618821
2006,Paraguay,171.99303886821775
2006,Peru,116976.96526502217
2006,Philippines,18591.864324730184
2006,Poland,338.1999378936545
2006,Portugal,93968.6068623945
2006,Qatar,2629.734630639335
2006,Rep Congo,29.429078609754196
2006,Rest of Africa,2102.840977245778
2006,Rest of Americas,516.0947323081282
2006,Rest of Asia-Pacific,3899.619208398245
2006,Rest of Europe,4733.649056558182
2006,Romania,55212.26807366951
2006,Russia,68552.22113491959
2006,Rwanda,24.991916164132952
2006,Saudi Arabia,376747.8321815758
2006,Senegal,42830.75934392984
2006,Serbia,40.11092512708789
2006,Sierra Leone,3.9094785739352695
2006,Slovakia,37.44877132818669
2006,Slovenia,3.0883825244960987
2006,Somalia,21631.028010976028
2006,South Africa,38567.631478372816
2006,South Korea,3440.878287397348
2006,South Sudan,79.79097715462356
2006,Spain,966901.9899132319
2006,Sri Lanka,150899.71909073798
2006,Sudan,368911.48735106096
2006,Sweden,147.22546767215883
2006,Switzerland,12.643509896241264
2006,Syria,410449.6487915495
2006,Tajikistan,180920.37791616019
2006,Tanzania,1362.9207182023306
2006,Thailand,48166.7443954315
2006,Togo,26.220057150080216
2006,Tunisia,108388.50089587264
2006,Turkey,244612.59277874787
2006,Turkmenistan,599472.1697807014
2006,Uganda,93.47949864100981
2006,Ukraine,39439.58138975425
2006,United Arab Emirates,127912.56756528604
2006,United Kingdom,505.5256049326016
2006,United States,2724795.7372473646
2006,Uruguay,1209.002646473112
2006,Uzbekistan,812739.0856514386
2006,Venezuela,13558.46188366745
2006,Viet Nam,260124.64261196624
2006,Yemen,180491.83199911108
2006,Zambia,2008.014879802545
2006,Zimbabwe,8223.95054623668
2007,Afghanistan,430825.86581532384
2007,Albania,8843.695152590664
2007,Algeria,278782.56747780065
2007,Angola,6442.757486227489
2007,Argentina,42365.40997226264
2007,Armenia,9960.464364955835
2007,Australia,93749.36773442462
2007,Austria,82.86876636714948
2007,Azerbaijan,183353.81312620084
2007,Bahrain,22.01172136727884
2007,Bangladesh,125331.33193068956
2007,Belarus,107.70535014421691
2007,Belgium,41.580947084097396
2007,Benin,32.44273579552428
2007,Bhutan,98.31023370809696
2007,Bolivia,7187.134578739205
2007,Bosnia and Herzegovina,0.6531866342710761
2007,Botswana,135.96734204159685
2007,Brazil,32409.985059413215
2007,Brunei Darussalam,0.15249143293196377
2007,Bulgaria,10153.144915471574
2007,Burkina Faso,2536.4498857979006
2007,Burundi,95.89470617048444
2007,Cambodia,5326.450225950794
2007,Cameroon,108.27991788560803
2007,Canada,140578.92116562024
2007,Central African Republic,1.613241887595368
2007,Chad,1073.514419656959
2007,Chile,178787.56243178737
2007,China,3885078.289398556
2007,Colombia,566.3387034966349
2007,Costa Rica,817.789459630413
2007,Cote d'Ivoire,306.8262381514743
2007,Croatia,78.44317300206554
2007,Cuba,2666.3974834942046
2007,Cyprus,10360.858910424415
2007,Czech Republic,31.720782703324378
2007,DR Congo,222.42491869594556
2007,Denmark,144.97267335964077
2007,Djibouti,451.532073199605
2007,Dominican Republic,2777.2494557179084
2007,Ecuador,10891.867190198149
2007,Egypt,4347735.903165337
2007,El Salvador,391.62086886127184
2007,Eritrea,143.68024985226683
2007,Estonia,0.008945826312398774
2007,Ethiopia,6335.83097870676
2007,Finland,86.58885989595348
2007,France,19368.50999505913
2007,Gabon,3.131786027842345
2007,Gambia,0.7949428539617351
2007,Georgia,9110.377511904699
2007,Germany,150.61321316921047
2007,Ghana,256.87846723334593
2007,Greece,285769.1284920769
2007,Guatemala,657.2358766922073
2007,Guinea,1487.1843091119113
2007,Haiti,213.74609344317818
2007,Honduras,382.0776451944979
2007,Hungary,4933.680742178144
2007,India,7440208.004223732
2007,Indonesia,372098.5499332958
2007,Iran,3308358.579093931
2007,Iraq,552392.2154264712
2007,Ireland,0.2097100544162257
2007,Israel,94928.13853017116
2007,Italy,277662.51516353124
2007,Jamaica,48.28036603202618
2007,Japan,2798.090616949407
2007,Jordan,28800.26027953465
2007,Kazakhstan,237670.67367301922
2007,Kenya,4667.34047683745
2007,Kuwait,3568.651807704617
2007,Kyrgyzstan,68273.74897622758
2007,Laos,3562.8700898713246
2007,Latvia,0.04460300117871604
2007,Lebanon,39902.211974885315
2007,Liberia,0.015501959025119522
2007,Libya,136028.36694423002
2007,Lithuania,0.390646808051084
2007,Luxembourg,3.691011929781338e-06
2007,Macedonia,393.45590448189466
2007,Madagascar,17698.752987207896
2007,Malawi,680.5375775298634
2007,Malaysia,187.79941198853825
2007,Mali,78511.29241154497
2007,Mauritania,8571.791820863642
2007,Mexico,594486.7392309281
2007,Moldova,1956.6661079075366
2007,Mongolia,3471.180684684379
2007,Morocco,377585.81229407166
2007,Mozambique,763.6052863142035
2007,Myanmar,13568.865934086407
2007,Namibia,532.7119757124207
2007,Nepal,84187.30847352426
2007,Netherlands,38.919825636446504
2007,New Zealand,111.90704549490268
2007,Nicaragua,1015.991742028299
2007,Niger,3064.5032208409816
2007,Nigeria,2840.649961273145
2007,North Korea,5380.877113240821
2007,Norway,10.888305857968277
2007,Oman,23962.493140853163
2007,Pakistan,2342601.8879417004
2007,Panama,36.231998792422914
2007,Paraguay,109.14647447781523
2007,Peru,119935.38762348716
2007,Philippines,21553.485704839248
2007,Poland,95.52793386811692
2007,Portugal,71892.98830386242
2007,Qatar,2133.5760969167936
2007,Rep Congo,27.402466491096813
2007,Rest of Africa,2216.614953031212
2007,Rest of Americas,411.54382123203794
2007,Rest of Asia-Pacific,3479.0244596470793
2007,Rest of Europe,4371.64709392118
2007,Romania,98937.69274495536
2007,Russia,78139.64929370118
2007,Rwanda,18.60144008602549
2007,Saudi Arabia,394895.8361320694
2007,Senegal,42459.5632734475
2007,Serbia,133.3841405289999
2007,Sierra Leone,4.617359974848597
2007,Slovakia,69.47789433981906
2007,Slovenia,2.7307247299904307
2007,Somalia,16056.01954647964
2007,South Africa,50587.00691552267
2007,South Korea,2882.8563311253324
2007,South Sudan,57.074483550665555
2007,Spain,831354.8711849987
2007,Sri Lanka,114951.42506279495
2007,Sudan,407964.32312898914
2007,Sweden,21.236270834176807
2007,Switzerland,1.4949040384968584
2007,Syria,441564.46375887893
2007,Tajikistan,183932.1646570541
2007,Tanzania,1253.0153155912967
2007,Thailand,58696.37770765744
2007,Togo,26.56712680310219
2007,Tunisia,96733.36525099068
2007,Turkey,260150.17548681542
2007,Turkmenistan,566734.6366100623
2007,Uganda,89.85177195529363
2007,Ukraine,57895.310181774395
2007,United Arab Emirates,123202.00046682345
2007,United Kingdom,67.26527707084851
2007,United States,2780155.644805706
2007,Uruguay,1021.2568249798913
2007,Uzbekistan,741404.7967565799
2007,Venezuela,17465.702227470352
2007,Viet Nam,299453.3731478885
2007,Yemen,208787.56522361017
2007,Zambia,2382.624173976952
2007,Zimbabwe,7862.2241047473335
2008,Afghanistan,470414.40833653836
2008,Albania,7409.778729876033
2008,Algeria,301059.0330943421
2008,Angola,7880.916091326447
2008,Argentina,45406.23649250824
2008,Armenia,14320.471489213765
2008,Australia,62524.647814902055
2008,Austria,20.0956611243977
2008,Azerbaijan,153432.46399646252
2008,Bahrain,22.39612233917792
2008,Bangladesh,140968.93912178092
2008,Belarus,122.58499832373617
2008,Belgium,23.151891876238196
2008,Benin,33.4594015640475
2008,Bhutan,86.07346869046577
2008,Bolivia,7006.507345139982
2008,Bosnia and Herzegovina,0.49631082964960205
2008,Botswana,118.68004271178366
2008,Brazil,31514.81952839048
2008,Brunei Darussalam,0.015117344897168396
2008,Bulgaria,8437.418099039834
2008,Burkina Faso,2697.540821662861
2008,Burundi,174.32948471970468
2008,Cambodia,4974.280870311125
2008,Cameroon,112.73196839908783
2008,Canada,140593.14822146966
2008,Central African Republic,1.0307268299295982
2008,Chad,1215.1487953350409
2008,Chile,214006.58508174695
2008,China,3759428.7545339293
2008,Colombia,576.0172307787905
2008,Costa Rica,861.9743846743107
2008,Cote d'Ivoire,255.1323054365552
2008,Croatia,61.1330943782319
2008,Cuba,3176.4412398167897
2008,Cyprus,11465.50837942666
2008,Czech Republic,19.776517693311668
2008,DR Congo,233.11845178088902
2008,Denmark,570.2266231068638
2008,Djibouti,516.3347542003075
2008,Dominican Republic,3078.683003080926
2008,Ecuador,9746.964380726626
2008,Egypt,4517930.334314497
2008,El Salvador,392.37970667335486
2008,Eritrea,158.17148955395905
2008,Estonia,0.00022176174040896125
2008,Ethiopia,8902.398328762798
2008,Finland,132.88292861073725
2008,France,21303.355384625283
2008,Gabon,3.1774733506879205
2008,Gambia,1.1870047335784981
2008,Georgia,10420.007612367297
2008,Germany,574.6507743291323
2008,Ghana,288.6937031115756
2008,Greece,283004.36859423696
2008,Guatemala,811.4593612945962
2008,Guinea,1245.4881583326041
2008,Haiti,315.9521885046459
2008,Honduras,388.9337698300063
2008,Hungary,2780.647146628473
2008,India,8065010.115998223
2008,Indonesia,420238.850749694
2008,Iran,3196108.468738171
2008,Iraq,611426.3135884282
2008,Ireland,0.07630382209652609
2008,Israel,102943.08523226698
2008,Italy,247720.81405824496
2008,Jamaica,61.66305082238254
2008,Japan,2991.492661400001
2008,Jordan,34376.286151481014
2008,Kazakhstan,268872.0499371287
2008,Kenya,5040.836058909899
2008,Kuwait,3850.787845473155
2008,Kyrgyzstan,77996.4064921224
2008,Laos,2658.7105427366514
2008,Latvia,0.02074200462611011
2008,Lebanon,47503.970718153796
2008,Liberia,0.0030503051121470444
2008,Libya,135016.2353173965
2008,Lithuania,1.5341574158338513
2008,Luxembourg,0.0013711086028133374
2008,Macedonia,381.4167599120636
2008,Madagascar,17375.711502901086
2008,Malawi,925.067910795991
2008,Malaysia,183.98527039409524
2008,Mali,85407.25537596065
2008,Mauritania,8206.891810409878
2008,Mexico,647349.7294977654
2008,Moldova,1101.0865363117516
2008,Mongolia,3845.0550107086246
2008,Morocco,393329.36008690693
2008,Mozambique,773.0603808214796
2008,Myanmar,12401.319154409355
2008,Namibia,458.96458611168265
2008,Nepal,95469.16517504335
2008,Netherlands,112.5885715579198
2008,New Zealand,430.4977763282981
2008,Nicaragua,991.4285855498473
2008,Niger,2870.7412101310806
2008,Nigeria,3052.8634580017183
2008,North Korea,7845.71823114391
2008,Norway,25.13132233932807
2008,Oman,25612.944654006013
2008,Pakistan,2558928.7780127865
2008,Panama,33.24073555424231
2008,Paraguay,115.90377956970971
2008,Peru,118756.31046064722
2008,Philippines,17373.568118716667
2008,Poland,258.89418804649364
2008,Portugal,84541.87453323803
2008,Qatar,2147.743103595049
2008,Rep Congo,28.94577107222839
2008,Rest of Africa,2276.906483203071
2008,Rest of Americas,308.7793653192162
2008,Rest of Asia-Pacific,4560.650469997364
2008,Rest of Europe,4745.388496189812
2008,Romania,81700.8279954486
2008,Russia,68929.17609086576
2008,Rwanda,27.567850240306097
2008,Saudi Arabia,358581.65269961476
2008,Senegal,56268.51224868187
2008,Serbia,128.19389796849623
2008,Sierra Leone,3.775011264696749
2008,Slovakia,19.988409605195944
2008,Slovenia,0.5510438685461189
2008,Somalia,17749.09653168376
2008,South Africa,43808.54592085225
2008,South Korea,3087.799693566991
2008,South Sudan,35.76987771524621
2008,Spain,824824.7122464916
2008,Sri Lanka,145855.44447988833
2008,Sudan,449267.6555839768
2008,Sweden,86.60668461910916
2008,Switzerland,4.250464363840429
2008,Syria,492010.2149296133
2008,Tajikistan,188618.02543994825
2008,Tanzania,1969.9617055619242
2008,Thailand,51023.7477827884
2008,Togo,27.56982532060425
2008,Tunisia,107393.48377531416
2008,Turkey,255318.65833132097
2008,Turkmenistan,604798.9947234942
2008,Uganda,110.804789764239
2008,Ukraine,40220.63108164058
2008,United Arab Emirates,130383.7136122722
2008,United Kingdom,217.35890438006825
2008,United States,2608103.6660406156
2008,Uruguay,1389.4543301532574
2008,Uzbekistan,805716.320200971
2008,Venezuela,14890.299825923823
2008,Viet Nam,304324.6294379477
2008,Yemen,227301.76600146721
2008,Zambia,1787.9931129591528
2008,Zimbabwe,6871.1966181751495
2009,Afghanistan,428575.9629699773
2009,Albania,4614.065310622866
2009,Algeria,297570.2799795389
2009,Angola,8932.50490595908
2009,Argentina,51352.35984564833
2009,Armenia,11430.820559176444
2009,Australia,104730.3080077447
2009,Austria,26.09021473723008
2009,Azerbaijan,191346.8043628123
2009,Bahrain,23.919816502943974
2009,Bangladesh,167145.69893651217
2009,Belarus,30.52715345969614
2009,Belgium,146.84707169203725
2009,Benin,47.35776793337809
2009,Bhutan,106.30302203187786
2009,Bolivia,7026.975018847443
2009,Bosnia and Herzegovina,0.24446120884354605
2009,Botswana,135.3765888649712
2009,Brazil,27393.848272758776
2009,Brunei Darussalam,0.1716923209740616
2009,Bulgaria,6925.647530257479
2009,Burkina Faso,2493.2026823575375
2009,Burundi,156.98638811585408
2009,Cambodia,5034.406316698693
2009,Cameroon,85.92672438965907
2009,Canada,121846.69833316721
2009,Central African Republic,1.0340926819990794
2009,Chad,1373.9342313445893
2009,Chile,210811.29223599544
2009,China,4236793.495090388
2009,Colombia,603.3974846115354
2009,Costa Rica,1076.0653504657369
2009,Cote d'Ivoire,175.26158512643866
2009,Croatia,49.64939282954959
2009,Cuba,4333.104977767902
2009,Cyprus,10511.074826521308
2009,Czech Republic,9.537742837774735
2009,DR Congo,252.93832041478194
2009,Denmark,302.2689003848933
2009,Djibouti,537.4711688738386
2009,Dominican Republic,2935.4684501813817
2009,Ecuador,14604.181744240226
2009,Egypt,4543580.33841102
2009,El Salvador,456.6648877424277
2009,Eritrea,167.12603220735346
2009,Estonia,2.5664280566532385e-07
2009,Ethiopia,9154.367299282401
2009,Finland,173.8450058017532
2009,France,40128.130386170655
2009,Gabon,3.883476317277002
2009,Gambia,2.7109640153495
2009,Georgia,5448.932169629014
2009,Germany,684.7592970309091
2009,Ghana,421.9361765357135
2009,Greece,226338.0529625424
2009,Guatemala,1053.9818765948646
2009,Guinea,1465.3627511553673
2009,Haiti,297.9257659103567
2009,Honduras,403.8019938495106
2009,Hungary,3834.3397431471108
2009,India,7855110.636751767
2009,Indonesia,380330.9681974322
2009,Iran,3076770.7248632316
2009,Iraq,507194.2072286117
2009,Ireland,0.016003030950966484
2009,Israel,92025.81799236775
2009,Italy,225368.82922381358
2009,Jamaica,74.72066551198202
2009,Japan,2479.5693789592515
2009,Jordan,32770.309199953714
2009,Kazakhstan,223087.9941149817
2009,Kenya,5459.304184760819
2009,Kuwait,3910.494387383197
2009,Kyrgyzstan,57089.18471589827
2009,Laos,3826.4815030546442
2009,Latvia,0.01775049590847514
2009,Lebanon,39175.65635153245
2009,Liberia,0.037131267951023464
2009,Libya,140866.16163472141
2009,Lithuania,0.9218951477798524
2009,Luxembourg,0.0022214167193515587
2009,Macedonia,282.11333355592944
2009,Madagascar,16369.681636843343
2009,Malawi,668.2143584042238
2009,Malaysia,215.25038334866434
2009,Mali,81363.33790836413
2009,Mauritania,6228.522434279781
2009,Mexico,627931.5534452647
2009,Moldova,1153.6420098579465
2009,Mongolia,5504.821744285616
2009,Morocco,362702.2060806955
2009,Mozambique,619.3331584015485
2009,Myanmar,12592.108937778181
2009,Namibia,323.0011569310236
2009,Nepal,117420.85908940861
2009,Netherlands,253.92709756339354
2009,New Zealand,569.8711473268517
2009,Nicaragua,1136.5150201512026
2009,Niger,2652.792370960433
2009,Nigeria,3255.95021756438
2009,North Korea,8574.168422723014
2009,Norway,25.786080671428426
2009,Oman,20760.563087366005
2009,Pakistan,2526190.7452726346
2009,Panama,35.66434859970795
2009,Paraguay,180.95438925831093
2009,Peru,119680.58161714837
2009,Philippines,21429.70653576257
2009,Poland,130.76588440155314
2009,Portugal,88552.9155033837
2009,Qatar,1539.0592076671633
2009,Rep Congo,28.481963643631023
2009,Rest of Africa,2287.267978303587
2009,Rest of Americas,707.6158084999596
2009,Rest of Asia-Pacific,3913.899619464731
2009,Rest of Europe,4379.455782718939
2009,Romania,65705.97587392358
2009,Russia,76174.233329271
2009,Rwanda,19.35431554338318
2009,Saudi Arabia,301231.7264824148
2009,Senegal,56265.97248025793
2009,Serbia,79.12097722122708
2009,Sierra Leone,5.164827235776875
2009,Slovakia,25.692717307641512
2009,Slovenia,0.28703484623467224
2009,Somalia,20285.711623397983
2009,South Africa,41868.956718879395
2009,South Korea,5015.738064794941
2009,South Sudan,90.99788432912005
2009,Spain,967187.4399397237
2009,Sri Lanka,152740.75192551597
2009,Sudan,517257.93673582026
2009,Sweden,70.39347811666183
2009,Switzerland,1.5713460896933358
2009,Syria,396808.46780841786
2009,Tajikistan,133798.8878273061
2009,Tanzania,2164.4285250958537
2009,Thailand,51551.928426214225
2009,Togo,30.208762108789482
2009,Tunisia,100403.14404610862
2009,Turkey,197815.753419569
2009,Turkmenistan,483603.1268967656
2009,Uganda,126.32534328145557
2009,Ukraine,48984.3524631697
2009,United Arab Emirates,93941.21410933684
2009,United Kingdom,282.36403086957444
2009,United States,2322114.3264222066
2009,Uruguay,1200.702958042496
2009,Uzbekistan,670420.2306693378
2009,Venezuela,14542.277528210703
2009,Viet Nam,258345.75996491255
2009,Yemen,244915.22689893734
2009,Zambia,3109.3683053229192
2009,Zimbabwe,6423.566158012967
2010,Afghanistan,402562.995858839
2010,Albania,6019.73070076811
2010,Algeria,330613.89213883225
2010,Angola,9869.655735313774
2010,Argentina,47320.83344645761
2010,Armenia,12752.38655713972
2010,Australia,76823.53653274455
2010,Austria,16.018067267345177
2010,Azerbaijan,139506.04423756263
2010,Bahrain,23.702393956945965
2010,Bangladesh,187565.09875567636
2010,Belarus,114.72451172660801
2010,Belgium,172.6353688910638
2010,Benin,48.15874227751237
2010,Bhutan,96.71119891576433
2010,Bolivia,8139.473892444787
2010,Bosnia and Herzegovina,0.27639521500238234
2010,Botswana,154.7013315575343
2010,Brazil,32074.348397567257
2010,Brunei Darussalam,0.1018193034380666
2010,Bulgaria,4847.590786906601
2010,Burkina Faso,2573.972888884515
2010,Burundi,275.17112003161554
2010,Cambodia,5922.323316427295
2010,Cameroon,204.79221219161383
2010,Canada,55506.508707128894
2010,Central African Republic,0.3554494612187728
2010,Chad,1360.3319637978718
2010,Chile,206472.65447296508
2010,China,3710358.426832079
2010,Colombia,595.3760121313318
2010,Costa Rica,1273.1728559901248
2010,Cote d'Ivoire,214.33944022288404
2010,Croatia,41.977707855473554
2010,Cuba,3064.4316032132438
2010,Cyprus,8625.213736462376
2010,Czech Republic,10.09557071768481
2010,DR Congo,306.89189101684735
2010,Denmark,318.7104531391566
2010,Djibouti,419.8640941556509
2010,Dominican Republic,2760.095364568169
2010,Ecuador,10998.414684064255
2010,Egypt,4548309.309045976
2010,El Salvador,393.9490907741926
2010,Eritrea,162.30551410035523
2010,Estonia,0.001762593797575161
2010,Ethiopia,6462.6601032195085
2010,Finland,250.82639067881198
2010,France,39556.15003696738
2010,Gabon,4.145311072758816
2010,Gambia,2.7115222427012577
2010,Georgia,7052.560394150601
2010,Germany,729.6562790275277
2010,Ghana,503.87072315874474
2010,Greece,216443.34416516763
2010,Guatemala,845.7120968355468
2010,Guinea,1864.561796835207
2010,Haiti,349.31527644468594
2010,Honduras,309.1277195101493
2010,Hungary,1181.660025901804
2010,India,7069773.812274289
2010,Indonesia,93515.90786523971
2010,Iran,3071837.4248214136
2010,Iraq,442184.96106188453
2010,Ireland,0.06862330158740608
2010,Israel,80988.31751262452
2010,Italy,207120.0238678129
2010,Jamaica,40.766336728173776
2010,Japan,3030.667693528528
2010,Jordan,37240.75032583995
2010,Kazakhstan,239880.31244776354
2010,Kenya,4351.0997861278565
2010,Kuwait,3722.0882429538065
2010,Kyrgyzstan,49899.71791632445
2010,Laos,3941.756698563892
2010,Latvia,0.00025857701032513665
2010,Lebanon,40417.89981683224
2010,Liberia,0.010923359420830885
2010,Libya,155757.8071044924
2010,Lithuania,0.07115815848521281
2010,Luxembourg,0.004734102321572815
2010,Macedonia,246.62676056525396
2010,Madagascar,17703.96036509711
2010,Malawi,836.5540168472037
2010,Malaysia,246.83106183478046
2010,Mali,87688.01353048783
2010,Mauritania,10931.714863747846
2010,Mexico,629067.4516501563
2010,Moldova,464.0569392575527
2010,Mongolia,5208.947384832558
2010,Morocco,353869.24460590625
2010,Mozambique,632.305714991008
2010,Myanmar,13751.739282460814
2010,Namibia,359.3260511756168
2010,Nepal,112328.37034615774
2010,Netherlands,291.050740851852
2010,New Zealand,527.8610089436811
2010,Nicaragua,1151.0644559351515
2010,Niger,2486.1424684524577
2010,Nigeria,2744.642600444479
2010,North Korea,2706.4254375106307
2010,Norway,16.85445184953236
2010,Oman,21081.578213244567
2010,Pakistan,2014598.9485067117
2010,Panama,31.066549151619395
2010,Paraguay,141.07147472793667
2010,Peru,127380.99877160917
2010,Philippines,25704.014347196655
2010,Poland,196.09030206463
2010,Portugal,89227.01587767979
2010,Qatar,939.1153897737397
2010,Rep Congo,28.336717171981213
2010,Rest of Africa,2342.8686480140886
2010,Rest of Americas,927.5827434175959
2010,Rest of Asia-Pacific,2938.7028630193586
2010,Rest of Europe,3630.7160323057096
2010,Romania,35522.22492238764
2010,Russia,89098.86712211181
2010,Rwanda,20.424265331654844
2010,Saudi Arabia,294163.7380398462
2010,Senegal,54316.836480316604
2010,Serbia,26.313317844733678
2010,Sierra Leone,9.2563160891037
2010,Slovakia,9.876752457817624
2010,Slovenia,1.633364975494429
2010,Somalia,20603.850360767377
2010,South Africa,44692.91747600662
2010,South Korea,2556.2329718657825
2010,South Sudan,61.26112657495591
2010,Spain,775892.0184238263
2010,Sri Lanka,129131.20654930428
2010,Sudan,394434.07115751406
2010,Sweden,82.30832859176678
2010,Switzerland,7.042030919773631
2010,Syria,416239.1031270349
2010,Tajikistan,122440.79138153931
2010,Tanzania,2208.820043341569
2010,Thailand,64429.19793791607
2010,Togo,35.04564031601814
2010,Tunisia,98530.33268985132
2010,Turkey,157573.75097208473
2010,Turkmenistan,528057.2209404033
2010,Uganda,76.90960747098003
2010,Ukraine,33999.412076770255
2010,United Arab Emirates,99689.89511945522
2010,United Kingdom,433.48023838282944
2010,United States,2561596.1782670897
2010,Uruguay,776.8582140467076
2010,Uzbekistan,688126.079199736
2010,Venezuela,19292.224695385932
2010,Viet Nam,360880.9928397764
2010,Yemen,230200.14463782386
2010,Zambia,2622.5467172244694
2010,Zimbabwe,6683.495349927266
2011,Afghanistan,459939.9118209336
2011,Albania,7956.713746025097
2011,Algeria,312501.6677207893
2011,Angola,8759.66607308952
2011,Argentina,46253.92183383992
2011,Armenia,13198.258027891403
2011,Australia,132277.1919776682
2011,Austria,35.0817944702813
2011,Azerbaijan,152300.79743456456
2011,Bahrain,29.492852452716427
2011,Bangladesh,167629.2745825037
2011,Belarus,81.05177456093331
2011,Belgium,112.10690394320022
2011,Benin,42.652305310342506
2011,Bhutan,108.6633772680777
2011,Bolivia,8174.5831306983955
2011,Bosnia and Herzegovina,0.4238225961679136
2011,Botswana,153.15939034211033
2011,Brazil,27597.985775192887
2011,Brunei Darussalam,0.10532450051060302
2011,Bulgaria,8282.608929421707
2011,Burkina Faso,3878.015817627991
2011,Burundi,125.51362632701056
2011,Cambodia,5524.420078089737
2011,Cameroon,199.0674481453168
2011,Canada,93560.4773812601
2011,Central African Republic,0.7324317686398535
2011,Chad,1278.0649498319478
2011,Chile,205676.162675987
2011,China,4310388.722559685
2011,Colombia,393.33357797423633
2011,Costa Rica,1280.7916077402435
2011,Cote d'Ivoire,197.9591866294284
2011,Croatia,69.58387774671223
2011,Cuba,4653.963762770047
2011,Cyprus,8957.413655504257
2011,Czech Republic,13.102233072581878
2011,DR Congo,261.0568831152768
2011,Denmark,188.8522604196449
2011,Djibouti,501.66176558530395
2011,Dominican Republic,2736.4124265537594
2011,Ecuador,13633.497040439039
2011,Egypt,4432138.5558206085
2011,El Salvador,390.17086122863395
2011,Eritrea,166.7371609743289
2011,Estonia,0.011723413396446853
2011,Ethiopia,8519.321307825472
2011,Finland,124.1176382324125
2011,France,35235.805082817904
2011,Gabon,4.257806657007681
2011,Gambia,1.3202502679056929
2011,Georgia,6730.765612578108
2011,Germany,359.58275948358363
2011,Ghana,528.8227763573227
2011,Greece,222276.60929954
2011,Guatemala,728.0531539816503
2011,Guinea,2156.726036012978
2011,Haiti,363.60352740568396
2011,Honduras,390.4480705386168
2011,Hungary,3408.720060639655
2011,India,6984043.877369431
2011,Indonesia,366517.22409669065
2011,Iran,3204985.274423183
2011,Iraq,549147.602039882
2011,Ireland,0.19115333940838658
2011,Israel,83950.46563906923
2011,Italy,221445.53088136736
2011,Jamaica,59.30959618200963
2011,Japan,2652.7872476563907
2011,Jordan,33715.139185614054
2011,Kazakhstan,280434.7646672222
2011,Kenya,5044.138386386731
2011,Kuwait,4225.601683250186
2011,Kyrgyzstan,62735.29167211972
2011,Laos,3459.89321776012
2011,Latvia,0.01058640646404618
2011,Lebanon,33139.66344247804
2011,Liberia,0.0058293443550378335
2011,Libya,154055.11593719956
2011,Lithuania,0.888984038591635
2011,Luxembourg,0.003931361287140372
2011,Macedonia,371.860992471973
2011,Madagascar,15077.986911561666
2011,Malawi,720.1721302510207
2011,Malaysia,162.52264284070128
2011,Mali,96995.08768219959
2011,Mauritania,14524.009994493525
2011,Mexico,727138.1932244933
2011,Moldova,969.2613899481009
2011,Mongolia,6048.298303666434
2011,Morocco,335858.6404360084
2011,Mozambique,685.5327772775039
2011,Myanmar,10487.44685605638
2011,Namibia,403.4212850292983
2011,Nepal,100781.31319892859
2011,Netherlands,136.83545164994177
2011,New Zealand,298.3342914147942
2011,Nicaragua,1028.5938014858111
2011,Niger,1757.1637111399118
2011,Nigeria,3113.1341373441014
2011,North Korea,7879.617224277324
2011,Norway,21.760909956052174
2011,Oman,18276.378073745094
2011,Pakistan,1633016.8548876417
2011,Panama,28.339783940577554
2011,Paraguay,167.95307854050242
2011,Peru,128658.62683808802
2011,Philippines,20033.67567513888
2011,Poland,97.46897196266714
2011,Portugal,81347.10538064883
2011,Qatar,1194.9972936709307
2011,Rep Congo,22.20314203284077
2011,Rest of Africa,2248.353910585778
2011,Rest of Americas,493.7205874357439
2011,Rest of Asia-Pacific,3218.64775030462
2011,Rest of Europe,3688.652185101282
2011,Romania,60828.46363070548
2011,Russia,87573.29355127772
2011,Rwanda,13.335821970357536
2011,Saudi Arabia,287114.2274137429
2011,Senegal,53024.90704297814
2011,Serbia,121.84716743118597
2011,Sierra Leone,7.5866330139733815
2011,Slovakia,18.320584117364877
2011,Slovenia,0.9750509644696218
2011,Somalia,18116.512378152245
2011,South Africa,41572.36659682816
2011,South Korea,3681.549094681151
2011,South Sudan,85.008517570247
2011,Spain,847691.6584540452
2011,Sri Lanka,164395.82766027705
2011,Sudan,487147.93846886815
2011,Sweden,19.7697291007727
2011,Switzerland,3.7384461120199366
2011,Syria,417634.725011531
2011,Tajikistan,178030.67145253625
2011,Tanzania,2237.8983285035133
2011,Thailand,47202.621738006164
2011,Togo,38.866186625345506
2011,Tunisia,100950.97345178567
2011,Turkey,129314.89413700537
2011,Turkmenistan,541312.6036768818
2011,Uganda,85.65302833111006
2011,Ukraine,41819.589510606245
2011,United Arab Emirates,34861.00283100736
2011,United Kingdom,342.3286578672348
2011,United States,2843701.654273317
2011,Uruguay,1518.1882179448141
2011,Uzbekistan,788109.2136455574
2011,Venezuela,9586.960215749348
2011,Viet Nam,265495.6196391929
2011,Yemen,238577.974907882
2011,Zambia,3528.627051475812
2011,Zimbabwe,7178.5387780783085
2012,Afghanistan,458532.193444064
2012,Albania,9474.829976832923
2012,Algeria,377485.5247348476
2012,Angola,10079.546002197483
2012,Argentina,53681.223185054616
2012,Armenia,14094.846758519509
2012,Australia,173913.1427122948
2012,Austria,79.06107529981499
2012,Azerbaijan,162981.63341111006
2012,Bahrain,34.4287516012947
2012,Bangladesh,166160.19145292422
2012,Belarus,60.052754116290345
2012,Belgium,24.325505619782586
2012,Benin,59.086517294695994
2012,Bhutan,98.53756814547053
2012,Bolivia,7517.8962710434125
2012,Bosnia and Herzegovina,0.685470416478711
2012,Botswana,152.9238871795687
2012,Brazil,38177.318114893016
2012,Brunei Darussalam,0.2851867431626232
2012,Bulgaria,10060.76382565046
2012,Burkina Faso,3624.6106445505156
2012,Burundi,180.69803223208555
2012,Cambodia,5372.6387798195865
2012,Cameroon,191.45370785523914
2012,Canada,94059.45542901331
2012,Central African Republic,0.24197629236287585
2012,Chad,1296.9795141182983
2012,Chile,223120.73265312982
2012,China,3751835.661018285
2012,Colombia,642.6558945954105
2012,Costa Rica,935.403413871205
2012,Cote d'Ivoire,209.29524567247805
2012,Croatia,85.94245030873611
2012,Cuba,3402.859804970919
2012,Cyprus,8688.488819480655
2012,Czech Republic,19.524666562235296
2012,DR Congo,253.7013390594635
2012,Denmark,103.3432555214394
2012,Djibouti,496.0778979627125
2012,Dominican Republic,2484.1015823016423
2012,Ecuador,11820.807567767282
2012,Egypt,4689459.541313682
2012,El Salvador,416.3170662749352
2012,Eritrea,182.58069244651816
2012,Estonia,1.1073804523698404e-05
2012,Ethiopia,8516.539112493521
2012,Finland,56.86763360439869
2012,France,40592.71781679149
2012,Gabon,5.503298585809702
2012,Gambia,2.096474149995511
2012,Georgia,7294.589237340057
2012,Germany,440.54447052856096
2012,Ghana,642.2629844365573
2012,Greece,273480.63764951844
2012,Guatemala,1022.4268034341826
2012,Guinea,2169.412722322105
2012,Haiti,479.9870347314766
2012,Honduras,403.4482114494289
2012,Hungary,4932.414367929677
2012,India,8145576.762773659
2012,Indonesia,407560.1046428621
2012,Iran,3450515.8998736623
2012,Iraq,623200.5602437615
2012,Ireland,0.006358970248343825
2012,Israel,91651.60829671171
2012,Italy,284016.73501317896
2012,Jamaica,70.38419556646603
2012,Japan,3284.3194760138513
2012,Jordan,35495.29312482196
2012,Kazakhstan,271661.23803236976
2012,Kenya,5199.558797987214
2012,Kuwait,4074.204597844266
2012,Kyrgyzstan,68817.47556873807
2012,Laos,3926.182479601144
2012,Latvia,0.0001377288143420617
2012,Lebanon,39318.415671693925
2012,Liberia,0.005154254795515515
2012,Libya,171804.96740001263
2012,Lithuania,0.07229946029677643
2012,Luxembourg,0.00016167781187438276
2012,Macedonia,477.66801116171644
2012,Madagascar,15539.215464243802
2012,Malawi,1092.334254513506
2012,Malaysia,197.80580173572696
2012,Mali,99274.80992820069
2012,Mauritania,16037.752459074321
2012,Mexico,693642.702517322
2012,Moldova,1666.7275952708878
2012,Mongolia,5387.226878109114
2012,Morocco,426242.5167441886
2012,Mozambique,807.2085019380088
2012,Myanmar,12655.627687766182
2012,Namibia,355.56175769379763
2012,Nepal,116532.37911721019
2012,Netherlands,85.49151828187303
2012,New Zealand,100.56207547779297
2012,Nicaragua,1447.503730139741
2012,Niger,2233.749352187007
2012,Nigeria,3316.063218344172
2012,North Korea,8711.893199896183
2012,Norway,7.028835050240614
2012,Oman,16983.62172491311
2012,Pakistan,1796850.6830253403
2012,Panama,38.67790165910043
2012,Paraguay,391.0592791141804
2012,Peru,125881.75639303055
2012,Philippines,18933.675296763937
2012,Poland,106.27293523664866
2012,Portugal,94612.79682085644
2012,Qatar,1247.8043482430166
2012,Rep Congo,21.9594388938099
2012,Rest of Africa,2361.260659437526
2012,Rest of Americas,604.8233026913739
2012,Rest of Asia-Pacific,3275.0003177640997
2012,Rest of Europe,3676.7045752487556
2012,Romania,95427.89523706216
2012,Russia,95888.66451993556
2012,Rwanda,24.968761658670456
2012,Saudi Arabia,272778.4622674509
2012,Senegal,46634.47649278665
2012,Serbia,158.42891779322161
2012,Sierra Leone,5.795322697738801
2012,Slovakia,53.122889296923624
2012,Slovenia,2.770287843579473
2012,Somalia,18629.7682031238
2012,South Africa,50534.62103087136
2012,South Korea,4309.124010694221
2012,South Sudan,31.90023744998912
2012,Spain,1045489.3412900716
2012,Sri Lanka,186013.82140042455
2012,Sudan,451172.50022891717
2012,Sweden,23.831831131175914
2012,Switzerland,1.2863383324048259
2012,Syria,426188.3278217195
2012,Tajikistan,150285.9360011848
2012,Tanzania,2130.0661037056684
2012,Thailand,57230.45663541067
2012,Togo,53.237056552004475
2012,Tunisia,114264.90351548567
2012,Turkey,236284.53057669057
2012,Turkmenistan,660541.658757815
2012,Uganda,113.44826891920988
2012,Ukraine,69800.68817489904
2012,United Arab Emirates,18108.613723939245
2012,United Kingdom,64.50749590593735
2012,United States,3320608.8528802753
2012,Uruguay,1413.6569109430645
2012,Uzbekistan,792593.2139820963
2012,Venezuela,11309.122602902726
2012,Viet Nam,277218.97816514526
2012,Yemen,251566.68592576258
2012,Zambia,3719.9224200692533
2012,Zimbabwe,9713.333163214127
2013,Afghanistan,434483.5658564566
2013,Albania,6941.95572387738
2013,Algeria,315956.62974013976
2013,Angola,11208.385690486579
2013,Argentina,50229.69765281459
2013,Armenia,14801.093891026658
2013,Australia,209063.69136952798
2013,Austria,74.51327603139214
2013,Azerbaijan,145615.31277034522
2013,Bahrain,34.8694856725896
2013,Bangladesh,168069.3740530106
2013,Belarus,107.5261446399672
2013,Belgium,178.583008152871
2013,Benin,88.05999699543449
2013,Bhutan,98.63980928233804
2013,Bolivia,6954.714363620172
2013,Bosnia and Herzegovina,0.44261576731973895
2013,Botswana,160.03510539884235
2013,Brazil,31814.419865982443
2013,Brunei Darussalam,0.115107415445732
2013,Bulgaria,5739.384182428424
2013,Burkina Faso,4313.841526031519
2013,Burundi,126.212011926887
2013,Cambodia,6933.209988179917
2013,Cameroon,251.14279656733407
2013,Canada,113754.4425876294
2013,Central African Republic,0.8743287583372383
2013,Chad,1325.7389086368382
2013,Chile,181649.44405618217
2013,China,3968798.785888732
2013,Colombia,720.5902908520451
2013,Costa Rica,1179.011872195021
2013,Cote d'Ivoire,227.24201567598396
2013,Croatia,67.76997477853352
2013,Cuba,3509.5663017372185
2013,Cyprus,8286.648816251527
2013,Czech Republic,15.861763976183207
2013,DR Congo,298.97546542256373
2013,Denmark,529.4453943430957
2013,Djibouti,515.3957735803987
2013,Dominican Republic,3895.9324159579237
2013,Ecuador,13662.212639254427
2013,Egypt,4724353.046812694
2013,El Salvador,441.0048254145871
2013,Eritrea,173.15716778850165
2013,Estonia,0.011079734261201547
2013,Ethiopia,8662.942909375115
2013,Finland,140.07845943085553
2013,France,27803.80072248702
2013,Gabon,5.448368155191397
2013,Gambia,2.148610539165199
2013,Georgia,7895.830103948226
2013,Germany,739.3311143493215
2013,Ghana,757.376772720615
2013,Greece,233355.53840471755
2013,Guatemala,1063.4929321262268
2013,Guinea,2215.335664265767
2013,Haiti,520.581164737561
2013,Honduras,319.434841111917
2013,Hungary,4531.018821591844
2013,India,7006542.285988028
2013,Indonesia,202388.65443845873
2013,Iran,3425900.2003686875
2013,Iraq,531066.1760287847
2013,Ireland,0.9060363673719944
2013,Israel,100457.91286948918
2013,Italy,235654.47511174975
2013,Jamaica,69.21319383821331
2013,Japan,3178.428404607986
2013,Jordan,35994.023221353425
2013,Kazakhstan,255213.4496522455
2013,Kenya,4811.546969449936
2013,Kuwait,4133.984759469412
2013,Kyrgyzstan,66948.21098676685
2013,Laos,3465.3760271056262
2013,Latvia,0.024939058728681365
2013,Lebanon,36894.71557559967
2013,Liberia,0.004099233115842088
2013,Libya,183257.75622431166
2013,Lithuania,1.1426678518708937
2013,Luxembourg,0.0013482556567777425
2013,Macedonia,364.7727384492856
2013,Madagascar,14598.778266651425
2013,Malawi,870.7311621187753
2013,Malaysia,177.56486436058668
2013,Mali,112647.02545749345
2013,Mauritania,17152.189339079032
2013,Mexico,698595.778169553
2013,Moldova,688.1554060664951
2013,Mongolia,5215.0490367231405
2013,Morocco,400465.2160387344
2013,Mozambique,745.6629734124971
2013,Myanmar,10945.258800709355
2013,Namibia,370.91408683529096
2013,Nepal,95382.63875158917
2013,Netherlands,303.4731038871519
2013,New Zealand,303.79462931916277
2013,Nicaragua,1353.6101780982692
2013,Niger,2249.152938013586
2013,Nigeria,3275.0714408379654
2013,North Korea,6106.013664356393
2013,Norway,46.03845266075413
2013,Oman,17227.73379306782
2013,Pakistan,2434457.8327424545
2013,Panama,31.2000937899013
2013,Paraguay,264.4047024222175
2013,Peru,132545.43685228322
2013,Philippines,21295.888159130704
2013,Poland,180.61111952465095
2013,Portugal,90402.21434318827
2013,Qatar,1008.9942973894284
2013,Rep Congo,21.31024210466467
2013,Rest of Africa,2217.4362958100633
2013,Rest of Americas,704.0098643835393
2013,Rest of Asia-Pacific,3228.3668324827536
2013,Rest of Europe,3506.053136577271
2013,Romania,65891.7930686463
2013,Russia,80933.65542659404
2013,Rwanda,22.72603853314634
2013,Saudi Arabia,246588.4536097522
2013,Senegal,43924.359764599496
2013,Serbia,151.45958036164637
2013,Sierra Leone,4.641583304253635
2013,Slovakia,44.46906745498408
2013,Slovenia,4.720467111996971
2013,Somalia,17301.737176675397
2013,South Africa,53850.56695345974
2013,South Korea,2665.73169359862
2013,South Sudan,37.36327702502857
2013,Spain,816069.6864313554
2013,Sri Lanka,160442.62839232007
2013,Sudan,507559.14349320775
2013,Sweden,78.33057371960518
2013,Switzerland,4.685432743901669
2013,Syria,275443.33985545463
2013,Tajikistan,160363.92017355523
2013,Tanzania,2226.885905894596
2013,Thailand,58278.187713794236
2013,Togo,56.438300894607146
2013,Tunisia,107994.25421367407
2013,Turkey,181140.0852094186
2013,Turkmenistan,578843.4535439026
2013,Uganda,99.56463299755504
2013,Ukraine,52042.47577062759
2013,United Arab Emirates,18248.814588154328
2013,United Kingdom,445.7777042511622
2013,United States,3039295.370011622
2013,Uruguay,803.0360619171688
2013,Uzbekistan,700701.8799885979
2013,Venezuela,17473.831640690743
2013,Viet Nam,341317.9893810437
2013,Yemen,238638.0514374216
2013,Zambia,4121.7491895595895
2013,Zimbabwe,8418.343691781143
2014,Afghanistan,477329.84333279845
2014,Albania,4015.7427352195996
2014,Algeria,348552.18587641284
2014,Angola,11441.351704800563
2014,Argentina,53464.299623451676
2014,Armenia,17881.297527362483
2014,Australia,169851.82271058107
2014,Austria,32.40096503170372
2014,Azerbaijan,209533.72573307948
2014,Bahrain,37.97265357835439
2014,Bangladesh,158085.35131190144
2014,Belarus,80.7443856880243
2014,Belgium,21.665201963312885
2014,Benin,57.189785982206
2014,Bhutan,90.03446614478804
2014,Bolivia,6320.186660891602
2014,Bosnia and Herzegovina,0.08136324566399274
2014,Botswana,116.3121699007051
2014,Brazil,28684.020771514068
2014,Brunei Darussalam,0.15701489864036777
2014,Bulgaria,3530.56584334036
2014,Burkina Faso,4167.601178946122
2014,Burundi,149.36689858908434
2014,Cambodia,7293.404831700077
2014,Cameroon,191.85160421140475
2014,Canada,84660.59027759644
2014,Central African Republic,0.6459694991966292
2014,Chad,1307.3909037212848
2014,Chile,233156.90446342
2014,China,4110062.423084447
2014,Colombia,913.8861789615462
2014,Costa Rica,885.2809061215022
2014,Cote d'Ivoire,216.03098200549653
2014,Croatia,14.748073658324685
2014,Cuba,2900.9740892733157
2014,Cyprus,8059.632101132437
2014,Czech Republic,15.083141478803341
2014,DR Congo,308.6653455969403
2014,Denmark,504.6644261032056
2014,Djibouti,500.858492088242
2014,Dominican Republic,4412.7989522404505
2014,Ecuador,11407.761236465589
2014,Egypt,4649122.817474257
2014,El Salvador,393.86243164573733
2014,Eritrea,164.30058077156963
2014,Estonia,0.004771558129721738
2014,Ethiopia,8055.7650090535835
2014,Finland,226.19378899579283
2014,France,14774.590327922326
2014,Gabon,5.2241092316656985
2014,Gambia,2.2223752037049587
2014,Georgia,8835.341009114261
2014,Germany,275.2322267942683
2014,Ghana,536.7498844599407
2014,Greece,167077.95081892223
2014,Guatemala,619.5654160183478
2014,Guinea,2194.3491704485
2014,Haiti,546.1822287186229
2014,Honduras,308.747188544425
2014,Hungary,2665.1541539354243
2014,India,7225722.005287041
2014,Indonesia,263436.6672310334
2014,Iran,3374873.7809000774
2014,Iraq,483586.9801213308
2014,Ireland,0.7188521860538549
2014,Israel,102215.1313275225
2014,Italy,175023.769101427
2014,Jamaica,88.84140251490265
2014,Japan,2497.733260991305
2014,Jordan,36106.49022673735
2014,Kazakhstan,294597.36370733124
2014,Kenya,5185.783077763472
2014,Kuwait,3671.1375112756814
2014,Kyrgyzstan,78161.73739857155
2014,Laos,4263.130372869612
2014,Latvia,0.011251098420120103
2014,Lebanon,41129.56317468466
2014,Liberia,0.004693039584853642
2014,Libya,169918.4928923696
2014,Lithuania,0.7861093596722921
2014,Luxembourg,0.0022636735512673793
2014,Macedonia,231.63902528616558
2014,Madagascar,16763.067009308426
2014,Malawi,985.8933286550209
2014,Malaysia,250.79675121312897
2014,Mali,110328.21249169983
2014,Mauritania,29593.724969533017
2014,Mexico,641582.956035444
2014,Moldova,771.9920971276891
2014,Mongolia,6266.376039159155
2014,Morocco,429209.76924084907
2014,Mozambique,757.5812928568308
2014,Myanmar,12546.636328966326
2014,Namibia,238.1151040155121
2014,Nepal,126760.16137405718
2014,Netherlands,108.57676676000544
2014,New Zealand,343.90859192628216
2014,Nicaragua,1311.664886014211
2014,Niger,2264.202757394624
2014,Nigeria,3442.4537375874897
2014,North Korea,9506.251336805366
2014,Norway,31.099341431594834
2014,Oman,20370.32801146851
2014,Pakistan,2435315.572639964
2014,Panama,43.85222764868808
2014,Paraguay,374.38328657983493
2014,Peru,137063.21870530397
2014,Philippines,25652.581330644287
2014,Poland,166.23822988629567
2014,Portugal,75981.50039001224
2014,Qatar,1753.9462676174328
2014,Rep Congo,20.526806179618603
2014,Rest of Africa,2175.811438694265
2014,Rest of Americas,785.0634086343099
2014,Rest of Asia-Pacific,3022.134895553517
2014,Rest of Europe,3309.8488822024974
2014,Romania,35000.32866943383
2014,Russia,90776.67008052515
2014,Rwanda,39.17478182788564
2014,Saudi Arabia,225854.68569635143
2014,Senegal,73191.53747559931
2014,Serbia,23.624653490694758
2014,Sierra Leone,4.943259621419253
2014,Slovakia,17.55120600098112
2014,Slovenia,0.12252748960489468
2014,Somalia,18187.261445775628
2014,South Africa,45468.61376510419
2014,South Korea,4211.458306167984
2014,South Sudan,32.552911506542976
2014,Spain,904268.096676676
2014,Sri Lanka,136065.8679514826
2014,Sudan,533714.65412633
2014,Sweden,62.03411673313401
2014,Switzerland,3.048402269113071
2014,Syria,316463.04675489414
2014,Tajikistan,151871.93831727584
2014,Tanzania,1870.1308902653984
2014,Thailand,57184.630917304516
2014,Togo,50.01840731021251
2014,Tunisia,111818.72359418978
2014,Turkey,172472.4584126426
2014,Turkmenistan,659892.0592075754
2014,Uganda,127.693314761412
2014,Ukraine,52773.58586256442
2014,United Arab Emirates,37277.4348609323
2014,United Kingdom,177.9633681899577
2014,United States,2740139.2911037486
2014,Uruguay,955.4024988589322
2014,Uzbekistan,796163.1480721695
2014,Venezuela,21460.173012680418
2014,Viet Nam,321550.54879767366
2014,Yemen,221638.11328882969
2014,Zambia,3045.9385936066847
2014,Zimbabwe,7459.3255413751995
2015,Afghanistan,421444.51051238505
2015,Albania,7422.133274192476
2015,Algeria,368165.70389222016
2015,Angola,11428.972940185358
2015,Argentina,38739.80168908752
2015,Armenia,20032.152614103914
2015,Australia,115319.03694245653
2015,Austria,92.20922166277003
2015,Azerbaijan,200845.08538050557
2015,Bahrain,35.579015023092936
2015,Bangladesh,143837.3456605978
2015,Belarus,264.4073603761487
2015,Belgium,147.27036436651682
2015,Benin,72.08497168220839
2015,Bhutan,90.30076356993115
2015,Bolivia,6157.500294773257
2015,Bosnia and Herzegovina,0.636293184490511
2015,Botswana,81.05370069116779
2015,Brazil,29284.032600309296
2015,Brunei Darussalam,0.14157354161385816
2015,Bulgaria,6888.00843874254
2015,Burkina Faso,3883.5639642626
2015,Burundi,164.6147238057114
2015,Cambodia,7825.591394468432
2015,Cameroon,347.36347387833655
2015,Canada,115390.12643374379
2015,Central African Republic,1.6796515366974691
2015,Chad,1454.9686711740976
2015,Chile,204534.63103834548
2015,China,4366946.8555615945
2015,Colombia,848.603064873557
2015,Costa Rica,949.0745024171057
2015,Cote d'Ivoire,267.8196138267816
2015,Croatia,76.3218551279445
2015,Cuba,4767.731411984887
2015,Cyprus,8157.35005563263
2015,Czech Republic,37.71014928041438
2015,DR Congo,313.003416644188
2015,Denmark,229.23185841807805
2015,Djibouti,517.3485207964512
2015,Dominican Republic,5285.20598033979
2015,Ecuador,11714.175150665149
2015,Egypt,4757711.40453008
2015,El Salvador,512.5334731633707
2015,Eritrea,170.3697510357638
2015,Estonia,0.0029409589778643746
2015,Ethiopia,9277.065585917062
2015,Finland,88.2367125446585
2015,France,46028.83382550833
2015,Gabon,5.866806251489531
2015,Gambia,2.7208936734435327
2015,Georgia,11010.36053821667
2015,Germany,729.3406221352258
2015,Ghana,749.178868721382
2015,Greece,167391.2793396355
2015,Guatemala,1015.5757186258405
2015,Guinea,2232.056934017919
2015,Haiti,855.2252401710494
2015,Honduras,311.88863843934183
2015,Hungary,4397.531427186718
2015,India,7078947.489721272
2015,Indonesia,426799.1588730675
2015,Iran,3374739.6716037504
2015,Iraq,283431.9130654221
2015,Ireland,0.31754778882129264
2015,Israel,94046.81514032469
2015,Italy,217168.868662235
2015,Jamaica,125.92532370406522
2015,Japan,3072.334589252593
2015,Jordan,35202.87328853923
2015,Kazakhstan,292589.93348118506
2015,Kenya,5047.393150590763
2015,Kuwait,3576.1188861838546
2015,Kyrgyzstan,61668.93530903837
2015,Laos,3948.3350571920773
2015,Latvia,0.030142951702975304
2015,Lebanon,38828.647068784914
2015,Liberia,0.004658049566881232
2015,Libya,157838.4311390566
2015,Lithuania,2.083434918364046
2015,Luxembourg,0.007318255709656121
2015,Macedonia,377.2824230310022
2015,Madagascar,15429.832085937589
2015,Malawi,924.7090937788162
2015,Malaysia,235.73693680458314
2015,Mali,121777.51930197366
2015,Mauritania,20059.246954440085
2015,Mexico,574876.9449612133
2015,Moldova,1532.27788860458
2015,Mongolia,8997.429909751583
2015,Morocco,425105.8661854847
2015,Mozambique,752.8747479805191
2015,Myanmar,11889.380866755995
2015,Namibia,285.3380298551289
2015,Nepal,103806.42671915064
2015,Netherlands,266.10288642281165
2015,New Zealand,943.1541479342358
2015,Nicaragua,1394.967904954639
2015,Niger,3701.8402872391825
2015,Nigeria,3707.7537186048708
2015,North Korea,9418.414862929618
2015,Norway,4.6080480982735725
2015,Oman,19908.63111298745
2015,Pakistan,2392263.3635527967
2015,Panama,49.20711129133581
2015,Paraguay,210.71854206069074
2015,Peru,128741.79499986667
2015,Philippines,25400.155182900635
2015,Poland,269.8088589010327
2015,Portugal,98086.24631818922
2015,Qatar,2030.9191335380638
2015,Rep Congo,16.361427392401662
2015,Rest of Africa,2272.980215634387
2015,Rest of Americas,873.674066197977
2015,Rest of Asia-Pacific,3194.7277995706777
2015,Rest of Europe,3169.739378316636
2015,Romania,73499.05177640457
2015,Russia,87346.55705875554
2015,Rwanda,41.34949069553244
2015,Saudi Arabia,228833.59468183783
2015,Senegal,91625.69625764446
2015,Serbia,155.53718343501384
2015,Sierra Leone,4.767024868791618
2015,Slovakia,45.87658386059926
2015,Slovenia,1.5009297389129144
2015,Somalia,18799.65341227577
2015,South Africa,59569.51863322456
2015,South Korea,4806.182624266267
2015,South Sudan,30.416470733238803
2015,Spain,923203.6655135772
2015,Sri Lanka,162436.55090062373
2015,Sudan,448206.207487424
2015,Sweden,33.72489765136605
2015,Switzerland,13.543741490296707
2015,Syria,286423.16379373363
2015,Tajikistan,143814.61274255294
2015,Tanzania,2149.698614903543
2015,Thailand,51261.81201808811
2015,Togo,56.073930166310305
2015,Tunisia,115229.64908315205
2015,Turkey,142501.94433003498
2015,Turkmenistan,654131.7589851421
2015,Uganda,114.44680626881326
2015,Ukraine,35773.78581299236
2015,United Arab Emirates,41434.70610982341
2015,United Kingdom,334.86371157844576
2015,United States,2447947.113208102
2015,Uruguay,652.1262732129671
2015,Uzbekistan,710568.9163672461
2015,Venezuela,22972.525326970957
2015,Viet Nam,323145.33906232525
2015,Yemen,229107.27897519284
2015,Zambia,3216.5411067402088
2015,Zimbabwe,8110.073780820501
2016,Afghanistan,438742.9610473926
2016,Albania,4795.835710546769
2016,Algeria,388071.7825899109
2016,Angola,12415.696430036729
2016,Argentina,33746.916319186974
2016,Armenia,15285.929660011467
2016,Australia,113525.22766630889
2016,Austria,28.465256605885948
2016,Azerbaijan,159278.11692244152
2016,Bahrain,37.70330454339102
2016,Bangladesh,144186.78998383685
2016,Belarus,152.88151269404102
2016,Belgium,71.97709400878215
2016,Benin,65.0285387733438
2016,Bhutan,93.22763196484944
2016,Bolivia,8574.866914141747
2016,Bosnia and Herzegovina,0.2718382048821695
2016,Botswana,133.81597015983107
2016,Brazil,29288.478800824367
2016,Brunei Darussalam,0.19296288143132304
2016,Bulgaria,9198.159868709618
2016,Burkina Faso,4803.594280243941
2016,Burundi,228.65212629879946
2016,Cambodia,10700.29922540389
2016,Cameroon,378.40567774806635
2016,Canada,62437.93139115426
2016,Central African Republic,0.10054920146606104
2016,Chad,1437.4616992659267
2016,Chile,216316.48703504083
2016,China,3604368.3865830917
2016,Colombia,912.3019128414769
2016,Costa Rica,976.894294298661
2016,Cote d'Ivoire,257.3151929484875
2016,Croatia,43.87471464374682
2016,Cuba,3556.5201519676853
2016,Cyprus,9040.542035687005
2016,Czech Republic,12.437547667917968
2016,DR Congo,257.0112138767382
2016,Denmark,202.39927963635202
2016,Djibouti,472.034851353198
2016,Dominican Republic,3559.7450558479004
2016,Ecuador,13729.740629297354
2016,Egypt,4766618.860756278
2016,El Salvador,395.65732380899124
2016,Eritrea,169.27550010374844
2016,Estonia,0.0003108126651554917
2016,Ethiopia,8060.095325095665
2016,Finland,75.05590212613504
2016,France,35274.735505649274
2016,Gabon,5.464194991122705
2016,Gambia,2.6016035694121338
2016,Georgia,8114.859266002692
2016,Germany,652.0201487769713
2016,Ghana,551.4981586495985
2016,Greece,187740.4032144386
2016,Guatemala,852.9649519958057
2016,Guinea,2289.1453025187197
2016,Haiti,356.38829972388686
2016,Honduras,301.3928622398869
2016,Hungary,1479.2399904592792
2016,India,8134199.895463013
2016,Indonesia,129152.08708078529
2016,Iran,3121461.594598762
2016,Iraq,237772.0476980846
2016,Ireland,0.15022886947915953
2016,Israel,91727.7526627417
2016,Italy,190216.05587108928
2016,Jamaica,56.68753436200679
2016,Japan,2855.2940606355673
2016,Jordan,35785.969748973504
2016,Kazakhstan,241038.2272554524
2016,Kenya,5191.3813238327375
2016,Kuwait,3210.737043819746
2016,Kyrgyzstan,36175.42541299903
2016,Laos,4269.186190223538
2016,Latvia,0.0063412112086473115
2016,Lebanon,42180.95366468544
2016,Liberia,0.005898660059045072
2016,Libya,174861.66960692056
2016,Lithuania,0.7638167495877193
2016,Luxembourg,0.0006727470766608538
2016,Macedonia,287.04290487096057
2016,Madagascar,16327.681228075224
2016,Malawi,930.2927688686609
2016,Malaysia,337.96302972349946
2016,Mali,138875.7106876051
2016,Mauritania,20321.00554481309
2016,Mexico,643119.2931628313
2016,Moldova,1035.0602775431835
2016,Mongolia,7185.892264358124
2016,Morocco,442584.04206103133
2016,Mozambique,910.3226454568787
2016,Myanmar,11654.921217850024
2016,Namibia,340.20455918038203
2016,Nepal,112595.48690816818
2016,Netherlands,144.97963854605285
2016,New Zealand,317.2303962145386
2016,Nicaragua,1356.2184994011932
2016,Niger,3357.1582698379493
2016,Nigeria,3484.441319053675
2016,North Korea,3960.8223010825627
2016,Norway,18.186371827615666
2016,Oman,18543.730290894677
2016,Pakistan,2313451.4839012325
2016,Panama,54.17247853968585
2016,Paraguay,168.64637481588903
2016,Peru,123573.6743107546
2016,Philippines,23405.753125780648
2016,Poland,125.42703833449895
2016,Portugal,80627.56173343808
2016,Qatar,1911.161542256662
2016,Rep Congo,15.1183480067169
2016,Rest of Africa,2286.3489478727984
2016,Rest of Americas,728.4903778072601
2016,Rest of Asia-Pacific,2244.306141178557
2016,Rest of Europe,3592.5102619075437
2016,Romania,70288.64727279206
2016,Russia,80422.04744016651
2016,Rwanda,42.440104562759714
2016,Saudi Arabia,204087.91263164702
2016,Senegal,113577.71384665095
2016,Serbia,47.143810842620944
2016,Sierra Leone,5.561202073294973
2016,Slovakia,15.744756052659628
2016,Slovenia,1.0550786845682885
2016,Somalia,17174.81046477775
2016,South Africa,47135.49619458896
2016,South Korea,3870.3072318843588
2016,South Sudan,30.13357799709
2016,Spain,888654.4831667584
2016,Sri Lanka,148762.01980360487
2016,Sudan,555607.608494119
2016,Sweden,38.14376943645506
2016,Switzerland,0.7321273276115263
2016,Syria,305049.14326058066
2016,Tajikistan,144479.95987509115
2016,Tanzania,1722.0925108297315
2016,Thailand,64513.33145593367
2016,Togo,56.45687166022677
2016,Tunisia,114437.8970157921
2016,Turkey,190079.6930256499
2016,Turkmenistan,519573.69379932777
2016,Uganda,105.80985851680666
2016,Ukraine,38944.02082151018
2016,United Arab Emirates,39913.181002723046
2016,United Kingdom,160.27272327774418
2016,United States,2893582.04895284
2016,Uruguay,1015.5042074960204
2016,Uzbekistan,630366.7143509865
2016,Venezuela,20458.564204050588
2016,Viet Nam,346569.270489063
2016,Yemen,209972.55717284206
2016,Zambia,2907.360455723137
2016,Zimbabwe,8698.043885430508
2017,Afghanistan,443655.74065988866
2017,Albania,8898.27662695631
2017,Algeria,407953.1663924491
2017,Angola,12556.896482569098
2017,Argentina,49204.70813780868
2017,Armenia,21625.155823776382
2017,Australia,184036.39628346692
2017,Austria,95.51619332970375
2017,Azerbaijan,198510.61996516242
2017,Bahrain,27.062919209589374
2017,Bangladesh,124212.27450838473
2017,Belarus,94.79516868568132
2017,Belgium,204.429864281546
2017,Benin,67.77098540664004
2017,Bhutan,86.88663372359548
2017,Bolivia,7347.218759695708
2017,Bosnia and Herzegovina,0.6770026240863739
2017,Botswana,92.02965899536561
2017,Brazil,26178.40957796538
2017,Brunei Darussalam,0.10908139045480009
2017,Bulgaria,9685.634019236977
2017,Burkina Faso,5377.000138424224
2017,Burundi,195.25529214026645
2017,Cambodia,7365.054452278184
2017,Cameroon,306.8371464303807
2017,Canada,165519.13671533155
2017,Central African Republic,0.426709593153875
2017,Chad,1408.9801866319383
2017,Chile,219063.21460231463
2017,China,4327960.741136673
2017,Colombia,683.5837547537225
2017,Costa Rica,704.9652372946396
2017,Cote d'Ivoire,259.35425616473634
2017,Croatia,87.83217459631646
2017,Cuba,4328.744431441856
2017,Cyprus,7918.758367946036
2017,Czech Republic,25.35942826517331
2017,DR Congo,262.9730738167784
2017,Denmark,185.77715949240334
2017,Djibouti,503.3182101687405
2017,Dominican Republic,3197.938722157273
2017,Ecuador,10799.845280509016
2017,Egypt,4841505.267781836
2017,El Salvador,459.3621473271481
2017,Eritrea,182.4429089887041
2017,Estonia,0.015435896982770737
2017,Ethiopia,8653.106593522136
2017,Finland,113.97890743354523
2017,France,43422.823133600075
2017,Gabon,5.69592232439446
2017,Gambia,2.513915304499607
2017,Georgia,7974.100006813738
2017,Germany,257.4241903459157
2017,Ghana,595.9281612618876
2017,Greece,182472.35072472048
2017,Guatemala,691.3751983675663
2017,Guinea,2394.4362310349493
2017,Haiti,408.74399275225795
2017,Honduras,296.6121825743149
2017,Hungary,3691.484516196428
2017,India,7681379.256692164
2017,Indonesia,300577.3825425264
2017,Iran,2934271.938202676
2017,Iraq,297100.8897770228
2017,Ireland,0.12013760115192425
2017,Israel,94386.47543339156
2017,Italy,283665.2546936278
2017,Jamaica,46.22652394278131
2017,Japan,2650.0200337015067
2017,Jordan,30292.487761733897
2017,Kazakhstan,337461.3979735056
2017,Kenya,5679.022953751132
2017,Kuwait,3453.414598370117
2017,Kyrgyzstan,57258.02452250689
2017,Laos,3842.395783428884
2017,Latvia,0.005977073803568662
2017,Lebanon,45931.52016627171
2017,Liberia,0.01928767928810214
2017,Libya,153557.78478037223
2017,Lithuania,0.48538869791434425
2017,Luxembourg,0.004335337374927794
2017,Macedonia,394.9694837483572
2017,Madagascar,16614.833112955454
2017,Malawi,732.8905617273703
2017,Malaysia,235.47771313642804
2017,Mali,131452.47024181517
2017,Mauritania,28436.23486551571
2017,Mexico,678298.1164905049
2017,Moldova,971.1254648572457
2017,Mongolia,7320.0490673086015
2017,Morocco,488911.82161744253
2017,Mozambique,607.2153336786996
2017,Myanmar,10916.15929337452
2017,Namibia,190.07689456498275
2017,Nepal,104020.00756893116
2017,Netherlands,221.09615019700152
2017,New Zealand,201.28939591061723
2017,Nicaragua,1185.1293139824263
2017,Niger,3369.0683724213504
2017,Nigeria,3713.04311541751
2017,North Korea,8432.95692874214
2017,Norway,18.09064995189049
2017,Oman,20122.459203533603
2017,Pakistan,2498034.2541221404
2017,Panama,39.56472527013049
2017,Paraguay,267.96985661765706
2017,Peru,112866.45867244068
2017,Philippines,20358.60256312166
2017,Poland,47.595903040743984
2017,Portugal,95489.7749840994
2017,Qatar,1477.4207368512043
2017,Rep Congo,15.483461817824793
2017,Rest of Africa,2228.189688341054
2017,Rest of Americas,476.858182384477
2017,Rest of Asia-Pacific,2766.511675220591
2017,Rest of Europe,3222.949877347668
2017,Romania,74740.00390246909
2017,Russia,88761.86162156292
2017,Rwanda,36.217789110272484
2017,Saudi Arabia,213624.3677463941
2017,Senegal,137954.95477871774
2017,Serbia,175.86653607335182
2017,Sierra Leone,5.077030690450993
2017,Slovakia,48.401139893912145
2017,Slovenia,3.347652851441823
2017,Somalia,18636.732158757324
2017,South Africa,55119.63990383243
2017,South Korea,4576.615045684052
2017,South Sudan,22.4833296999524
2017,Spain,902790.1581575307
2017,Sri Lanka,109435.5033010256
2017,Sudan,558037.3543520668
2017,Sweden,30.220762536683647
2017,Switzerland,5.665883243935754
2017,Syria,390518.658056317
2017,Tajikistan,153030.2372153669
2017,Tanzania,1980.7436962163022
2017,Thailand,47704.39955524901
2017,Togo,52.45094844409785
2017,Tunisia,131576.92497590362
2017,Turkey,227843.48765574288
2017,Turkmenistan,634752.229931208
2017,Uganda,84.92115797300211
2017,Ukraine,52198.83193476286
2017,United Arab Emirates,41489.15487243268
2017,United Kingdom,181.9961052370497
2017,United States,2591720.5805294146
2017,Uruguay,846.8490673451837
2017,Uzbekistan,692983.6009161159
2017,Venezuela,15357.351485633568
2017,Viet Nam,193691.78678679487
2017,Yemen,226203.9835344796
2017,Zambia,2663.2771859614563
2017,Zimbabwe,5743.161268000423
2018,Afghanistan,357058.05405463977
2018,Albania,2988.18092028154
2018,Algeria,285442.29576787853
2018,Angola,12803.065128323531
2018,Argentina,44607.78775298156
2018,Armenia,14380.64180319814
2018,Australia,187736.2082989527
2018,Austria,61.00773930914215
2018,Azerbaijan,222603.11960274607
2018,Bahrain,31.20848985606812
2018,Bangladesh,154428.659767292
2018,Belarus,114.21365053539338
2018,Belgium,538.5638660647172
2018,Benin,82.43616153452508
2018,Bhutan,71.579744547045
2018,Bolivia,6383.563558835361
2018,Bosnia and Herzegovina,0.15984943401816507
2018,Botswana,157.55974814338603
2018,Brazil,25441.486721413836
2018,Brunei Darussalam,0.01316898284141115
2018,Bulgaria,4172.212866072691
2018,Burkina Faso,4401.144111849157
2018,Burundi,176.98145283737446
2018,Cambodia,7567.730081010002
2018,Cameroon,405.729457356517
2018,Canada,181826.0885441067
2018,Central African Republic,0.7555184081190661
2018,Chad,1289.8771459115171
2018,Chile,210909.20061756962
2018,China,3901166.90937549
2018,Colombia,784.339051595942
2018,Costa Rica,731.9202969465773
2018,Cote d'Ivoire,223.42445633566163
2018,Croatia,35.96630898426549
2018,Cuba,2809.4468742439094
2018,Cyprus,7341.290611023244
2018,Czech Republic,33.49038524471041
2018,DR Congo,290.5077258580144
2018,Denmark,1188.809363887185
2018,Djibouti,525.4195302528663
2018,Dominican Republic,5447.7291263402285
2018,Ecuador,13214.693073925986
2018,Egypt,4326636.353638794
2018,El Salvador,434.8831717614143
2018,Eritrea,183.6813353731983
2018,Estonia,0.21381745378022807
2018,Ethiopia,8892.246716879257
2018,Finland,361.1999976307152
2018,France,32604.960574832894
2018,Gabon,5.228753459576005
2018,Gambia,1.8050955918395282
2018,Georgia,5231.318736360125
2018,Germany,2125.5817166862166
2018,Ghana,561.3547471458897
2018,Greece,158357.1900965289
2018,Guatemala,911.7374506301036
2018,Guinea,2502.611988454427
2018,Haiti,504.1709869276029
2018,Honduras,389.5558144024483
2018,Hungary,1904.588858533043
2018,India,8278789.205716659
2018,Indonesia,386357.42730364105
2018,Iran,2624400.023138714
2018,Iraq,216405.09267093675
2018,Ireland,1.5815256290356565
2018,Israel,93127.9797139731
2018,Italy,168832.8321328892
2018,Jamaica,56.09302107688305
2018,Japan,3305.7789361453965
2018,Jordan,28881.310297734395
2018,Kazakhstan,383558.21666666225
2018,Kenya,5145.88910632095
2018,Kuwait,3009.2489951871803
2018,Kyrgyzstan,70225.04609086193
2018,Laos,3262.549636603279
2018,Latvia,0.05507639021466495
2018,Lebanon,39679.15426452122
2018,Liberia,0.11080561002265059
2018,Libya,161553.2992065772
2018,Lithuania,3.9154914864692687
2018,Luxembourg,0.007312902659841469
2018,Macedonia,153.12505328275734
2018,Madagascar,19773.815042322312
2018,Malawi,907.1904492802909
2018,Malaysia,248.7696006140175
2018,Mali,150486.38942215074
2018,Mauritania,28753.354386173232
2018,Mexico,694639.209550382
2018,Moldova,556.3325960093634
2018,Mongolia,6782.8225107636035
2018,Morocco,379735.57019417523
2018,Mozambique,740.5655030174477
2018,Myanmar,12232.588757241236
2018,Namibia,193.90063014613378
2018,Nepal,102774.86417992624
2018,Netherlands,1027.2537774841917
2018,New Zealand,164.23958727215748
2018,Nicaragua,1662.4484575139747
2018,Niger,3190.5891413234767
2018,Nigeria,3518.4957468138246
2018,North Korea,4140.096104137278
2018,Norway,168.92940390597457
2018,Oman,20693.004934585475
2018,Pakistan,2600582.4635168714
2018,Panama,36.7997980006894
2018,Paraguay,264.844686581206
2018,Peru,132194.37627715917
2018,Philippines,24602.111103800893
2018,Poland,271.5366731858784
2018,Portugal,63269.24443796853
2018,Qatar,2143.9653953521665
2018,Rep Congo,15.624680441657565
2018,Rest of Africa,2223.7625422960014
2018,Rest of Americas,551.5952302143454
2018,Rest of Asia-Pacific,3214.004352907493
2018,Rest of Europe,2920.9575562981245
2018,Romania,34548.27058743697
2018,Russia,96745.08767841436
2018,Rwanda,30.44945455085048
2018,Saudi Arabia,197482.58515450696
2018,Senegal,142032.30071295734
2018,Serbia,49.93711839272496
2018,Sierra Leone,6.3381873565499305
2018,Slovakia,28.83314217000857
2018,Slovenia,0.6228703295805529
2018,Somalia,17264.526043770486
2018,South Africa,56971.3023262538
2018,South Korea,3861.245882004258
2018,South Sudan,27.927156202951068
2018,Spain,756918.3528027228
2018,Sri Lanka,126650.2301546795
2018,Sudan,662159.9904736872
2018,Sweden,194.33517379043084
2018,Switzerland,19.785955002780714
2018,Syria,300749.5869229614
2018,Tajikistan,176895.21182696588
2018,Tanzania,2238.8571902974513
2018,Thailand,45368.038348717586
2018,Togo,49.26781607757268
2018,Tunisia,110362.5711705929
2018,Turkey,155649.89260697606
2018,Turkmenistan,514438.2773001351
2018,Uganda,84.1012819396825
2018,Ukraine,51524.627688812776
2018,United Arab Emirates,43497.03876154266
2018,United Kingdom,530.819067265294
2018,United States,2840692.926286784
2018,Uruguay,1203.007707499994
2018,Uzbekistan,685239.3043097322
2018,Venezuela,17029.33849392081
2018,Viet Nam,234877.4431212646
2018,Yemen,222938.94155283872
2018,Zambia,2499.2971766050823
2018,Zimbabwe,7689.670822877355
2019,Afghanistan,495870.2672495698
2019,Albania,7920.45138410399
2019,Algeria,327972.5391787862
2019,Angola,9784.817277356065
2019,Argentina,59017.09364013884
2019,Armenia,10843.230671977928
2019,Australia,251201.0228507616
2019,Austria,853.2572980146211
2019,Azerbaijan,171853.04666857203
2019,Bangladesh,146752.17985251965
2019,Belarus,1660.5977242716904
2019,Belgium,315.0880576374843
2019,Benin,643.9277647400323
2019,Bhutan,243.837087536305
2019,Bolivia,9131.067198712095
2019,Bosnia and Herzegovina,85.17550088331535
2019,Botswana,771.1502916049201
2019,Brazil,48000.44323623227
2019,Brunei Darussalam,12.779898920969998
2019,Bulgaria,27069.617697778518
2019,Burkina Faso,7596.070603292388
2019,Burundi,201.65616425703902
2019,Cambodia,18658.04554216912
2019,Cameroon,464.613245296236
2019,Canada,120613.71617033212
2019,Central African Republic,2.7972308564114003
2019,Chad,2119.9117655297
2019,Chile,199757.58830483802
2019,China,4267623.623347775
2019,Colombia,5475.141867475954
2019,Costa Rica,1976.860006209716
2019,Cote d'Ivoire,3471.3821101419403
2019,Croatia,2637.7695067068853
2019,Cuba,6628.063864345399
2019,Cyprus,9603.619654802882
2019,Czech Republic,502.74732095241086
2019,DR Congo,260.20862642514993
2019,Denmark,1445.5379830535228
2019,Djibouti,430.2269761375
2019,Dominican Republic,5063.9788317153725
2019,Ecuador,5602.781475322297
2019,Egypt,4167410.5868810797
2019,El Salvador,573.1791605397104
2019,Eritrea,841.949147747598
2019,Estonia,6.9841499994406995
2019,Ethiopia,10329.739833702852
2019,Finland,643.2314648712219
2019,France,93216.6964953199
2019,Gabon,14.616506250171241
2019,Gambia,226.657642234
2019,Georgia,9620.781491091186
2019,Germany,4554.983110720033
2019,Ghana,2641.169088674686
2019,Greece,201678.94390211927
2019,Guatemala,945.3885143281088
2019,Guinea,4247.859446314133
2019,Haiti,1294.6551563631747
2019,Honduras,2448.8509031766666
2019,Hungary,8074.847911767142
2019,India,7307388.492718588
2019,Indonesia,383845.2832232538
2019,Iran,3208682.048959194
2019,Iraq,525045.2054844659
2019,Ireland,4.162192238591942
2019,Israel,61907.38753707335
2019,Italy,209906.8918848996
2019,Jamaica,131.72288072740798
2019,Japan,5565.024438068193
2019,Jordan,40047.10764457611
2019,Kazakhstan,281260.69961363816
2019,Kenya,7453.642965367105
2019,Kuwait,7889.50313457
2019,Kyrgyzstan,70449.1661506802
2019,Laos,9525.860560320298
2019,Latvia,12.892586130085949
2019,Lebanon,20714.511855195902
2019,Liberia,9.18278376665134
2019,Libya,158802.6580870936
2019,Lithuania,864.5308996624865
2019,Luxembourg,6.465452042982801
2019,Macedonia,2266.050223944408
2019,Madagascar,21382.44258170221
2019,Malawi,497.850286782645
2019,Malaysia,1407.0532508144047
2019,Mali,91938.37457187082
2019,Mauritania,15683.8870898885
2019,Mexico,602119.9300168348
2019,Moldova,3669.3784656464704
2019,Mongolia,7125.125513216585
2019,Morocco,343623.48031685344
2019,Mozambique,1807.1670665607332
2019,Myanmar,43969.71303129987
2019,Namibia,307.9290797082
2019,Nepal,123582.7500868515
2019,Netherlands,1776.1838454024266
2019,New Zealand,2617.751377882656
2019,Nicaragua,2760.2784069035447
2019,Niger,4372.5688186506
2019,Nigeria,17801.917808703107
2019,North Korea,19071.027719568705
2019,Norway,143.18328507334408
2019,Oman,15625.199678287674
2019,Pakistan,2233699.728502483
2019,Panama,1170.5225554784397
2019,Paraguay,495.3501936485301
2019,Peru,104675.22511903127
2019,Philippines,33267.52462419323
2019,Poland,10007.320358020206
2019,Portugal,115085.51692743658
2019,Qatar,2796.5355735125
2019,Rep Congo,18.037061113
2019,Rest of Africa,5137.0173587481695
2019,Rest of Americas,1877.08631252589
2019,Rest of Asia-Pacific,3404.2206439674264
2019,Rest of Europe,9750.027944602736
2019,Romania,87112.69546917328
2019,Russia,138052.89766993525
2019,Rwanda,21.368092579889996
2019,Saudi Arabia,280921.50262963556
2019,Senegal,55597.50992461829
2019,Serbia,2141.2949245098816
2019,Sierra Leone,74.225884106929
2019,Slovakia,1317.612237739989
2019,Slovenia,63.162471541230616
2019,Somalia,18523.140536753075
2019,South Africa,97997.11941424733
2019,South Korea,5334.648847995743
2019,South Sudan,208.65771981400002
2019,Spain,970280.145543469
2019,Sri Lanka,125981.75273205669
2019,Sudan,504590.1946940779
2019,Sweden,511.0238329446797
2019,Switzerland,92.19152353919608
2019,Syria,349523.47224741365
2019,Tajikistan,166470.70728479695
2019,Tanzania,2288.4330768926393
2019,Thailand,64925.857082496885
2019,Togo,629.7159643830386
2019,Tunisia,87727.59198617295
2019,Turkey,182535.96500142675
2019,Turkmenistan,547300.0667907337
2019,Uganda,89.9721197754454
2019,Ukraine,97830.52687202724
2019,United Arab Emirates,41787.57315446293
2019,United Kingdom,526.5140364471997
2019,United States,2592807.1905747433
2019,Uruguay,2833.3268298809185
2019,Uzbekistan,722918.6488430797
2019,Venezuela,20917.33837313215
2019,Viet Nam,289886.584391669
2019,Yemen,199888.7049152555
2019,Zambia,4122.373192495626
2019,Zimbabwe,12492.514095725073
2020,Afghanistan,496210.3482710998
2020,Albania,8071.881393735944
2020,Algeria,328754.6573370418
2020,Angola,10123.820096074527
2020,Argentina,70693.30651204991
2020,Armenia,11335.726903835322
2020,Australia,165460.62685519955
2020,Austria,419.2958982993141
2020,Azerbaijan,171417.07257729582
2020,Bangladesh,154646.316169558
2020,Belarus,1834.6032688509283
2020,Belgium,338.41487437797736
2020,Benin,424.02565029031047
2020,Bhutan,491.04826421972996
2020,Bolivia,9706.212247033072
2020,Bosnia and Herzegovina,87.51273245020077
2020,Botswana,410.93986428605
2020,Brazil,55795.49403363713
2020,Brunei Darussalam,19.061185660122
2020,Bulgaria,31274.762682175664
2020,Burkina Faso,22593.467882913723
2020,Burundi,253.6565874612377
2020,Cambodia,23744.76036676652
2020,Cameroon,657.2128222850831
2020,Canada,142357.33312962105
2020,Central African Republic,4.885027271866
2020,Chad,2520.405663366358
2020,Chile,202571.33188056943
2020,China,4062930.643756237
2020,Colombia,6030.21411074054
2020,Costa Rica,1562.5274877676013
2020,Cote d'Ivoire,3025.04392912139
2020,Croatia,2684.293753246559
2020,Cuba,7216.216737366115
2020,Cyprus,9230.837625382863
2020,Czech Republic,153.92918824425954
2020,DR Congo,400.8263119143709
2020,Denmark,1094.8744270136324
2020,Djibouti,483.78101429628003
2020,Dominican Republic,6385.116005437244
2020,Ecuador,10141.176646411486
2020,Egypt,4259021.556548709
2020,El Salvador,622.7875812001797
2020,Eritrea,1143.023493139662
2020,Estonia,5.28410001551831
2020,Ethiopia,12606.893303952662
2020,Finland,343.43936863640187
2020,France,76767.84699254479
2020,Gabon,54.87970027460539
2020,Gambia,108.98331375500001
2020,Georgia,9754.560967133662
2020,Germany,2976.876266015104
2020,Ghana,2583.6160719038
2020,Greece,178531.08999434765
2020,Guatemala,1230.485674435014
2020,Guinea,6288.370649904263
2020,Haiti,1511.842160178898
2020,Honduras,2139.616227691861
2020,Hungary,7120.417128329188
2020,India,6919998.623472517
2020,Indonesia,242009.51849429583
2020,Iran,3265516.2225051513
2020,Iraq,571568.5095916884
2020,Ireland,30.337385768935388
2020,Israel,57496.10710247375
2020,Italy,204614.15867168122
2020,Jamaica,178.494287954777
2020,Japan,6675.778118684618
2020,Jordan,40497.26674833207
2020,Kazakhstan,274852.01511093194
2020,Kenya,6339.406484056636
2020,Kuwait,7345.339172790001
2020,Kyrgyzstan,66414.92921280931
2020,Laos,10125.7724460036
2020,Latvia,5.835434439602873
2020,Lebanon,20024.62682252756
2020,Liberia,1.8027537559886098
2020,Libya,161660.46052347592
2020,Lithuania,181.06444854818864
2020,Luxembourg,6.0291817383902
2020,Macedonia,1302.9684613238285
2020,Madagascar,24737.667864345145
2020,Malawi,797.5860173890079
2020,Malaysia,1632.0388335933035
2020,Mali,94400.36422424875
2020,Mauritania,15549.2830172719
2020,Mexico,630430.2189160882
2020,Moldova,4163.877712648942
2020,Mongolia,6529.57237396648
2020,Morocco,344080.02981247153
2020,Mozambique,1796.4327361938015
2020,Myanmar,30457.583401284355
2020,Namibia,194.45183330724998
2020,Nepal,100100.20963022212
2020,Netherlands,1211.8789674507686
2020,New Zealand,3281.6548216763613
2020,Nicaragua,2705.9013740451287
2020,Niger,6091.459940632009
2020,Nigeria,30533.20723535089
2020,North Korea,10164.396857100593
2020,Norway,204.03738395775073
2020,Oman,20700.540064218316
2020,Pakistan,2328873.7826544577
2020,Panama,712.8900887178442
2020,Paraguay,281.7604278782265
2020,Peru,109193.16793478765
2020,Philippines,34698.514355630185
2020,Poland,9638.175879317469
2020,Portugal,124962.7186160483
2020,Qatar,3483.976299489231
2020,Rep Congo,29.056776597
2020,Rest of Africa,5321.250082849795
2020,Rest of Americas,1484.7064025303018
2020,Rest of Asia-Pacific,4225.549379542537
2020,Rest of Europe,8902.518816726551
2020,Romania,96556.792501982
2020,Russia,145223.57837349345
2020,Rwanda,18.622342930690003
2020,Saudi Arabia,264471.0331424424
2020,Senegal,51290.961727273796
2020,Serbia,1596.4299653968894
2020,Sierra Leone,75.12407019048229
2020,Slovakia,1356.740762884577
2020,Slovenia,29.797494214353858
2020,Somalia,21959.86700823778
2020,South Africa,69136.27862211927
2020,South Korea,5521.448417024288
2020,South Sudan,352.106812527
2020,Spain,902946.7597668627
2020,Sri Lanka,93676.47877150506
2020,Sudan,523504.8638087046
2020,Sweden,849.1293430179192
2020,Switzerland,105.48505884466972
2020,Syria,366442.20686274965
2020,Tajikistan,169367.853018246
2020,Tanzania,1908.7428851758943
2020,Thailand,88696.48578883822
2020,Togo,1010.4242696030748
2020,Tunisia,90619.05502942688
2020,Turkey,215299.06412013457
2020,Turkmenistan,528636.5950694197
2020,Uganda,48.6081861775646
2020,Ukraine,107031.32047646634
2020,United Arab Emirates,50696.5267259938
2020,United Kingdom,1226.5775178902595
2020,United States,3013037.786141332
2020,Uruguay,9947.430835599143
2020,Uzbekistan,742398.212382449
2020,Venezuela,26362.194914456602
2020,Viet Nam,300837.69636425667
2020,Yemen,233253.4780686028
2020,Zambia,3144.185050388568
2020,Zimbabwe,13846.841953559306
2021,Afghanistan,519577.67039958
2021,Albania,10265.542949905173
2021,Algeria,362992.83119420515
2021,Angola,12502.946337642019
2021,Argentina,73163.64225284885
2021,Armenia,13609.735087394409
2021,Australia,174074.1578457061
2021,Austria,625.5019353242737
2021,Azerbaijan,200118.37805237458
2021,Bangladesh,188217.993483538
2021,Belarus,2296.8796297391523
2021,Belgium,122.5854517570425
2021,Benin,624.0459252370362
2021,Bhutan,289.893434159659
2021,Bolivia,8961.973008701389
2021,Bosnia and Herzegovina,146.25049926626554
2021,Botswana,375.60197217887
2021,Brazil,103882.08249567288
2021,Brunei Darussalam,15.614952328513999
2021,Bulgaria,31433.83969612861
2021,Burkina Faso,28014.715153976635
2021,Burundi,273.624247899037
2021,Cambodia,19650.71848925885
2021,Cameroon,678.2283431529032
2021,Canada,192308.86535531012
2021,Central African Republic,6.22720717312
2021,Chad,3282.722271611676
2021,Chile,172411.1443239626
2021,China,3697366.1218150025
2021,Colombia,3830.7617892023945
2021,Costa Rica,1389.9909872373116
2021,Cote d'Ivoire,2654.624682684508
2021,Croatia,4290.274395836216
2021,Cuba,7529.208855418903
2021,Cyprus,10123.476074009546
2021,Czech Republic,121.9282271913805
2021,DR Congo,430.43716036578763
2021,Denmark,328.7945240590873
2021,Djibouti,759.65699380726
2021,Dominican Republic,6357.664152256351
2021,Ecuador,7287.12735997582
2021,Egypt,4377833.09168402
2021,El Salvador,468.50067566098176
2021,Eritrea,1282.817094529883
2021,Estonia,17.754074500326162
2021,Ethiopia,15599.93480472803
2021,Finland,386.99959401310764
2021,France,36802.95424671584
2021,Gabon,29.518172072882404
2021,Gambia,177.5839649267
2021,Georgia,11567.936804565039
2021,Germany,670.3336884412132
2021,Ghana,2574.0417422393816
2021,Greece,216823.05007371493
2021,Guatemala,719.7743082537123
2021,Guinea,4495.253512954163
2021,Haiti,1463.8296437498602
2021,Honduras,1654.468091016913
2021,Hungary,10314.789847428621
2021,India,7497163.546896243
2021,Indonesia,205168.6787815857
2021,Iran,3324097.6894517136
2021,Iraq,600851.8324114115
2021,Ireland,27.231222796113077
2021,Israel,64475.98668583552
2021,Italy,257407.80246961582
2021,Jamaica,136.2580791184381
2021,Japan,4662.788483617986
2021,Jordan,40695.859632833824
2021,Kazakhstan,315341.1196577531
2021,Kenya,8763.139337978751
2021,Kuwait,8015.116346615299
2021,Kyrgyzstan,80070.98761172674
2021,Laos,6601.034081926605
2021,Latvia,9.042271723745596
2021,Lebanon,21974.225945777223
2021,Liberia,0.24590451192499602
2021,Libya,179298.94488434677
2021,Lithuania,145.34706090461358
2021,Luxembourg,0.5262341835000001
2021,Macedonia,1855.6840450677555
2021,Madagascar,26155.783813406008
2021,Malawi,824.0260497335415
2021,Malaysia,3073.4557290341268
2021,Mali,104929.96853568098
2021,Mauritania,17230.3404206833
2021,Mexico,628927.1053767023
2021,Moldova,1760.4559027178852
2021,Mongolia,6066.278599820127
2021,Morocco,351124.7887322013
2021,Mozambique,1364.1583841116271
2021,Myanmar,27521.91735825664
2021,Namibia,162.84875314064
2021,Nepal,128086.32128445801
2021,Netherlands,442.9938413660298
2021,New Zealand,3112.035608150379
2021,Nicaragua,2070.801123700671
2021,Niger,7576.95881482085
2021,Nigeria,41999.5048259043
2021,North Korea,10164.37003681115
2021,Norway,83.50683974972083
2021,Oman,19767.88757870326
2021,Pakistan,2515253.015613557
2021,Panama,513.8921565771496
2021,Paraguay,505.39418340488095
2021,Peru,109005.19073941949
2021,Philippines,26332.651311725855
2021,Poland,12412.45054773153
2021,Portugal,116032.65711006362
2021,Qatar,3415.49191803486
2021,Rep Congo,27.740908851
2021,Rest of Africa,4317.498212208604
2021,Rest of Americas,878.0016171954101
2021,Rest of Asia-Pacific,5835.201486523361
2021,Rest of Europe,9365.611486278753
2021,Romania,78511.28340543169
2021,Russia,137660.99506309457
2021,Rwanda,25.998327472655998
2021,Saudi Arabia,278260.33787372435
2021,Senegal,55905.53220827707
2021,Serbia,3287.390494391218
2021,Sierra Leone,65.6613816142164
2021,Slovakia,1459.8671373436723
2021,Slovenia,85.32941091232556
2021,Somalia,24152.29948580468
2021,South Africa,59402.69662182328
2021,South Korea,7639.521690047295
2021,South Sudan,346.37530197800004
2021,Spain,861076.5437694321
2021,Sri Lanka,96830.74073457236
2021,Sudan,496290.0069274136
2021,Sweden,195.17701060396934
2021,Switzerland,40.89881927890912
2021,Syria,361217.3550771833
2021,Tajikistan,189750.48994400643
2021,Tanzania,2446.557029060513
2021,Thailand,57859.86088232985
2021,Togo,1875.6492104423432
2021,Tunisia,106277.4794000217
2021,Turkey,243637.66945648022
2021,Turkmenistan,545989.9202590112
2021,Uganda,162.8560964800461
2021,Ukraine,62987.96636567943
2021,United Arab Emirates,46921.222052253535
2021,United Kingdom,340.5587604288915
2021,United States,3136000.3338748883
2021,Uruguay,12572.308254641226
2021,Uzbekistan,829514.7223664477
2021,Venezuela,14764.822312063608
2021,Viet Nam,274126.97975594644
2021,Yemen,233212.00773425147
2021,Zambia,4211.710236213236
2021,Zimbabwe,8996.592255322445
2022,Afghanistan,489087.1969866244
2022,Albania,11355.657713106026
2022,Algeria,384535.91748751287
2022,Angola,14748.097847413055
2022,Argentina,94170.44174919632
2022,Armenia,13566.926657062264
2022,Australia,144100.63273284066
2022,Austria,1464.8243557261646
2022,Azerbaijan,176651.2545741242
2022,Bangladesh,167407.49783594036
2022,Belarus,1117.9406128699436
2022,Belgium,570.1221158947094
2022,Benin,717.317042548051
2022,Bhutan,288.3167252917
2022,Bolivia,14137.695135842667
2022,Bosnia and Herzegovina,309.74090633847106
2022,Botswana,433.064762907118
2022,Brazil,78557.32064854952
2022,Brunei Darussalam,9.133694760230002
2022,Bulgaria,38083.790952183226
2022,Burkina Faso,28582.75612717298
2022,Burundi,256.7730477619424
2022,Cambodia,13855.408098535268
2022,Cameroon,576.9680963283018
2022,Canada,166110.53618837713
2022,Central African Republic,6.230982728675
2022,Chad,2195.937939065533
2022,Chile,184438.6124516371
2022,China,3904982.690837244
2022,Colombia,3669.639861222148
2022,Costa Rica,1512.8389302478513
2022,Cote d'Ivoire,2988.466376428052
2022,Croatia,6590.491678117673
2022,Cuba,8498.134392696313
2022,Cyprus,9634.926869014262
2022,Czech Republic,518.4089747244562
2022,DR Congo,381.1669642332772
2022,Denmark,546.156142476757
2022,Djibouti,617.7669202399001
2022,Dominican Republic,7141.732834076147
2022,Ecuador,9004.837228058435
2022,Egypt,4234779.163213634
2022,El Salvador,655.712865965033
2022,Eritrea,1943.182907481004
2022,Estonia,5.634626126450671
2022,Ethiopia,17086.3735806721
2022,Finland,237.49450044411523
2022,France,253950.55717486222
2022,Gabon,32.64636813054736
2022,Gambia,107.78961593000001
2022,Georgia,11164.89407870786
2022,Germany,5775.771913120142
2022,Ghana,2521.66488892548
2022,Greece,172460.8269692106
2022,Guatemala,751.0910657489297
2022,Guinea,4914.837704995887
2022,Haiti,1563.4064586049396
2022,Honduras,1812.912248264479
2022,Hungary,27667.702141544723
2022,India,7108426.207309744
2022,Indonesia,140811.86601781315
2022,Iran,3309090.7578094453
2022,Iraq,502533.3779500919
2022,Ireland,86.43126752915677
2022,Israel,62090.366150714166
2022,Italy,344255.33725065144
2022,Jamaica,100.48477387131999
2022,Japan,4099.439570130906
2022,Jordan,40011.913273042555
2022,Kazakhstan,303597.9394807077
2022,Kenya,10084.815980830179
2022,Kuwait,6851.634105567101
2022,Kyrgyzstan,79773.87591115416
2022,Laos,5433.141172537239
2022,Latvia,8.288270936991843
2022,Lebanon,21404.650624202375
2022,Liberia,19.890512294886488
2022,Libya,180262.8689212849
2022,Lithuania,164.30482239040893
2022,Luxembourg,15.138169835803998
2022,Macedonia,1576.1558505177368
2022,Madagascar,23573.32885137101
2022,Malawi,846.2005273146274
2022,Malaysia,2155.5616719397985
2022,Mali,98389.07496187405
2022,Mauritania,16337.1320359269
2022,Mexico,699799.8678443959
2022,Moldova,4330.994086839545
2022,Mongolia,6265.740920309383
2022,Morocco,352846.53141026426
2022,Mozambique,1990.0929590287299
2022,Myanmar,25242.40244412497
2022,Namibia,164.32092038045002
2022,Nepal,114975.58158946299
2022,Netherlands,2080.6695518018014
2022,New Zealand,2530.430210568118
2022,Nicaragua,3026.9078881630653
2022,Niger,6299.6587731736
2022,Nigeria,43001.650766520805
2022,North Korea,9812.184129166142
2022,Norway,150.9688055390147
2022,Oman,24313.605612411433
2022,Pakistan,2429640.262430991
2022,Panama,885.9976200358061
2022,Paraguay,1417.8477610681734
2022,Peru,114277.45842093855
2022,Philippines,25666.899968787133
2022,Poland,6195.167981846012
2022,Portugal,154932.0870075187
2022,Qatar,4043.0721170274
2022,Rep Congo,38.49363597999999
2022,Rest of Africa,4889.576573708315
2022,Rest of Americas,1022.016637857672
2022,Rest of Asia-Pacific,2547.130917145274
2022,Rest of Europe,8703.403889515957
2022,Romania,124095.25986632278
2022,Russia,130886.92986542621
2022,Rwanda,25.220198797738
2022,Saudi Arabia,259351.72110076266
2022,Senegal,50397.34019543389
2022,Serbia,4782.775219037501
2022,Sierra Leone,131.66748796101513
2022,Slovakia,4317.001674677604
2022,Slovenia,165.3816850808268
2022,Somalia,22991.147820219034
2022,South Africa,60799.07482051783
2022,South Korea,6826.236823911044
2022,South Sudan,584.32431082
2022,Spain,1135754.3559117436
2022,Sri Lanka,95907.5809351484
2022,Sudan,489085.1462638619
2022,Sweden,203.64145495275343
2022,Switzerland,233.25673371942065
2022,Syria,365912.8916083325
2022,Tajikistan,184680.31725022345
2022,Tanzania,3098.312555692416
2022,Thailand,49598.54072010521
2022,Togo,2146.8539729958907
2022,Tunisia,115093.27829137005
2022,Turkey,210923.56043554712
2022,Turkmenistan,522297.50512535096
2022,Uganda,89.26683216103413
2022,Ukraine,92768.86307199094
2022,United Arab Emirates,52750.24649757484
2022,United Kingdom,4775.6216174656365
2022,United States,3335909.3530695117
2022,Uruguay,18935.767158648774
2022,Uzbekistan,801389.0871555546
2022,Venezuela,17966.62727692553
2022,Viet Nam,246025.25449520544
2022,Yemen,233758.89797334376
2022,Zambia,3669.860855583408
2022,Zimbabwe,10205.815556108597
2023,Afghanistan,533956.5518393795
2023,Albania,10057.821925657416
2023,Algeria,397664.0261019803
2023,Angola,11031.915629079132
2023,Argentina,135734.3756812167
2023,Armenia,13611.011247208871
2023,Australia,204719.3892926397
2023,Austria,1949.7068168677226
2023,Azerbaijan,178177.5409977105
2023,Bangladesh,182319.14643867596
2023,Belarus,1317.2969229648882
2023,Belgium,539.4313740798699
2023,Benin,1271.4524182894518
2023,Bhutan,349.13985955095
2023,Bolivia,18832.96045399222
2023,Bosnia and Herzegovina,87.48006581324485
2023,Botswana,720.452536870605
2023,Brazil,112364.06183766935
2023,Brunei Darussalam,2.187484024432
2023,Bulgaria,45959.74122867309
2023,Burkina Faso,47357.745216281066
2023,Burundi,303.08526772077397
2023,Cambodia,21251.029281007337
2023,Cameroon,966.02990087011
2023,Canada,237835.61887279246
2023,Central African Republic,5.929345628521
2023,Chad,4301.85990861493
2023,Chile,186466.86034052543
2023,China,4252188.7124867765
2023,Colombia,10105.371109893274
2023,Costa Rica,2246.7314901709296
2023,Cote d'Ivoire,4029.0874370297192
2023,Croatia,4025.868726835439
2023,Cuba,16510.73027889504
2023,Cyprus,9327.300603506765
2023,Czech Republic,838.5106271412639
2023,DR Congo,420.0623377010461
2023,Denmark,1228.9667791495742
2023,Djibouti,1219.8302987955
2023,Dominican Republic,7998.77826959559
2023,Ecuador,8747.158453121103
2023,Egypt,4037497.469086727
2023,El Salvador,820.8310361969121
2023,Eritrea,2340.7013007135497
2023,Estonia,36.2479222868904
2023,Ethiopia,18503.73386958716
2023,Finland,1005.9708599839935
2023,France,153460.46102997588
2023,Gabon,67.91191701329801
2023,Gambia,290.30578878000006
2023,Georgia,9257.84737700008
2023,Germany,7131.023110480816
2023,Ghana,3265.5350907384386
2023,Greece,202754.16437521056
2023,Guatemala,1750.1433696250135
2023,Guinea,4992.655788179536
2023,Haiti,2529.3928198027243
2023,Honduras,6058.665855428211
2023,Hungary,13599.30826970521
2023,India,7766574.870681506
2023,Indonesia,295800.59931610234
2023,Iran,3444111.003945495
2023,Iraq,501976.23686642566
2023,Ireland,77.41219360965717
2023,Israel,58070.13653807337
2023,Italy,278396.05842772004
2023,Jamaica,188.10243073108
2023,Japan,8836.634630883053
2023,Jordan,40384.8249482289
2023,Kazakhstan,319595.20363918954
2023,Kenya,11205.235040823009
2023,Kuwait,7911.4022546353
2023,Kyrgyzstan,79714.77528497006
2023,Laos,8418.050057403241
2023,Latvia,33.974976180447825
2023,Lebanon,22989.59248576162
2023,Liberia,9.5243980470795
2023,Libya,165700.62128616482
2023,Lithuania,227.5149108057323
2023,Luxembourg,6.1321487156266
2023,Macedonia,2576.136010621409
2023,Madagascar,21372.26209520983
2023,Malawi,1025.966856740907
2023,Malaysia,1685.3640566521417
2023,Mali,108324.90836180098
2023,Mauritania,21598.33297525425
2023,Mexico,755337.8834517617
2023,Moldova,6205.542886009021
2023,Mongolia,6834.383793060465
2023,Morocco,365396.7694801949
2023,Mozambique,1354.455166819878
2023,Myanmar,33295.91982128314
2023,Namibia,267.546719931
2023,Nepal,130874.58407052359
2023,Netherlands,2698.9317743343577
2023,New Zealand,895.304014769914
2023,Nicaragua,4639.685670712806
2023,Niger,7610.59135579175
2023,Nigeria,77329.89061029119
2023,North Korea,7671.5640380697405
2023,Norway,231.13464800813932
2023,Oman,21293.770814315918
2023,Pakistan,2496816.478833775
2023,Panama,1697.043997391177
2023,Paraguay,550.3161002665568
2023,Peru,112473.57698473438
2023,Philippines,27853.792071943135
2023,Poland,10020.13992164004
2023,Portugal,159407.89049988345
2023,Qatar,5157.1307314931
2023,Rep Congo,61.123138235430005
2023,Rest of Africa,6316.137593376609
2023,Rest of Americas,2817.197483584972
2023,Rest of Asia-Pacific,4103.576341744431
2023,Rest of Europe,9424.297519656424
2023,Romania,140833.5772260454
2023,Russia,166129.63451507362
2023,Rwanda,34.28157342530499
2023,Saudi Arabia,308922.7953001393
2023,Senegal,65303.39366969972
2023,Serbia,2365.595105024786
2023,Sierra Leone,232.75027786709236
2023,Slovakia,1574.7872520470971
2023,Slovenia,84.81266702948146
2023,Somalia,23762.273056587554
2023,South Africa,92978.24284375315
2023,South Korea,5062.71366034168
2023,South Sudan,838.8483370729999
2023,Spain,1114441.1909104942
2023,Sri Lanka,103355.26189989227
2023,Sudan,539291.0025000898
2023,Sweden,478.35724063329695
2023,Switzerland,282.79526626792665
2023,Syria,392005.2810648347
2023,Tajikistan,205637.61389284913
2023,Tanzania,3564.8287103507387
2023,Thailand,75584.09011345055
2023,Togo,5566.291264194727
2023,Tunisia,108155.28547497238
2023,Turkey,239622.8736101678
2023,Turkmenistan,539699.8348357454
2023,Uganda,111.20074397735935
2023,Ukraine,99430.01600186758
2023,United Arab Emirates,49599.42137656567
2023,United Kingdom,3125.775340850518
2023,United States,3015210.3474932746
2023,Uruguay,35851.98394901625
2023,Uzbekistan,883371.7976967901
2023,Venezuela,29634.772406439588
2023,Viet Nam,261445.35645673526
2023,Yemen,266534.5206667017
2023,Zambia,6596.459565391422
2023,Zimbabwe,9796.401740768184
2024,Afghanistan,502411.31408485625
2024,Albania,14417.910944543351
2024,Algeria,410625.5958828623
2024,Angola,21190.586637549295
2024,Argentina,82617.36347037097
2024,Armenia,11986.42274499682
2024,Australia,195792.5948751477
2024,Austria,1424.1420105204816
2024,Azerbaijan,172098.91482447556
2024,Bangladesh,189310.04850136754
2024,Belarus,1951.9712577485636
2024,Belgium,208.04872086431376
2024,Benin,1209.2852115263731
2024,Bhutan,394.28710103651
2024,Bolivia,15476.099500124401
2024,Bosnia and Herzegovina,255.8220988207816
2024,Botswana,1367.92424313946
2024,Brazil,103831.85281322864
2024,Brunei Darussalam,26.684682045196
2024,Bulgaria,55526.05684102537
2024,Burkina Faso,51215.71323766207
2024,Burundi,327.80768501196906
2024,Cambodia,20914.077539274524
2024,Cameroon,766.1325591344824
2024,Canada,173580.8239166084
2024,Central African Republic,22.100458829496
2024,Chad,3200.8786712219103
2024,Chile,183510.76111271064
2024,China,4175417.677677203
2024,Colombia,8644.42476535341
2024,Costa Rica,1836.7615877717192
2024,Cote d'Ivoire,4279.3962449404
2024,Croatia,6863.162587573135
2024,Cuba,10496.145041384627
2024,Cyprus,9907.929543841086
2024,Czech Republic,676.0372223195493
2024,DR Congo,461.5393371833576
2024,Denmark,364.2320372597823
2024,Djibouti,953.410045763
2024,Dominican Republic,4794.5099530328325
2024,Ecuador,10232.571546473706
2024,Egypt,4460343.051563457
2024,El Salvador,825.2075764097726
2024,Eritrea,2027.8496846808337
2024,Estonia,15.8730222268444
2024,Ethiopia,18003.454857499335
2024,Finland,382.12337240673037
2024,France,63866.82672827226
2024,Gabon,78.3881009524688
2024,Gambia,153.67576847
2024,Georgia,7610.702660196586
2024,Germany,1262.0904746394908
2024,Ghana,3748.023275098076
2024,Greece,256090.55298015472
2024,Guatemala,2334.94947696976
2024,Guinea,7135.811764989769
2024,Haiti,1520.4383620711378
2024,Honduras,3708.5255342833493
2024,Hungary,20652.162137273786
2024,India,7603842.037777621
2024,Indonesia,273089.59663261625
2024,Iran,3163471.6862783693
2024,Iraq,520813.9009676617
2024,Ireland,46.09797351600542
2024,Israel,61951.90755593478
2024,Italy,273664.1627968433
2024,Jamaica,136.057221060709
2024,Japan,5943.072742510255
2024,Jordan,43402.4689674578
2024,Kazakhstan,288015.00349866867
2024,Kenya,10368.285607522004
2024,Kuwait,8244.36675622736
2024,Kyrgyzstan,69827.07871142821
2024,Laos,10796.075661759745
2024,Latvia,15.700743874027918
2024,Lebanon,21378.869842512147
2024,Liberia,10.37517257360838
2024,Libya,195566.28997979916
2024,Lithuania,265.0963785726545
2024,Luxembourg,0.36273221974645997
2024,Macedonia,2470.9013225999447
2024,Madagascar,25139.65951023004
2024,Malawi,866.2646406982377
2024,Malaysia,1697.5474556253398
2024,Mali,102433.39999941573
2024,Mauritania,18935.1063728969
2024,Mexico,712527.3389488937
2024,Moldova,4307.47164025989
2024,Mongolia,6909.576710706348
2024,Morocco,368265.3955363878
2024,Mozambique,2310.826091190032
2024,Myanmar,34543.73009249998
2024,Namibia,314.8932244561
2024,Nepal,159506.47867447426
2024,Netherlands,704.2297054092337
2024,New Zealand,2420.12881073679
2024,Nicaragua,3387.7177881688153
2024,Niger,8322.9828826481
2024,Nigeria,80255.64334379141
2024,North Korea,14390.372226049585
2024,Norway,74.64348304505864
2024,Oman,25469.121061821035
2024,Pakistan,2279583.168195428
2024,Panama,1223.2419289313398
2024,Paraguay,509.10004293353995
2024,Peru,115758.49020559192
2024,Philippines,41804.059635664984
2024,Poland,8012.215380351166
2024,Portugal,114598.93925922166
2024,Qatar,4167.7233580373995
2024,Rep Congo,38.45910497
2024,Rest of Africa,6103.1873694062115
2024,Rest of Americas,2023.9135931033854
2024,Rest of Asia-Pacific,3356.9230686853307
2024,Rest of Europe,9824.915160168837
2024,Romania,146024.8789873106
2024,Russia,169540.60341596557
2024,Rwanda,31.06502427937
2024,Saudi Arabia,319750.4928988258
2024,Senegal,56594.115966513236
2024,Serbia,6054.49468105774
2024,Sierra Leone,436.22637586758856
2024,Slovakia,2675.6883193874896
2024,Slovenia,226.98118521843642
2024,Somalia,30455.299199851936
2024,South Africa,95000.14165798013
2024,South Korea,7534.660556365748
2024,South Sudan,631.8779436699999
2024,Spain,1006614.6341833641
2024,Sri Lanka,97996.68201704598
2024,Sudan,532088.7864994208
2024,Sweden,94.52294771381611
2024,Switzerland,149.7754168325957
2024,Syria,364302.4494640813
2024,Tajikistan,173113.39444169847
2024,Tanzania,2873.603057060724
2024,Thailand,82592.40174139911
2024,Togo,6471.54950915753
2024,Tunisia,122918.07252230906
2024,Turkey,261273.8353938995
2024,Turkmenistan,556522.0620124507
2024,Uganda,102.34834352813239
2024,Ukraine,130570.13974152911
2024,United Arab Emirates,58138.860271360965
2024,United Kingdom,572.6550022372677
2024,United States,3277785.0735558034
2024,Uruguay,7370.768927577346
2024,Uzbekistan,810600.7462467824
2024,Venezuela,28944.3098568875
2024,Viet Nam,295348.90093260456
2024,Yemen,269251.3306882602
2024,Zambia,5137.125604138692
2024,Zimbabwe,20004.49084536403
